task_id,source,cluster_id,split,model_id,provider,outcome,detail,solution,duration_ms,input_tokens,output_tokens,cost_usd,turns
BigCodeBench/1039,bigcodebench,4,calibration,google/gemma-4-31b-it,openrouter,fail,"3 failures, 0 errors","    try:
        context = ssl.SSLContext(ssl.PROTOCOL_TLS_SERVER)
        context.load_cert_chain(certfile=cert_file, keyfile=key_file)
        secure_socket = context.wrap_socket(client_socket, server_side=True)
        
        file_path = secure_socket.recv(buffer_size).decode('utf-8').strip()
        if not file_path or not os.path.exists(file_path):
            return 'File not found'
        
        sha256_hash = hashlib.sha256()
        with open(file_path, 'rb') as f:
            while True:
                chunk = f.read(buffer_size)
                if not chunk:
                    break
                sha256_hash.update(chunk)
        return sha256_hash.hexdigest()
    except Exception as e:
        return str(e)",52183,742,2297,0.00084776,1
BigCodeBench/273,bigcodebench,10,calibration,google/gemma-4-31b-it,openrouter,fail,"1 failures, 3 errors","    class RequestHandler(http.server.BaseHTTPRequestHandler):
        def do_POST(self):
            content_type = self.headers.get('Content-Type')
            if content_type != 'application/json':
                self._send_response(400, {'status': 'error', 'message': 'Content-Type header is not application/json'})
                return

            try:
                content_length = int(self.headers.get('Content-Length', 0))
                body = self.rfile.read(content_length)
                data = json.loads(body)
            except (json.JSONDecodeError, ValueError):
                self._send_response(400, {'status': 'error', 'message': 'Invalid JSON'})
                return

            if 'data' not in data:
                self._send_response(400, {'status': 'error', 'message': 'No data key in request'})
                return

            self._send_response(200, SUCCESS_RESPONSE)

        def _send_response(self, status, payload):
            self.send_response(status)
            body = json.dumps(payload).encode('utf-8')
            self.send_header('Content-type', 'application/json')
            self.send_header('Content-Length', str(len(body)))
            self.end_headers()
            self.wfile.write(body)

    return RequestHandler",52919,542,3104,0.00112334,1
BigCodeBench/30,bigcodebench,2,calibration,google/gemma-4-31b-it,openrouter,pass,,"    if not os.path.exists(file_path):
        raise ValueError(""File does not exist"")
    
    try:
        with open(file_path, 'r') as f:
            data = json.load(f)
    except json.JSONDecodeError:
        raise ValueError(""Invalid JSON format"")

    # Validate required fields
    for field in INPUT_JSON.get(""required"", []):
        if field not in data:
            raise ValueError(f""Required attribute '{field}' is missing"")

    # Validate types and email format
    properties = INPUT_JSON.get(""properties"", {})
    for field, rules in properties.items():
        if field in data:
            expected_type = rules.get(""type"")
            if expected_type is not None and not isinstance(data[field], expected_type):
                raise ValueError(f""Type mismatch for attribute '{field}'"")
            
            if field == ""email"" and not re.match(EMAIL_REGEX, str(data[field])):
                raise ValueError(""Invalid email format"")

    # Retrieve specified attribute
    if attribute not in data:
        raise ValueError(f""Attribute '{attribute}' not found in the JSON object"")
        
    return data[attribute]",40248,922,2082,0.00079086,1
BigCodeBench/407,bigcodebench,7,calibration,google/gemma-4-31b-it,openrouter,fail,"0 failures, 4 errors","    wb = load_workbook(excel_file_path, data_only=True)
    sheet = wb.active

    # Determine the output CSV filename based on the provided file_name
    csv_file_name = os.path.splitext(file_name)[0] + '.csv'
    # Construct the full path for the output file
    full_csv_path = os.path.join(csv_file_path, csv_file_name)

    with open(full_csv_path, 'w', newline='', encoding='utf-8') as csv_file:
        writer = csv.writer(csv_file)
        # Iterate through the active sheet and write rows to the CSV
        for row in sheet.iter_rows(values_only=True):
            writer.writerow(row)

    return csv_file_name",83047,713,2324,0.00085433,1
BigCodeBench/440,bigcodebench,7,calibration,google/gemma-4-31b-it,openrouter,fail,"2 failures, 5 errors","    if P.ndim != 2 or T.ndim != 3:
        raise ValueError(""P must be a 2D matrix and T must be a 3D tensor."")
    if P.shape[1] != T.shape[0]:
        raise ValueError(""The number of columns in P must match the first dimension of T."")

    # Perform matrix-tensor multiplication
    # result shape: (m, x, y) where P is (m, n) and T is (n, x, y)
    result = np.tensordot(P, T, axes=1)

    # Flatten the result into a 2D array: (m, x*y)
    result_2d = result.reshape(result.shape[0], -1)

    # Normalize the resulting 2D array using StandardScaler
    scaler = StandardScaler()
    normalized_array = scaler.fit_transform(result_2d)

    # Create DataFrame with columns named feature_0, feature_1, ..., feature_n
    num_features = normalized_array.shape[1]
    column_names = [f'feature_{i}' for i in range(num_features)]
    
    return pd.DataFrame(normalized_array, columns=column_names)",74666,745,4600,0.00163105,1
BigCodeBench/472,bigcodebench,7,calibration,google/gemma-4-31b-it,openrouter,pass,,"    if not isinstance(myList, list) or len(myList) == 0:
        raise ValueError(""myList must be a non-empty list of 2D points."")
    if not isinstance(n_clusters, int) or n_clusters <= 0:
        raise ValueError(""n_clusters must be a positive integer."")
    if n_clusters > len(myList):
        raise ValueError(""n_clusters cannot be greater than the number of points."")

    try:
        kmeans = KMeans(n_clusters=n_clusters, random_state=42, n_init=10)
        labels = kmeans.fit_predict(myList)
        centers = kmeans.cluster_centers_
    except Exception as e:
        raise ValueError(f""An error occurred during KMeans clustering: {e}"")

    fig, ax = plt.subplots()
    
    # Separate x and y coordinates for plotting
    x_coords = [p[0] for p in myList]
    y_coords = [p[1] for p in myList]
    
    ax.scatter(x_coords, y_coords, c=labels)
    ax.scatter(centers[:, 0], centers[:, 1], marker='x', color='red')
    
    return ax",13640,680,1393,0.0005348200000000001,1
BigCodeBench/642,bigcodebench,7,calibration,google/gemma-4-31b-it,openrouter,pass,,"    import os
    file_hashes = {}
    for root, _, files in os.walk(directory):
        for file in files:
            filepath = os.path.join(root, file)
            if re.search(pattern, filepath):
                sha256_hash = hashlib.sha256()
                try:
                    with open(filepath, ""rb"") as f:
                        for byte_block in iter(lambda: f.read(4096), b""""):
                            sha256_hash.update(byte_block)
                    file_hashes[filepath] = sha256_hash.hexdigest()
                except (OSError, IOError):
                    continue
    return file_hashes",46346,694,2174,0.0008016200000000001,1
BigCodeBench/717,bigcodebench,11,calibration,google/gemma-4-31b-it,openrouter,fail,"0 failures, 3 errors","    sys.path.append(path_to_append)
    config = ConfigParser()
    config.read(config_file)
    if not config.has_section('Paths'):
        config.add_section('Paths')
    config.set('Paths', 'path', path_to_append)
    with open(config_file, 'w') as f:
        config.write(f)
    return config, config_file",7020,731,1080,0.00043299000000000007,1
BigCodeBench/901,bigcodebench,7,calibration,google/gemma-4-31b-it,openrouter,pass,,"    if not d:
        return pd.DataFrame(columns=['x', 'y', 'z'])
    
    df = pd.DataFrame(d)
    columns_to_scale = ['x', 'y', 'z']
    scaler = MinMaxScaler()
    
    scaled_values = scaler.fit_transform(df[columns_to_scale])
    return pd.DataFrame(scaled_values, columns=columns_to_scale)",9410,401,1251,0.00048063,1
ds1000:116,ds1000,6,calibration,google/gemma-4-31b-it,openrouter,pass,,df = df.set_index('cat').div(df.set_index('cat').sum()).reset_index(),17256,535,2889,0.00104961,1
ds1000:139,ds1000,13,calibration,google/gemma-4-31b-it,openrouter,pass,,"result = df.query(""Category in @filter_list"")",4856,805,530,0.00025265,1
ds1000:140,ds1000,13,calibration,google/gemma-4-31b-it,openrouter,pass,,"result = df.query(""Category not in @filter_list"")",4888,286,499,0.00022100000000000003,1
ds1000:255,ds1000,6,calibration,google/gemma-4-31b-it,openrouter,pass,,"result = "","".join([str(item) for sublist in df['col1'] for item in sublist[::-1]])",8872,382,1045,0.00040888,1
ds1000:266,ds1000,14,calibration,google/gemma-4-31b-it,openrouter,pass,,result = df.columns[~((df.iloc[0] == df.iloc[8]) | (df.iloc[0].isna() & df.iloc[8].isna()))].tolist(),18798,1194,2949,0.00111012,1
ds1000:344,ds1000,22,calibration,google/gemma-4-31b-it,openrouter,pass,,"result = np.array(list(mystr), dtype=int)",36982,667,566,0.00025247000000000003,1
ds1000:714,ds1000,15,calibration,google/gemma-4-31b-it,openrouter,pass,,"statistic, p_value = stats.ks_2samp(x, y)",3225,544,150,0.00011916000000000002,1
ds1000:788,ds1000,23,calibration,google/gemma-4-31b-it,openrouter,pass,,"def dN1_dt(t, N1):
    return -100 * N1 + np.sin(t)

sol = scipy.integrate.solve_ivp(fun=dN1_dt, t_span=time_span, y0=[N0])
result = sol.y",7934,779,673,0.00029893000000000004,1
ds1000:790,ds1000,23,calibration,google/gemma-4-31b-it,openrouter,fail,assertion:,"def dN1_dt(t, N1):
    return -100 * N1 - np.cos(t)

sol = scipy.integrate.solve_ivp(fun=dN1_dt, t_span=time_span, y0=[N0])
result = sol.y",5128,381,431,0.00020003000000000002,1
ds1000:871,ds1000,15,calibration,google/gemma-4-31b-it,openrouter,pass,,"from sklearn.svm import SVR
model = SVR(kernel='poly', degree=2)
model.fit(X, y)
predict = model.predict(X)",4123,236,203,0.00010946,1
ds1000:902,ds1000,5,calibration,google/gemma-4-31b-it,openrouter,fail,assertion:,"vocab = ['Jscript', '.Net', 'TypeScript', 'SQL', 'NodeJS', 'Angular', 'Mongo', 'CSS', 'Python', 'PHP', 'Photoshop', 'Oracle', 'Linux', 'C++', 'Java', 'TeamCity', 'Frontend', 'Backend', 'Full stack', 'UI Design', 'Web', 'Integration', 'Database design', 'UX']
vectorizer = CountVectorizer(stop_words=""english"", binary=True, lowercase=False, vocabulary={word: i for i, word in enumerate(vocab)})
X = vectorizer.fit_transform(corpus)
feature_names = vectorizer.get_feature_names_out()",9532,777,1717,0.0006729100000000001,1
ds1000:905,ds1000,5,calibration,google/gemma-4-31b-it,openrouter,fail,assertion:,"vocab = ['Jscript','.Net','TypeScript','NodeJS','Angular','Mongo','CSS','Python','PHP','Photoshop','Oracle','Linux','C++',""Java"",'TeamCity','Frontend','Backend','Full stack', 'UI Design', 'Web','Integration','Database design','UX']
vectorizer = CountVectorizer(stop_words=""english"", binary=True, lowercase=False, vocabulary={word: i for i, word in enumerate(vocab)})
feature_names, X = vocab, vectorizer.fit_transform(corpus)",13740,872,2594,0.00098604,1
ds1000:91,ds1000,14,calibration,google/gemma-4-31b-it,openrouter,pass,,"df.index = df.index.set_levels(pd.to_datetime(df.index.levels[1]), level=1)",16414,387,2071,0.0007581700000000001,1
ds1000:933,ds1000,18,calibration,google/gemma-4-31b-it,openrouter,pass,,"for param_group in optim.param_groups:
    param_group['lr'] = 0.001",13285,750,494,0.00023546,1
multi-swe-rl:nektos__act-502,multi-swe-rl,8,calibration,google/gemma-4-31b-it,openrouter,fail,discriminating tests failed,"diff --git a/pkg/runner/expression.go b/pkg/runner/expression.go
index 757587d..8d5ccac 100644
--- a/pkg/runner/expression.go
+++ b/pkg/runner/expression.go
@@ -123,6 +123,9 @@ func (ee *expressionEvaluator) InterpolateWithStringCheck(in string) (string, bo
 // Rewrite tries to transform any javascript property accessor into its bracket notation.
 // For instance, ""object.property"" would become ""object['property']"".
 func (ee *expressionEvaluator) Rewrite(in string) string {
+	if strings.ContainsAny(in, `'""` ) {
+		return in
+	}
 	re := in
 	for {
 		matches := contextPattern.FindStringSubmatch(re)
diff --git a/pkg/runner/expression_test.go b/pkg/runner/expression_test.go
index df0a50b..497fe83 100644
--- a/pkg/runner/expression_test.go
+++ b/pkg/runner/expression_test.go
@@ -268,6 +268,7 @@ func TestRewrite(t *testing.T) {
 		{""ecole['centrale-paris']"", ""ecole['centrale-paris']""},
 		{""ecole.centrale_paris"", ""ecole['centrale_paris']""},
 		{""ecole['centrale_paris']"", ""ecole['centrale_paris']""},
+		{""hashFiles('**/go.sum')"", ""hashFiles('**/go.sum')""},
 	}
 
 	for _, table := range tables {
",195676,31669,11792,0.016913890000000004,14
multi-swe-rl:alacritty__alacritty-2207,multi-swe-rl,5,calibration,google/gemma-4-31b-it,openrouter,error_harness,no discriminating tests matched the expected names (n2p-only — expected unless this is the gold fix),"diff --git a/copypasta/Cargo.toml b/copypasta/Cargo.toml
index 3ad221de..d2e4a5e9 100644
--- a/copypasta/Cargo.toml
+++ b/copypasta/Cargo.toml
@@ -7,6 +7,10 @@ description = ""Forthcoming clipboard library""
 keywords = [""clipboard"", ""copy"", ""paste""]
 
 [dependencies]
+arboard = { version = ""3.0"", optional = true }
+
+[target.'cfg(any(target_os = ""linux"", target_os = ""freebsd"", target_os = ""openbsd""))'.dependencies]
+arboard = ""3.0""
 
 [target.'cfg(target_os = ""macos"")'.dependencies]
 objc = ""0.2""
diff --git a/copypasta/src/lib.rs b/copypasta/src/lib.rs
index d591a04f..bb29a37e 100644
--- a/copypasta/src/lib.rs
+++ b/copypasta/src/lib.rs
@@ -73,9 +73,9 @@ pub trait Store: Load {
 }
 
 #[cfg(any(target_os = ""linux"", target_os = ""freebsd"", target_os = ""openbsd""))]
-mod x11;
+mod linux;
 #[cfg(any(target_os = ""linux"", target_os = ""freebsd"", target_os = ""openbsd""))]
-pub use x11::{Clipboard, Error};
+pub use linux::{Clipboard, Error};
 
 #[cfg(target_os = ""macos"")]
 mod macos;
diff --git a/copypasta/src/linux.rs b/copypasta/src/linux.rs
new file mode 100644
index 00000000..1bd2330a
--- /dev/null
+++ b/copypasta/src/linux.rs
@@ -0,0 +1,38 @@
+//! Linux Clipboard implementation
+use arboard::{Clipboard as ArboardClipboard, Error};
+use super::{Load, Store};
+
+/// The linux clipboard
+pub struct Clipboard(ArboardClipboard);
+
+impl Load for Clipboard {
+    type Err = Error;
+
+    fn new() -> Result<Self, Error> {
+        Ok(Clipboard(ArboardClipboard::new()?))
+    }
+
+    fn load_primary(&self) -> Result<String, Self::Err> {
+        self.0.get_text()
+    }
+
+    fn load_selection(&self) -> Result<String, Self::Err> {
+        self.0.get_text_primary()
+    }
+}
+
+impl Store for Clipboard {
+    fn store_primary<S>(&mut self, contents: S) -> Result<(), Self::Err>
+    where
+        S: Into<String>,
+    {
+        self.0.set_text(contents.into())
+    }
+
+    fn store_selection<S>(&mut self, contents: S) -> Result<(), Self::Err>
+    where
+        S: Into<String> ...[69 more chars]",183681,91144,7675,0.025513260000000003,24
multi-swe-rl:alacritty__alacritty-6186,multi-swe-rl,5,calibration,google/gemma-4-31b-it,openrouter,error_harness,no discriminating tests matched the expected names,"diff --git a/alacritty/src/renderer/text/glyph_cache.rs b/alacritty/src/renderer/text/glyph_cache.rs
index 72415900..96c756a2 100644
--- a/alacritty/src/renderer/text/glyph_cache.rs
+++ b/alacritty/src/renderer/text/glyph_cache.rs
@@ -131,7 +131,13 @@ impl GlyphCache {
             if desc == regular_desc {
                 regular
             } else {
-                rasterizer.load_font(&desc, size).unwrap_or(regular)
+                let res = std::panic::catch_unwind(std::panic::AssertUnwindSafe(|| {
+                    rasterizer.load_font(&desc, size)
+                }));
+                match res {
+                    Ok(Ok(font)) => font,
+                    _ => regular,
+                }
             }
         };
 
@@ -158,18 +164,33 @@ impl GlyphCache {
         description: &FontDesc,
         size: Size,
     ) -> Result<FontKey, crossfont::Error> {
-        match rasterizer.load_font(description, size) {
-            Ok(font) => Ok(font),
-            Err(err) => {
-                error!(""{}"", err);
+        let result = std::panic::catch_unwind(std::panic::AssertUnwindSafe(|| {
+            rasterizer.load_font(description, size)
+        }));
 
+        match result {
+            Ok(Ok(font)) => Ok(font),
+            _ => {
                 let fallback_desc =
                     Self::make_desc(Font::default().normal(), Slant::Normal, Weight::Normal);
-                rasterizer.load_font(&fallback_desc, size)
-            },
+                if description == &fallback_desc {
+                    // Try a different fallback if the default one failed.
+                    let alternative_fallback = FontDesc::new(
+                        ""Courier"".into(),
+                        Style::Description {
+                            slant: Slant::Normal,
+                            weight: Weight::Normal,
+                        },
+                    );
+                    rasterizer.load_font(&alternative_fallback, size)
+             ...[323 more chars]",190106,87370,14128,0.028884420000000008,20
multi-swe-rl:alacritty__alacritty-2120,multi-swe-rl,6,calibration,google/gemma-4-31b-it,openrouter,error_harness,no discriminating tests matched the expected names (n2p-only — expected unless this is the gold fix),"diff --git a/src/grid/row.rs b/src/grid/row.rs
index 72c79b02..d28b8416 100644
--- a/src/grid/row.rs
+++ b/src/grid/row.rs
@@ -52,9 +52,7 @@ impl<T: Copy + Clone> Row<T> {
     }
 
     pub fn grow(&mut self, cols: Column, template: &T) {
-        assert!(self.len() < * cols);
-
-        while self.len() != *cols {
+        while self.len() < *cols {
             self.inner.push(*template);
         }
     }
@@ -74,10 +72,6 @@ impl<T: Copy + Clone> Row<T> {
 #[allow(clippy::len_without_is_empty)]
 impl<T> Row<T> {
     pub fn shrink(&mut self, cols: Column) {
-        while self.len() != *cols {
-            self.inner.pop();
-        }
-
         self.occ = min(self.occ, *cols);
     }
 
",72887,36731,6923,0.01780681,16
multi-swe-rl:tokio-rs__bytes-450,multi-swe-rl,4,calibration,google/gemma-4-31b-it,openrouter,error_harness,pi timed out after 300s,,300196,0,0,0.0,0
multi-swe-rl:checkstyle__checkstyle-9209,multi-swe-rl,16,calibration,google/gemma-4-31b-it,openrouter,fail,tests failed,"diff --git a/src/main/java/com/puppycrawl/tools/checkstyle/meta/JavadocMetadataScraper.java b/src/main/java/com/puppycrawl/tools/checkstyle/meta/JavadocMetadataScraper.java
index a5fd7c7e94..464c514002 100644
--- a/src/main/java/com/puppycrawl/tools/checkstyle/meta/JavadocMetadataScraper.java
+++ b/src/main/java/com/puppycrawl/tools/checkstyle/meta/JavadocMetadataScraper.java
@@ -57,11 +57,11 @@ public class JavadocMetadataScraper extends AbstractJavadocCheck {
     private static final Pattern PROPERTY_TAG = Pattern.compile(""\\s*Property\\s*"");
 
     /** Regular expression for property type location in class-level javadocs. */
-    private static final Pattern TYPE_TAG = Pattern.compile(""\\s.*Type is\\s.*"");
+    private static final Pattern TYPE_TAG = Pattern.compile("".*Type is.*"");
 
     /** Regular expression for property validation type location in class-level javadocs. */
     private static final Pattern VALIDATION_TYPE_TAG =
-            Pattern.compile(""\\s.*Validation type is\\s.*"");
+            Pattern.compile("".*Validation type is.*"");
 
     /** Regular expression for property default value location in class-level javadocs. */
     private static final Pattern DEFAULT_VALUE_TAG = Pattern.compile(""\\s*Default value is:*.*"");
",429283,25945,7514,0.00588181,5
multi-swe-rl:checkstyle__checkstyle-8712,multi-swe-rl,16,calibration,google/gemma-4-31b-it,openrouter,fail,tests failed,"diff --git a/src/main/java/com/puppycrawl/tools/checkstyle/checks/coding/UnnecessaryParenthesesCheck.java b/src/main/java/com/puppycrawl/tools/checkstyle/checks/coding/UnnecessaryParenthesesCheck.java
index c0ebea72c6..f88bd40e19 100644
--- a/src/main/java/com/puppycrawl/tools/checkstyle/checks/coding/UnnecessaryParenthesesCheck.java
+++ b/src/main/java/com/puppycrawl/tools/checkstyle/checks/coding/UnnecessaryParenthesesCheck.java
@@ -215,6 +215,7 @@ public class UnnecessaryParenthesesCheck extends AbstractCheck {
         TokenTypes.NUM_INT,
         TokenTypes.NUM_LONG,
         TokenTypes.STRING_LITERAL,
+        TokenTypes.TEXT_BLOCK_LITERAL_BEGIN,
         TokenTypes.LITERAL_NULL,
         TokenTypes.LITERAL_FALSE,
         TokenTypes.LITERAL_TRUE,
@@ -254,6 +255,7 @@ public class UnnecessaryParenthesesCheck extends AbstractCheck {
             TokenTypes.NUM_INT,
             TokenTypes.NUM_LONG,
             TokenTypes.STRING_LITERAL,
+            TokenTypes.TEXT_BLOCK_LITERAL_BEGIN,
             TokenTypes.LITERAL_NULL,
             TokenTypes.LITERAL_FALSE,
             TokenTypes.LITERAL_TRUE,
@@ -283,6 +285,7 @@ public class UnnecessaryParenthesesCheck extends AbstractCheck {
             TokenTypes.NUM_INT,
             TokenTypes.NUM_LONG,
             TokenTypes.STRING_LITERAL,
+            TokenTypes.TEXT_BLOCK_LITERAL_BEGIN,
             TokenTypes.LITERAL_NULL,
             TokenTypes.LITERAL_FALSE,
             TokenTypes.LITERAL_TRUE,
@@ -328,7 +331,7 @@ public class UnnecessaryParenthesesCheck extends AbstractCheck {
             // A literal (numeric or string) surrounded by parentheses.
             else if (surrounded && isInTokenList(type, LITERALS)) {
                 parentToSkip = ast.getParent();
-                if (type == TokenTypes.STRING_LITERAL) {
+                if (type == TokenTypes.STRING_LITERAL || type == TokenTypes.TEXT_BLOCK_LITERAL_BEGIN) {
                     log(ast, MSG_STRING,
                         chopString(ast.g ...[31 more chars]",336810,157589,6893,0.028270629999999998,12
multi-swe-rl:tj__commander.js-738,multi-swe-rl,21,calibration,google/gemma-4-31b-it,openrouter,pass,,"diff --git a/index.js b/index.js
index cb82f55..cc81bf1 100644
--- a/index.js
+++ b/index.js
@@ -667,6 +667,23 @@ Command.prototype.parseArgs = function(args, unknown) {
   return this;
 };
 
+/**
+ * Return a command matching `arg` if any.
+ *
+ * @param {String} arg
+ * @return {Command}
+ * @api private
+ */
+
+Command.prototype.commandFor = function(arg) {
+  for (var i = 0, len = this.commands.length; i < len; ++i) {
+    var cmd = this.commands[i];
+    if (cmd._name === arg || cmd._alias === arg) {
+      return cmd;
+    }
+  }
+};
+
 /**
  * Return an option matching `arg` if any.
  *
",91074,27160,2190,0.0052049999999999996,8
multi-swe-rl:tj__commander.js-1091,multi-swe-rl,21,calibration,google/gemma-4-31b-it,openrouter,pass,,"diff --git a/index.js b/index.js
index 3efcf38..9162087 100644
--- a/index.js
+++ b/index.js
@@ -356,6 +356,7 @@ Command.prototype.action = function(fn) {
       actionArgs.push(args.slice(expectedArgsCount));
     }
 
+    self._checkForMissingMandatoryOptions();
     fn.apply(self, actionArgs);
   };
   var parent = this.parent || this;
@@ -806,6 +807,7 @@ Command.prototype.parseArgs = function(args, unknown) {
     }
   }
 
+  this._checkForMissingMandatoryOptions();
   return this;
 };
 
@@ -916,8 +918,6 @@ Command.prototype.parseOptions = function(argv) {
     args.push(arg);
   }
 
-  this._checkForMissingMandatoryOptions();
-
   return { args: args, unknown: unknownOptions };
 };
 
diff --git a/repro.js b/repro.js
new file mode 100644
index 0000000..d2048d0
--- /dev/null
+++ b/repro.js
@@ -0,0 +1,13 @@
+const commander = require(""./index.js"");
+const program = new commander.Command();
+
+program
+  .option(""-d, --debug"", ""output extra debugging"")
+  .requiredOption(""-s, --small"", ""small pizza size"")
+  .option(""-p, --pizza-type <type>"", ""flavour of pizza"");
+
+try {
+  program.parse([""node"", ""test.js"", ""-h""]);
+} catch (err) {
+  console.error(err);
+}
diff --git a/repro_action.js b/repro_action.js
new file mode 100644
index 0000000..5e9aaef
--- /dev/null
+++ b/repro_action.js
@@ -0,0 +1,30 @@
+const commander = require(""./index.js"");
+const program = new commander.Command();
+
+program
+  .option(""-d, --debug"", ""output extra debugging"")
+  .requiredOption(""-s, --small"", ""small pizza size"")
+  .option(""-p, --pizza-type <type>"", ""flavour of pizza"")
+  .action((args, cmd) => {
+    console.log(""Action executed!"");
+  });
+
+program.exitOverride((err) => {
+  console.log(""Caught error: "" + err.message);
+  throw err;
+});
+
+console.log(""Case 1: missing mandatory option, no help"");
+try {
+  program.parse([""node"", ""test.js""]);
+} catch (e) {}
+
+console.log(""\nCase 2: missing mandatory option, help requested"");
+try {
+  program.parse([""node"", ""test.js"", ""-h""]); ...[1722 more chars]",218231,162912,8607,0.028769259999999998,21
multi-swe-rl:vuejs__core-9824,multi-swe-rl,6,calibration,google/gemma-4-31b-it,openrouter,fail,tests failed,"diff --git a/packages/runtime-dom/src/helpers/useCssVars.ts b/packages/runtime-dom/src/helpers/useCssVars.ts
index e0a95c9ca..1d7881b0d 100644
--- a/packages/runtime-dom/src/helpers/useCssVars.ts
+++ b/packages/runtime-dom/src/helpers/useCssVars.ts
@@ -40,9 +40,24 @@ export function useCssVars(getter: (ctx: any) => Record<string, string>) {
   watchPostEffect(setVars)
 
   onMounted(() => {
+    const rootEl = instance.subTree.el
+    if (!rootEl) return
+
     const ob = new MutationObserver(setVars)
-    ob.observe(instance.subTree.el!.parentNode, { childList: true })
-    onUnmounted(() => ob.disconnect())
+    if (rootEl.parentNode) {
+      ob.observe(rootEl.parentNode, { childList: true })
+    }
+
+    const styleOb = new MutationObserver(setVars)
+    styleOb.observe(rootEl, {
+      attributes: true,
+      subtree: true,
+      attributeFilter: ['style'],
+    })
+    onUnmounted(() => {
+      ob.disconnect()
+      styleOb.disconnect()
+    })
   })
 }
 
@@ -80,7 +95,10 @@ function setVarsOnNode(el: Node, vars: Record<string, string>) {
   if (el.nodeType === 1) {
     const style = (el as HTMLElement).style
     for (const key in vars) {
-      style.setProperty(`--${key}`, vars[key])
+      const val = vars[key]
+      if (style.getPropertyValue(`--${key}`) !== val) {
+        style.setProperty(`--${key}`, val)
+      }
     }
   }
 }
",348222,26046,11043,0.0076539600000000005,9
multi-swe-rl:vuejs__core-10912,multi-swe-rl,18,calibration,google/gemma-4-31b-it,openrouter,fail,tests failed,"diff --git a/packages/runtime-core/src/components/Suspense.ts b/packages/runtime-core/src/components/Suspense.ts
index 5914e891c..866ce298c 100644
--- a/packages/runtime-core/src/components/Suspense.ts
+++ b/packages/runtime-core/src/components/Suspense.ts
@@ -276,7 +276,11 @@ function patchSuspense(
     } else {
       // toggled before pending tree is resolved
       // increment pending ID. this is used to invalidate async callbacks
-      suspense.pendingId = suspenseId++
+      if (newBranch.shapeFlag & ShapeFlags.COMPONENT_KEPT_ALIVE && newBranch.component) {
+        suspense.pendingId = newBranch.component.suspenseId!
+      } else {
+        suspense.pendingId = suspenseId++
+      }
       if (isHydrating) {
         // if toggled before hydration is finished, the current DOM tree is
         // no longer valid. set it as the active branch so it will be unmounted
",319608,50079,10869,0.01046177,8
multi-swe-rl:vuejs__core-11772,multi-swe-rl,20,calibration,google/gemma-4-31b-it,openrouter,fail,tests failed,"diff --git a/packages/runtime-core/src/hydration.ts b/packages/runtime-core/src/hydration.ts
index 8060f9475..cedf06168 100644
--- a/packages/runtime-core/src/hydration.ts
+++ b/packages/runtime-core/src/hydration.ts
@@ -549,7 +549,7 @@ export function createHydrationFunctions(
         : (children[i] = normalizeVNode(children[i]))
       const isText = vnode.type === Text
       if (node) {
-        if (isText && !optimized) {
+        if (isText) {
           // #7285 possible consecutive text vnodes from manual render fns or
           // JSX-compiled fns, but on the client the browser parses only 1 text
           // node.
@@ -560,12 +560,12 @@ export function createHydrationFunctions(
             // adopt
             insert(
               createText(
-                (node as Text).data.slice((vnode.children as string).length),
+                (node as Text).data.slice(String(vnode.children).length),
               ),
               container,
               nextSibling(node),
             )
-            ;(node as Text).data = vnode.children as string
+            ;(node as Text).data = String(vnode.children)
           }
         }
         node = hydrateNode(
",129486,62376,8639,0.0114087,7
multi-swe-rl:vuejs__core-12069,multi-swe-rl,22,calibration,google/gemma-4-31b-it,openrouter,fail,tests failed,"diff --git a/packages/runtime-core/src/helpers/renderSlot.ts b/packages/runtime-core/src/helpers/renderSlot.ts
index 2cb266ef1..94bd3575d 100644
--- a/packages/runtime-core/src/helpers/renderSlot.ts
+++ b/packages/runtime-core/src/helpers/renderSlot.ts
@@ -72,17 +72,15 @@ export function renderSlot(
   }
   openBlock()
   const validSlotContent = slot && ensureValidVNode(slot(props))
+  const baseKey = props.key || (validSlotContent && (validSlotContent as any).key) || `_${name}`
+  const suffix = !validSlotContent && fallback ? '_fb' : ''
+  const slotKey = typeof baseKey === 'symbol'
+    ? suffix ? Symbol(`${String(baseKey)}${suffix}`) : baseKey
+    : baseKey + suffix
   const rendered = createBlock(
     Fragment,
     {
-      key:
-        (props.key ||
-          // slot content array of a dynamic conditional slot may have a branch
-          // key attached in the `createSlots` helper, respect that
-          (validSlotContent && (validSlotContent as any).key) ||
-          `_${name}`) +
-        // #7256 force differentiate fallback content from actual content
-        (!validSlotContent && fallback ? '_fb' : ''),
+      key: slotKey,
     },
     validSlotContent || (fallback ? fallback() : []),
     validSlotContent && (slots as RawSlots)._ === SlotFlags.STABLE
",246649,41891,6742,0.013414470000000001,17
multi-swe-rl:iamkun__dayjs-769,multi-swe-rl,23,calibration,google/gemma-4-31b-it,openrouter,error_harness,pi timed out after 300s,,304068,0,0,0.0,0
multi-swe-rl:labstack__echo-1813,multi-swe-rl,10,calibration,google/gemma-4-31b-it,openrouter,pass,,"diff --git a/middleware/redirect.go b/middleware/redirect.go
index 813e5b8..5423df7 100644
--- a/middleware/redirect.go
+++ b/middleware/redirect.go
@@ -2,6 +2,7 @@ package middleware
 
 import (
 	""net/http""
+	""strings""
 
 	""github.com/labstack/echo/v4""
 )
@@ -60,7 +61,7 @@ func HTTPSWWWRedirect() echo.MiddlewareFunc {
 // See `HTTPSWWWRedirect()`.
 func HTTPSWWWRedirectWithConfig(config RedirectConfig) echo.MiddlewareFunc {
 	return redirect(config, func(scheme, host, uri string) (ok bool, url string) {
-		if ok = scheme != ""https"" && host[:4] != www; ok {
+		if ok = scheme != ""https"" && !strings.HasPrefix(host, www); ok {
 			url = ""https://www."" + host + uri
 		}
 		return
@@ -80,7 +81,7 @@ func HTTPSNonWWWRedirect() echo.MiddlewareFunc {
 func HTTPSNonWWWRedirectWithConfig(config RedirectConfig) echo.MiddlewareFunc {
 	return redirect(config, func(scheme, host, uri string) (ok bool, url string) {
 		if ok = scheme != ""https""; ok {
-			if host[:4] == www {
+			if strings.HasPrefix(host, www) {
 				host = host[4:]
 			}
 			url = ""https://"" + host + uri
@@ -101,7 +102,7 @@ func WWWRedirect() echo.MiddlewareFunc {
 // See `WWWRedirect()`.
 func WWWRedirectWithConfig(config RedirectConfig) echo.MiddlewareFunc {
 	return redirect(config, func(scheme, host, uri string) (ok bool, url string) {
-		if ok = host[:4] != www; ok {
+		if ok = !strings.HasPrefix(host, www); ok {
 			url = scheme + ""://www."" + host + uri
 		}
 		return
@@ -120,7 +121,7 @@ func NonWWWRedirect() echo.MiddlewareFunc {
 // See `NonWWWRedirect()`.
 func NonWWWRedirectWithConfig(config RedirectConfig) echo.MiddlewareFunc {
 	return redirect(config, func(scheme, host, uri string) (ok bool, url string) {
-		if ok = host[:4] == www; ok {
+		if ok = strings.HasPrefix(host, www); ok {
 			url = scheme + ""://"" + host[4:] + uri
 		}
 		return
",180918,41218,2510,0.00456302,9
multi-swe-rl:fish-shell__fish-shell-10365,multi-swe-rl,4,calibration,google/gemma-4-31b-it,openrouter,error_harness,no discriminating tests matched the expected names (n2p-only — expected unless this is the gold fix),"diff --git a/src/builtins/test.rs b/src/builtins/test.rs
index f180ca58b..ae8a35bc4 100644
--- a/src/builtins/test.rs
+++ b/src/builtins/test.rs
@@ -179,7 +179,7 @@ mod test_expressions {
         }
     }
 
-    fn token_for_string(str: &wstr) -> Token {
+    pub(super) fn token_for_string(str: &wstr) -> Token {
         TOKEN_INFOS.get(str).copied().unwrap_or(Token::Unknown)
     }
 
@@ -1023,6 +1023,12 @@ pub fn test(parser: &Parser, streams: &mut IoStreams, argv: &mut [&wstr]) -> Opt
         return STATUS_INVALID_ARGS; // Per 1003.1, exit false.
     } else if argc == 1 {
         // Per 1003.1, exit true if the arg is non-empty.
+        let tok = test_expressions::token_for_string(&args[0]);
+        if let test_expressions::Token::Unary(token) = tok {
+            if !matches!(token, test_expressions::UnaryToken::String(test_expressions::StringPredicate::z)) {
+                return STATUS_CMD_ERROR;
+            }
+        }
         return if args[0].is_empty() {
             STATUS_CMD_ERROR
         } else {
",216354,42674,10177,0.00840964,6
multi-swe-rl:gohugoio__hugo-5690,multi-swe-rl,1,calibration,google/gemma-4-31b-it,openrouter,fail,discriminating tests failed,"diff --git a/helpers/content_renderer.go b/helpers/content_renderer.go
index dc22cb6f4..133976a44 100644
--- a/helpers/content_renderer.go
+++ b/helpers/content_renderer.go
@@ -99,9 +99,21 @@ type HugoMmarkHTMLRenderer struct {
 // Pygments is used if it is setup to handle code fences.
 func (r *HugoMmarkHTMLRenderer) BlockCode(out *bytes.Buffer, text []byte, lang string, caption []byte, subfigure bool, callouts bool) {
 	if r.Cfg.GetBool(""pygmentsCodeFences"") && (lang != """" || r.Cfg.GetBool(""pygmentsCodeFencesGuessSyntax"")) {
+		opts := r.Cfg.GetString(""pygmentsOptions"")
 		str := strings.Trim(string(text), ""\n\r"")
-		highlighted, _ := r.cs.Highlight(str, lang, """")
-		out.WriteString(highlighted)
+		highlighted, _ := r.cs.Highlight(str, lang, opts)
+
+		tmp := &bytes.Buffer{}
+		r.Renderer.BlockCode(tmp, text, lang, caption, subfigure, callouts)
+		res := tmp.String()
+		lastPreEnd := strings.LastIndex(res, ""</pre>"")
+		if lastPreEnd != -1 {
+			out.WriteString(highlighted)
+			out.WriteString(res[lastPreEnd+6:])
+		} else {
+			out.WriteString(highlighted)
+			out.WriteString(res)
+		}
 	} else {
 		r.Renderer.BlockCode(out, text, lang, caption, subfigure, callouts)
 	}
",297342,49525,9394,0.013160010000000001,10
multi-swe-rl:gohugoio__hugo-10693,multi-swe-rl,1,calibration,google/gemma-4-31b-it,openrouter,pass,,"diff --git a/markup/highlight/config.go b/markup/highlight/config.go
index 9013dd072..0d3489a14 100644
--- a/markup/highlight/config.go
+++ b/markup/highlight/config.go
@@ -216,6 +216,18 @@ func normalizeHighlightOptions(m map[string]any) {
 		return
 	}
 
+	normalized := make(map[string]any, len(m))
+	for k, v := range m {
+		normalized[strings.ToLower(k)] = v
+	}
+
+	for k := range m {
+		delete(m, k)
+	}
+	for k, v := range normalized {
+		m[k] = v
+	}
+
 	baseLineNumber := 1
 	if v, ok := m[linosStartKey]; ok {
 		baseLineNumber = cast.ToInt(v)
",562333,36762,10389,0.00723764,6
multi-swe-rl:gohugoio__hugo-5252,multi-swe-rl,3,calibration,google/gemma-4-31b-it,openrouter,error_harness,no discriminating tests matched the expected names (n2p-only — expected unless this is the gold fix),"diff --git a/hugolib/site_sections.go b/hugolib/site_sections.go
index d27b31614..9a8d75562 100644
--- a/hugolib/site_sections.go
+++ b/hugolib/site_sections.go
@@ -330,11 +330,11 @@ func (s *Site) assembleSections() Pages {
 		}
 
 		for i, p := range sect.Pages {
-			if i > 0 {
-				p.NextInSection = sect.Pages[i-1]
-			}
 			if i < len(sect.Pages)-1 {
-				p.PrevInSection = sect.Pages[i+1]
+				p.NextInSection = sect.Pages[i+1]
+			}
+			if i > 0 {
+				p.PrevInSection = sect.Pages[i-1]
 			}
 		}
 
",124714,81863,5043,0.011954290000000003,8
multi-swe-rl:gohugoio__hugo-11548,multi-swe-rl,3,calibration,google/gemma-4-31b-it,openrouter,pass,,"diff --git a/hugolib/page__meta.go b/hugolib/page__meta.go
index 3781a847a..c7ebff0c7 100644
--- a/hugolib/page__meta.go
+++ b/hugolib/page__meta.go
@@ -691,7 +691,7 @@ func (p *pageMeta) applyDefaultValues(n *contentNode) error {
 				sectionName = p.sections[0]
 			}
 
-			sectionName = helpers.FirstUpper(sectionName)
+			sectionName = p.s.conf.C.CreateTitle(sectionName)
 			if p.s.conf.PluralizeListTitles {
 				p.title = flect.Pluralize(sectionName)
 			} else {
",452643,22651,6013,0.009625410000000001,9
multi-swe-rl:gohugoio__hugo-10557,multi-swe-rl,8,calibration,google/gemma-4-31b-it,openrouter,fail,discriminating tests failed,"diff --git a/commands/hugo.go b/commands/hugo.go
index e247fca27..e2c741afb 100644
--- a/commands/hugo.go
+++ b/commands/hugo.go
@@ -16,6 +16,7 @@
 package commands
 
 import (
+	""bufio""
 	""context""
 	""fmt""
 	""io/ioutil""
@@ -693,6 +694,28 @@ func (c *commandeer) timeTrack(start time.Time, name string) {
 	c.logger.Printf(""%s in %v ms"", name, int(1000*elapsed.Seconds()))
 }
 
+// parseGoWork reads the go.work file and extracts the directories listed in ""use"" directives.
+func parseGoWork(path string, fs afero.Fs) ([]string, error) {
+	var dirs []string
+	f, err := fs.Open(path)
+	if err != nil {
+		return nil, err
+	}
+	defer f.Close()
+
+	scanner := bufio.NewScanner(f)
+	for scanner.Scan() {
+		line := strings.TrimSpace(scanner.Text())
+		if strings.HasPrefix(line, ""use "") {
+			dir := strings.TrimSpace(strings.TrimPrefix(line, ""use ""))
+			// go.work paths are relative to the go.work file
+			absDir := filepath.Join(filepath.Dir(path), dir)
+			dirs = append(dirs, absDir)
+		}
+	}
+	return dirs, scanner.Err()
+}
+
 // getDirList provides NewWatcher() with a list of directories to watch for changes.
 func (c *commandeer) getDirList() ([]string, error) {
 	var filenames []string
@@ -728,6 +751,26 @@ func (c *commandeer) getDirList() ([]string, error) {
 		}
 	}
 
+	// Also watch directories from go.work if it exists.
+	workspace := c.Cfg.GetString(""module.workspace"")
+	workingDir := c.Cfg.GetString(""workingDir"")
+	if workspace == """" {
+		workspace = filepath.Join(workingDir, ""go.work"")
+	} else if !filepath.IsAbs(workspace) {
+		workspace = filepath.Join(workingDir, workspace)
+	}
+
+	if workspace != """" {
+		if _, err := c.Fs.Source.Stat(workspace); err == nil {
+			workDirs, err := parseGoWork(workspace, c.Fs.Source)
+			if err == nil {
+				filenames = append(filenames, workDirs...)
+			} else {
+				c.logger.Errorln(""failed to parse go.work:"", err)
+			}
+		}
+	}
+
 	filenames = helpers.UniqueStringsSorted(filenames)
 
 	return filenames, nil
diff --git a/modules/ ...[1071 more chars]",499121,180110,7343,0.031638120000000006,18
multi-swe-rl:gohugoio__hugo-7510,multi-swe-rl,9,calibration,google/gemma-4-31b-it,openrouter,pass,,"diff --git a/publisher/htmlElementsCollector.go b/publisher/htmlElementsCollector.go
index 7bb2ebf15..9f66b4e42 100644
--- a/publisher/htmlElementsCollector.go
+++ b/publisher/htmlElementsCollector.go
@@ -258,6 +258,9 @@ func parseHTMLElement(elStr string) (el htmlElement) {
 							val = jsonAttrRe.ReplaceAllString(val, ""$1"")
 							el.Classes = append(el.Classes, strings.Fields(val)...)
 
+						} else if strings.Contains(key, ""transition"") {
+							// This looks like a Vue or AlpineJS transition binding.
+							el.Classes = append(el.Classes, strings.Fields(val)...)
 						}
 					}
 				}
diff --git a/publisher/htmlElementsCollector_test.go b/publisher/htmlElementsCollector_test.go
index e255a7354..6a6d867f3 100644
--- a/publisher/htmlElementsCollector_test.go
+++ b/publisher/htmlElementsCollector_test.go
@@ -86,6 +86,7 @@ func TestClassCollector(t *testing.T) {
                 }"" class=""block w-36 cursor-pointer pr-3 no-underline capitalize""></a>`, f(""a"", ""block capitalize cursor-pointer no-underline pl-2 pl-3 pr-3 text-a text-b text-gray-600 w-36"", """")},
 
 		{""Vue bind"", `<div v-bind:class=""{ active: isActive }""></div>`, f(""div"", ""active"", """")},
+		{""Alpine transition"", `<div x-transition:enter=""transition ease-out duration-300""></div>`, f(""div"", ""duration-300 ease-out transition"", """")},
 	} {
 		c.Run(test.name, func(c *qt.C) {
 			w := newHTMLElementsCollectorWriter(newHTMLElementsCollector())
",168417,32001,4586,0.00902813,13
multi-swe-rl:gohugoio__hugo-9059,multi-swe-rl,11,calibration,google/gemma-4-31b-it,openrouter,error_harness,pi timed out after 300s,,301051,0,0,0.0,0
multi-swe-rl:gohugoio__hugo-9748,multi-swe-rl,12,calibration,google/gemma-4-31b-it,openrouter,error_harness,no discriminating tests matched the expected names,"diff --git a/resources/page/pagegroup.go b/resources/page/pagegroup.go
index 18c98e70e..ab7ef772a 100644
--- a/resources/page/pagegroup.go
+++ b/resources/page/pagegroup.go
@@ -25,7 +25,9 @@ import (
 
 	""github.com/gohugoio/hugo/common/collections""
 	""github.com/gohugoio/hugo/common/hreflect""
+	""github.com/gohugoio/hugo/common/htime""
 	""github.com/gohugoio/hugo/compare""
+	""github.com/gohugoio/hugo/langs""
 
 	""github.com/gohugoio/hugo/resources/resource""
 )
@@ -260,7 +262,7 @@ func (p Pages) GroupByDate(format string, order ...string) (PagesGroup, error) {
 		return p.ByDate()
 	}
 	formatter := func(p Page) string {
-		return p.Date().Format(format)
+		return htime.NewTimeFormatter(langs.GetTranslator(p.Language())).Format(p.Date(), format)
 	}
 	return p.groupByDateField(sorter, formatter, order...)
 }
@@ -274,7 +276,7 @@ func (p Pages) GroupByPublishDate(format string, order ...string) (PagesGroup, e
 		return p.ByPublishDate()
 	}
 	formatter := func(p Page) string {
-		return p.PublishDate().Format(format)
+		return htime.NewTimeFormatter(langs.GetTranslator(p.Language())).Format(p.PublishDate(), format)
 	}
 	return p.groupByDateField(sorter, formatter, order...)
 }
@@ -288,7 +290,7 @@ func (p Pages) GroupByExpiryDate(format string, order ...string) (PagesGroup, er
 		return p.ByExpiryDate()
 	}
 	formatter := func(p Page) string {
-		return p.ExpiryDate().Format(format)
+		return htime.NewTimeFormatter(langs.GetTranslator(p.Language())).Format(p.ExpiryDate(), format)
 	}
 	return p.groupByDateField(sorter, formatter, order...)
 }
@@ -302,7 +304,7 @@ func (p Pages) GroupByLastmod(format string, order ...string) (PagesGroup, error
 		return p.ByLastmod()
 	}
 	formatter := func(p Page) string {
-		return p.Lastmod().Format(format)
+		return htime.NewTimeFormatter(langs.GetTranslator(p.Language())).Format(p.Lastmod(), format)
 	}
 	return p.groupByDateField(sorter, formatter, order...)
 }
@@ -341,7 +343,7 @@ func (p Pages) GroupByParamDate(key string, format str ...[271 more chars]",313774,65865,4151,0.012196789999999999,15
multi-swe-rl:gohugoio__hugo-8584,multi-swe-rl,15,calibration,google/gemma-4-31b-it,openrouter,error_harness,"402: {""message"":""This request would exceed your available credits given your current in-flight requests. Retry after in-flight requests settle, or add credits."",""code"":402,""metadata"":{""reason"":""in_flight_budget_exhausted"",""limit_source"":""openrouter_in_flight_budget"",""remedy_hint"":""Retry after your in-flight requests settle (see the Retry-After header). Adding credits at https://openrouter.ai/settings/credits raises your in-flight budget, up to a capped ceiling."",""headers"":{""Retry-After"":""120""},""provider_name"":null}}","{""type"":""session"",""version"":3,""id"":""01a0b5f0-7f86-7838-82ee-bfea839818a3"",""timestamp"":""2026-09-18T19:13:52.518Z"",""cwd"":""/private/var/folders/nw/6_9204g535s835kn__nfthxh0000gn/T/router-repo-context-g2vdsb4v""}
{""type"":""agent_start""}
{""type"":""turn_start""}
{""type"":""message_start"",""message"":{""role"":""user"",""content"":[{""type"":""text"",""text"":""Add math.Max and math.Min\n\n<https://golang.org/pkg/math/#Max>\r\n<https://golang.org/pkg/math/#Min>\r\n\r\nPR to follow...\n\nThe repository is checked out in your current working directory, at the state before this issue was fixed. Use your available tools to explore the codebase, understand the issue, and make the necessary changes directly using your edit/write tools — actually modify the files; do not just describe or show the fix in your response. Your final message does not need to include any code or diff — the changes you make to the files are the submission. Keep your change as small and targeted as possible — modify only what's strictly necessary to fix the described issue; do not update changelogs, CI configuration, documentation, test files, or unrelated code as part of this fix.""}],""timestamp"":1789758832572}}
{""type"":""message_end"",""message"":{""role"":""user"",""content"":[{""type"":""text"",""text"":""Add math.Max and math.Min\n\n<https://golang.org/pkg/math/#Max>\r\n<https://golang.org/pkg/math/#Min>\r\n\r\nPR to follow...\n\nThe repository is checked out in your current working directory, at the state before this issue was fixed. Use your available tools to explore the codebase, understand the issue, and make the necessary changes directly using your edit/write tools — actually modify the files; do not just describe or show the fix in your response. Your final message does not need to include any code or diff — the changes you make to the files are the submission. Keep your change as small and targeted as possible — modify only what's strictly necessary to fix the described issue; do not update changelogs, CI configuration, document ...[1396640 more chars]",84076,0,0,0.0,0
multi-swe-rl:gohugoio__hugo-12343,multi-swe-rl,17,calibration,google/gemma-4-31b-it,openrouter,error_harness,"402: {""message"":""This request would exceed your available credits given your current in-flight requests. Retry after in-flight requests settle, or add credits."",""code"":402,""metadata"":{""reason"":""in_flight_budget_exhausted"",""limit_source"":""openrouter_in_flight_budget"",""remedy_hint"":""Retry after your in-flight requests settle (see the Retry-After header). Adding credits at https://openrouter.ai/settings/credits raises your in-flight budget, up to a capped ceiling."",""headers"":{""Retry-After"":""120""},""provider_name"":null}}","{""type"":""session"",""version"":3,""id"":""01a0b5f1-c5cf-77b0-a6b8-745d829373b0"",""timestamp"":""2026-09-18T19:15:16.047Z"",""cwd"":""/private/var/folders/nw/6_9204g535s835kn__nfthxh0000gn/T/router-repo-context-z34cfpen""}
{""type"":""agent_start""}
{""type"":""turn_start""}
{""type"":""message_start"",""message"":{""role"":""user"",""content"":[{""type"":""text"",""text"":""`#` in links causes them to be truncated\n\nIf the generated link for a resource contains a '#', the link gets truncated.\r\n\r\nGiven a content file, `content/posts/hash-in-title.md`:\r\n\r\n```yaml\r\n---\r\ntitle: 'Newsletter #4'\r\ndate: 2024-04-04T12:27:52-07:00\r\n---\r\nFoo\r\n```\r\n\r\nAnd a permalinks config in your site config:\r\n```yaml\r\npermalinks:\r\n  posts: \""/posts/:year/:month/:slug/\""\r\n```\r\n\r\nYou'll wind up with a `public/posts/2024/04/newsletter-#4/index.html`, but `.RelPermaLink` for that page resolves to `/posts/2024/04/newsletter-`, i.e. a broken link.\n\nThe repository is checked out in your current working directory, at the state before this issue was fixed. Use your available tools to explore the codebase, understand the issue, and make the necessary changes directly using your edit/write tools — actually modify the files; do not just describe or show the fix in your response. Your final message does not need to include any code or diff — the changes you make to the files are the submission. Keep your change as small and targeted as possible — modify only what's strictly necessary to fix the described issue; do not update changelogs, CI configuration, documentation, test files, or unrelated code as part of this fix.""}],""timestamp"":1789758916094}}
{""type"":""message_end"",""message"":{""role"":""user"",""content"":[{""type"":""text"",""text"":""`#` in links causes them to be truncated\n\nIf the generated link for a resource contains a '#', the link gets truncated.\r\n\r\nGiven a content file, `content/posts/hash-in-title.md`:\r\n\r\n```yaml\r\n---\r\ntitle: 'Newsletter #4'\r\ndate: 2024-04-04T12:27:52-07:00\r\n---\r\nFoo ...[145169 more chars]",6551,0,0,0.0,0
multi-swe-rl:gohugoio__hugo-5660,multi-swe-rl,17,calibration,google/gemma-4-31b-it,openrouter,error_harness,"402: {""message"":""This request would exceed your available credits given your current in-flight requests. Retry after in-flight requests settle, or add credits."",""code"":402,""metadata"":{""reason"":""in_flight_budget_exhausted"",""limit_source"":""openrouter_in_flight_budget"",""remedy_hint"":""Retry after your in-flight requests settle (see the Retry-After header). Adding credits at https://openrouter.ai/settings/credits raises your in-flight budget, up to a capped ceiling."",""headers"":{""Retry-After"":""120""},""provider_name"":null}}","{""type"":""session"",""version"":3,""id"":""01a0b5f1-dee6-7c0e-9e76-1fc44b15f15d"",""timestamp"":""2026-09-18T19:15:22.470Z"",""cwd"":""/private/var/folders/nw/6_9204g535s835kn__nfthxh0000gn/T/router-repo-context-f2m17f7j""}
{""type"":""agent_start""}
{""type"":""turn_start""}
{""type"":""message_start"",""message"":{""role"":""user"",""content"":[{""type"":""text"",""text"":""Fix some inline shortcode issues\n\nFixes #5645\nFixes #5653\n\nThe repository is checked out in your current working directory, at the state before this issue was fixed. Use your available tools to explore the codebase, understand the issue, and make the necessary changes directly using your edit/write tools — actually modify the files; do not just describe or show the fix in your response. Your final message does not need to include any code or diff — the changes you make to the files are the submission. Keep your change as small and targeted as possible — modify only what's strictly necessary to fix the described issue; do not update changelogs, CI configuration, documentation, test files, or unrelated code as part of this fix.""}],""timestamp"":1789758922521}}
{""type"":""message_end"",""message"":{""role"":""user"",""content"":[{""type"":""text"",""text"":""Fix some inline shortcode issues\n\nFixes #5645\nFixes #5653\n\nThe repository is checked out in your current working directory, at the state before this issue was fixed. Use your available tools to explore the codebase, understand the issue, and make the necessary changes directly using your edit/write tools — actually modify the files; do not just describe or show the fix in your response. Your final message does not need to include any code or diff — the changes you make to the files are the submission. Keep your change as small and targeted as possible — modify only what's strictly necessary to fix the described issue; do not update changelogs, CI configuration, documentation, test files, or unrelated code as part of this fix.""}],""timestamp"":1789758922521}}
{""type"":""message_start"",""message"":{""rol ...[4477 more chars]",2208,0,0,0.0,0
multi-swe-rl:gohugoio__hugo-11326,multi-swe-rl,18,calibration,google/gemma-4-31b-it,openrouter,error_harness,"402: {""message"":""This request would exceed your available credits given your current in-flight requests. Retry after in-flight requests settle, or add credits."",""code"":402,""metadata"":{""reason"":""in_flight_budget_exhausted"",""limit_source"":""openrouter_in_flight_budget"",""remedy_hint"":""Retry after your in-flight requests settle (see the Retry-After header). Adding credits at https://openrouter.ai/settings/credits raises your in-flight budget, up to a capped ceiling."",""headers"":{""Retry-After"":""120""},""provider_name"":null}}","{""type"":""session"",""version"":3,""id"":""01a0b5f1-e7e5-7694-8e99-830252cccbd1"",""timestamp"":""2026-09-18T19:15:24.773Z"",""cwd"":""/private/var/folders/nw/6_9204g535s835kn__nfthxh0000gn/T/router-repo-context-6y564dou""}
{""type"":""agent_start""}
{""type"":""turn_start""}
{""type"":""message_start"",""message"":{""role"":""user"",""content"":[{""type"":""text"",""text"":""Add retry with exponential backoff for GetRemote for 429 and other temporary HTTP errors\n\nWe have a hugo site that is making a number of GetRemote calls to an authenticated api. We hit a point where we are receiving `429 Too Many Requests` errors due to the requests per second rate limit etc.\r\n\r\nAs most apis will have some form of rate limits this is a proposal to include some solution/strategy for it. Perhaps some configurable limit to the requests per second of getremote? or some retry with exponential backoff?\n\nThe repository is checked out in your current working directory, at the state before this issue was fixed. Use your available tools to explore the codebase, understand the issue, and make the necessary changes directly using your edit/write tools — actually modify the files; do not just describe or show the fix in your response. Your final message does not need to include any code or diff — the changes you make to the files are the submission. Keep your change as small and targeted as possible — modify only what's strictly necessary to fix the described issue; do not update changelogs, CI configuration, documentation, test files, or unrelated code as part of this fix.""}],""timestamp"":1789758924824}}
{""type"":""message_end"",""message"":{""role"":""user"",""content"":[{""type"":""text"",""text"":""Add retry with exponential backoff for GetRemote for 429 and other temporary HTTP errors\n\nWe have a hugo site that is making a number of GetRemote calls to an authenticated api. We hit a point where we are receiving `429 Too Many Requests` errors due to the requests per second rate limit etc.\r\n\r\nAs most apis will have some form of rate lim ...[5869 more chars]",2617,0,0,0.0,0
multi-swe-rl:gohugoio__hugo-5876,multi-swe-rl,20,calibration,google/gemma-4-31b-it,openrouter,error_harness,"402: {""message"":""This request would exceed your available credits given your current in-flight requests. Retry after in-flight requests settle, or add credits."",""code"":402,""metadata"":{""reason"":""in_flight_budget_exhausted"",""limit_source"":""openrouter_in_flight_budget"",""remedy_hint"":""Retry after your in-flight requests settle (see the Retry-After header). Adding credits at https://openrouter.ai/settings/credits raises your in-flight budget, up to a capped ceiling."",""headers"":{""Retry-After"":""120""},""provider_name"":null}}","{""type"":""session"",""version"":3,""id"":""01a0b5f1-f1be-77c9-8132-904cdcddc243"",""timestamp"":""2026-09-18T19:15:27.294Z"",""cwd"":""/private/var/folders/nw/6_9204g535s835kn__nfthxh0000gn/T/router-repo-context-ai3hkhz2""}
{""type"":""agent_start""}
{""type"":""turn_start""}
{""type"":""message_start"",""message"":{""role"":""user"",""content"":[{""type"":""text"",""text"":""tpl/collections: Make Pages etc. work with the in func\n\nFixes #5875\n\nThe repository is checked out in your current working directory, at the state before this issue was fixed. Use your available tools to explore the codebase, understand the issue, and make the necessary changes directly using your edit/write tools — actually modify the files; do not just describe or show the fix in your response. Your final message does not need to include any code or diff — the changes you make to the files are the submission. Keep your change as small and targeted as possible — modify only what's strictly necessary to fix the described issue; do not update changelogs, CI configuration, documentation, test files, or unrelated code as part of this fix.""}],""timestamp"":1789758927346}}
{""type"":""message_end"",""message"":{""role"":""user"",""content"":[{""type"":""text"",""text"":""tpl/collections: Make Pages etc. work with the in func\n\nFixes #5875\n\nThe repository is checked out in your current working directory, at the state before this issue was fixed. Use your available tools to explore the codebase, understand the issue, and make the necessary changes directly using your edit/write tools — actually modify the files; do not just describe or show the fix in your response. Your final message does not need to include any code or diff — the changes you make to the files are the submission. Keep your change as small and targeted as possible — modify only what's strictly necessary to fix the described issue; do not update changelogs, CI configuration, documentation, test files, or unrelated code as part of this fix.""}],""timestamp"":1789758927346}}
{""type"":""message_star ...[4504 more chars]",2204,0,0,0.0,0
multi-swe-rl:Kong__insomnia-8131,multi-swe-rl,10,calibration,google/gemma-4-31b-it,openrouter,error_harness,"402: {""message"":""This request would exceed your available credits given your current in-flight requests. Retry after in-flight requests settle, or add credits."",""code"":402,""metadata"":{""reason"":""in_flight_budget_exhausted"",""limit_source"":""openrouter_in_flight_budget"",""remedy_hint"":""Retry after your in-flight requests settle (see the Retry-After header). Adding credits at https://openrouter.ai/settings/credits raises your in-flight budget, up to a capped ceiling."",""headers"":{""Retry-After"":""120""},""provider_name"":null}}","{""type"":""session"",""version"":3,""id"":""01a0b5f1-fa71-7cda-89dc-6c258662d443"",""timestamp"":""2026-09-18T19:15:29.521Z"",""cwd"":""/private/var/folders/nw/6_9204g535s835kn__nfthxh0000gn/T/router-repo-context-ec90i6jh""}
{""type"":""agent_start""}
{""type"":""turn_start""}
{""type"":""message_start"",""message"":{""role"":""user"",""content"":[{""type"":""text"",""text"":""YAML body should set IANA-approved Content-Type\n\n### Expected Behavior\n\nWhen selecting a yaml body, the `Content-Type` header should be populated with `application/yaml`, according to [RFC 9512](https://www.rfc-editor.org/rfc/rfc9512.html).\n\n### Actual Behavior\n\n`Content-Type` is `text/yaml`, which is a [deprecated alias](https://www.rfc-editor.org/rfc/rfc9512.html#section-2.1-2.22.2.2).\n\n### Reproduction Steps\n\n1. Create a new HTTP Request\r\n2. Click on `Body`\r\n3. Select `YAML` type\n\n### Is there an existing issue for this?\n\n- [X] I have searched the [issue tracker](https://www.github.com/Kong/insomnia/issues) for this problem.\n\n### Additional Information\n\n_No response_\n\n### Insomnia Version\n\n10.1.1\n\n### What operating system are you using?\n\nmacOS\n\n### Operating System Version\n\nmacOS Sequoia 15.0.1\n\n### Installation method\n\ndownload from insomnia.rest\n\n### Last Known Working Insomnia version\n\n_No response_\n\nThe repository is checked out in your current working directory, at the state before this issue was fixed. Use your available tools to explore the codebase, understand the issue, and make the necessary changes directly using your edit/write tools — actually modify the files; do not just describe or show the fix in your response. Your final message does not need to include any code or diff — the changes you make to the files are the submission. Keep your change as small and targeted as possible — modify only what's strictly necessary to fix the described issue; do not update changelogs, CI configuration, documentation, test files, or unrelated code as part of this fix.""}],""timestamp"":17897 ...[7186 more chars]",2289,0,0,0.0,0
multi-swe-rl:istio__istio-53806,multi-swe-rl,0,calibration,google/gemma-4-31b-it,openrouter,error_harness,"402: {""message"":""This request would exceed your available credits given your current in-flight requests. Retry after in-flight requests settle, or add credits."",""code"":402,""metadata"":{""reason"":""in_flight_budget_exhausted"",""limit_source"":""openrouter_in_flight_budget"",""remedy_hint"":""Retry after your in-flight requests settle (see the Retry-After header). Adding credits at https://openrouter.ai/settings/credits raises your in-flight budget, up to a capped ceiling."",""headers"":{""Retry-After"":""120""},""provider_name"":null}}","{""type"":""session"",""version"":3,""id"":""01a0b5f2-0616-70e0-b9c8-e4474b8088e7"",""timestamp"":""2026-09-18T19:15:32.502Z"",""cwd"":""/private/var/folders/nw/6_9204g535s835kn__nfthxh0000gn/T/router-repo-context-uwxe2boo""}
{""type"":""agent_start""}
{""type"":""turn_start""}
{""type"":""message_start"",""message"":{""role"":""user"",""content"":[{""type"":""text"",""text"":""Envoy/C-Ares bug can cause istio to become \""stuck\"" to one DNS pod\n\n### Is this the right place to submit this?\n\n- [X] This is not a security vulnerability or a crashing bug\n- [X] This is not a question about how to use Istio\n\n### Bug Description\n\nThis is half bug report and half feature request. I've been unable to find any current configuration options to prevent this. \n\nDue to the way c-ares and envoy do UDP DNS requests, there are cases in which an [envoy pod will bypass the kube-dns service and send all requests to a single pod](https://github.com/envoyproxy/envoy/issues/7965). Unfortunately, the way this manifests is that many if not all istio pods running envoy get pinned to the same service. We've seen this start happening in some of our larger clusters with many istio ingress gateways and sidecar proxies (with `ISTIO_META_DNS_CAPTURE` set to `true`).\n\n[c-ares and envoy have exposed a `udp_max_queries` configuration](https://www.envoyproxy.io/docs/envoy/latest/api-v3/extensions/network/dns_resolver/cares/v3/cares_dns_resolver.proto#extensions-network-dns-resolver-cares-v3-caresdnsresolverconfig) option to prevent too many requests going into a single connection. The feature request here is to either set this to a sane value or expose it to be configured by end users. Any other suggestion to prevent this issue would also be welcomed. \n\n\n\n### Version\n\n```Text\nThis affects all istio versions\n```\n\n\n### Additional Information\n\nThe screen shot below shows this manifesting in our cluster, you can see nearly all requests routed to a single DNS pod and the traffic to all other CoreDNS pods drop to near zero. \n ...[9646 more chars]",3384,0,0,0.0,0
multi-swe-rl:istio__istio-51031,multi-swe-rl,0,calibration,google/gemma-4-31b-it,openrouter,error_harness,"402: {""message"":""This request would exceed your available credits given your current in-flight requests. Retry after in-flight requests settle, or add credits."",""code"":402,""metadata"":{""reason"":""in_flight_budget_exhausted"",""limit_source"":""openrouter_in_flight_budget"",""remedy_hint"":""Retry after your in-flight requests settle (see the Retry-After header). Adding credits at https://openrouter.ai/settings/credits raises your in-flight budget, up to a capped ceiling."",""headers"":{""Retry-After"":""120""},""provider_name"":null}}","{""type"":""session"",""version"":3,""id"":""01a0b5f2-12e3-7c43-ac8e-957d46288521"",""timestamp"":""2026-09-18T19:15:35.779Z"",""cwd"":""/private/var/folders/nw/6_9204g535s835kn__nfthxh0000gn/T/router-repo-context-5r1nj3sy""}
{""type"":""agent_start""}
{""type"":""turn_start""}
{""type"":""message_start"",""message"":{""role"":""user"",""content"":[{""type"":""text"",""text"":""istioctl doesn't correctly patch CPU requests/limits\n\n### Is this the right place to submit this?\n\n- [X] This is not a security vulnerability or a crashing bug\n- [X] This is not a question about how to use Istio\n\n### Bug Description\n\n`./ClusterInit/istioctl-1.20.3-linux-amd64/istioctl upgrade --set values.global.proxy.resources.limits.cpu=200`\nRun the command with the --force flag if you want to ignore the validation error and proceed.\nError: generate config: json: cannot unmarshal number into Go value of type string\n\nThen I add quotes - same result:\n` ./ClusterInit/istioctl-1.20.3-linux-amd64/istioctl upgrade --set values.global.proxy.resources.limits.cpu=\""200\""`\n\nRun the command with the --force flag if you want to ignore the validation error and proceed.\nError: generate config: json: cannot unmarshal number into Go value of type string\n\nThen I add escaped quotes - it looks good at first:\n\n` ./ClusterInit/istioctl-1.20.3-linux-amd64/istioctl upgrade --set values.global.proxy.resources.limits.cpu=\\\""200\\\""`\n\nWARNING: Istio is being upgraded from 1.20.0 to 1.20.3.\n         Running this command will overwrite it; use revisions to upgrade alongside the existing version.\n         Before upgrading, you may wish to use 'istioctl x precheck' to check for upgrade warnings.\nThis will install the Istio 1.20.3 \""default\"" profile (with components: Istio core, Istiod, and Ingress gateways) into the cluster. Proceed? (y/N) y\n✔ Istio core installed\n✔ Istiod installed\n✔ Ingress gateways installed\n✔ Installation complete\nMade this installation the default for injection and validation.\n\nNow - let's check what it crea ...[11287 more chars]",3314,0,0,0.0,0
multi-swe-rl:jesseduffield__lazygit-3592,multi-swe-rl,11,calibration,google/gemma-4-31b-it,openrouter,error_harness,"402: {""message"":""This request would exceed your available credits given your current in-flight requests. Retry after in-flight requests settle, or add credits."",""code"":402,""metadata"":{""reason"":""in_flight_budget_exhausted"",""limit_source"":""openrouter_in_flight_budget"",""remedy_hint"":""Retry after your in-flight requests settle (see the Retry-After header). Adding credits at https://openrouter.ai/settings/credits raises your in-flight budget, up to a capped ceiling."",""headers"":{""Retry-After"":""120""},""provider_name"":null}}","{""type"":""session"",""version"":3,""id"":""01a0b5f2-1e07-74df-99d9-53518d61defe"",""timestamp"":""2026-09-18T19:15:38.631Z"",""cwd"":""/private/var/folders/nw/6_9204g535s835kn__nfthxh0000gn/T/router-repo-context-ekbva459""}
{""type"":""agent_start""}
{""type"":""turn_start""}
{""type"":""message_start"",""message"":{""role"":""user"",""content"":[{""type"":""text"",""text"":""Enable `goconst`\n\nhttps://github.com/jesseduffield/lazygit/blob/0fbed71f15eed55947e301095c4e0c138ba69d4a/.golangci.yml#L17\r\n\r\nI am going to create a PR for this.\n\nThe repository is checked out in your current working directory, at the state before this issue was fixed. Use your available tools to explore the codebase, understand the issue, and make the necessary changes directly using your edit/write tools — actually modify the files; do not just describe or show the fix in your response. Your final message does not need to include any code or diff — the changes you make to the files are the submission. Keep your change as small and targeted as possible — modify only what's strictly necessary to fix the described issue; do not update changelogs, CI configuration, documentation, test files, or unrelated code as part of this fix.""}],""timestamp"":1789758938681}}
{""type"":""message_end"",""message"":{""role"":""user"",""content"":[{""type"":""text"",""text"":""Enable `goconst`\n\nhttps://github.com/jesseduffield/lazygit/blob/0fbed71f15eed55947e301095c4e0c138ba69d4a/.golangci.yml#L17\r\n\r\nI am going to create a PR for this.\n\nThe repository is checked out in your current working directory, at the state before this issue was fixed. Use your available tools to explore the codebase, understand the issue, and make the necessary changes directly using your edit/write tools — actually modify the files; do not just describe or show the fix in your response. Your final message does not need to include any code or diff — the changes you make to the files are the submission. Keep your change as small and targeted as possible — modify only what's strictly nece ...[4798 more chars]",2308,0,0,0.0,0
multi-swe-rl:Automattic__mongoose-12990,multi-swe-rl,2,calibration,google/gemma-4-31b-it,openrouter,error_harness,"402: {""message"":""This request would exceed your available credits given your current in-flight requests. Retry after in-flight requests settle, or add credits."",""code"":402,""metadata"":{""reason"":""in_flight_budget_exhausted"",""limit_source"":""openrouter_in_flight_budget"",""remedy_hint"":""Retry after your in-flight requests settle (see the Retry-After header). Adding credits at https://openrouter.ai/settings/credits raises your in-flight budget, up to a capped ceiling."",""headers"":{""Retry-After"":""120""},""provider_name"":null}}","{""type"":""session"",""version"":3,""id"":""01a0b5f2-2660-719c-b589-eb0289eaf870"",""timestamp"":""2026-09-18T19:15:40.768Z"",""cwd"":""/private/var/folders/nw/6_9204g535s835kn__nfthxh0000gn/T/router-repo-context-60aph139""}
{""type"":""agent_start""}
{""type"":""turn_start""}
{""type"":""message_start"",""message"":{""role"":""user"",""content"":[{""type"":""text"",""text"":""Bug: Mongoose connection ID is not unique\n\n### Prerequisites\r\n\r\n- [X] I have written a descriptive issue title\r\n- [X] I have searched existing issues to ensure the bug has not already been reported\r\n\r\n\r\n### Mongoose version\r\n\r\nAll\r\n\r\n### Node.js version\r\n\r\nAll\r\n\r\n### MongoDB server version\r\n\r\nAll\r\n\r\n### Typescript version (if applicable)\r\n\r\n_No response_\r\n\r\n### Description\r\n\r\nAs discovered in <https://github.com/Automattic/mongoose/issues/12965#issuecomment-1410896781>, `connection.id` is not unique due to `.length` being used to determine its value.  As connections are created and destroyed, `id` properties get re-used.\r\n\r\n### Steps to Reproduce\r\n\r\n```sh\r\nconst mongoose = require('mongoose');\r\nmongoose.createConnection()\r\nmongoose.createConnection()\r\nmongoose.connections[0].destroy()\r\nmongoose.createConnection()\r\nmongoose.createConnection()\r\nmongoose.createConnection()\r\nmongoose.connections.map(c => c.id) // outputs: [ 1, 2, 3, 3, 4 ]\r\n```\r\n\r\n### Expected Behavior\r\n\r\n_No response_\n\nThe repository is checked out in your current working directory, at the state before this issue was fixed. Use your available tools to explore the codebase, understand the issue, and make the necessary changes directly using your edit/write tools — actually modify the files; do not just describe or show the fix in your response. Your final message does not need to include any code or diff — the changes you make to the files are the submission. Keep your change as small and targeted as possible — modify only what's strictly necessary to fix the described issue; do not update ...[7537 more chars]",2097,0,0,0.0,0
multi-swe-rl:Automattic__mongoose-13435,multi-swe-rl,13,calibration,google/gemma-4-31b-it,openrouter,error_harness,"402: {""message"":""This request would exceed your available credits given your current in-flight requests. Retry after in-flight requests settle, or add credits."",""code"":402,""metadata"":{""reason"":""in_flight_budget_exhausted"",""limit_source"":""openrouter_in_flight_budget"",""remedy_hint"":""Retry after your in-flight requests settle (see the Retry-After header). Adding credits at https://openrouter.ai/settings/credits raises your in-flight budget, up to a capped ceiling."",""headers"":{""Retry-After"":""120""},""provider_name"":null}}","{""type"":""session"",""version"":3,""id"":""01a0b5f2-2e42-76da-a44d-3b643db277ac"",""timestamp"":""2026-09-18T19:15:42.786Z"",""cwd"":""/private/var/folders/nw/6_9204g535s835kn__nfthxh0000gn/T/router-repo-context-zdq0s0bl""}
{""type"":""agent_start""}
{""type"":""turn_start""}
{""type"":""message_start"",""message"":{""role"":""user"",""content"":[{""type"":""text"",""text"":""pre query middelwares have no effect on QueryCursor projection\n\n### Prerequisites\n\n- [X] I have written a descriptive issue title\n- [X] I have searched existing issues to ensure the bug has not already been reported\n\n\n### Mongoose version\n\n7.0.3\n\n### Node.js version\n\n18.12\n\n### MongoDB server version\n\n6.0\n\n### Typescript version (if applicable)\n\n_No response_\n\n### Description\n\nIf a pre-query middelware (e.g. 'find') tries to modify the query projection, it has effect ONLY if the query is not a cursor. Otherwise the select/projection modified the projection of the original Query object and not the projection of the QueryCursor object.\n\n### Steps to Reproduce\n\nHere's the script:\r\n\r\nhttps://gist.github.com/dbellavista/c22bfe3fbffac4be1de4cd3d9483d442\r\n\r\n\n\n### Expected Behavior\n\nThe script should not fail with an assertion error.\n\nThe repository is checked out in your current working directory, at the state before this issue was fixed. Use your available tools to explore the codebase, understand the issue, and make the necessary changes directly using your edit/write tools — actually modify the files; do not just describe or show the fix in your response. Your final message does not need to include any code or diff — the changes you make to the files are the submission. Keep your change as small and targeted as possible — modify only what's strictly necessary to fix the described issue; do not update changelogs, CI configuration, documentation, test files, or unrelated code as part of this fix.""}],""timestamp"":1789758942836}}
{""type"":""message_end"",""message"":{""role"":""user"",""content"":[{""type"":""text"", ...[6934 more chars]",1899,0,0,0.0,0
multi-swe-rl:Automattic__mongoose-14254,multi-swe-rl,14,calibration,google/gemma-4-31b-it,openrouter,error_harness,"402: {""message"":""This request would exceed your available credits given your current in-flight requests. Retry after in-flight requests settle, or add credits."",""code"":402,""metadata"":{""reason"":""in_flight_budget_exhausted"",""limit_source"":""openrouter_in_flight_budget"",""remedy_hint"":""Retry after your in-flight requests settle (see the Retry-After header). Adding credits at https://openrouter.ai/settings/credits raises your in-flight budget, up to a capped ceiling."",""headers"":{""Retry-After"":""120""},""provider_name"":null}}","{""type"":""session"",""version"":3,""id"":""01a0b5f2-359f-731a-ab9a-694106e2acb7"",""timestamp"":""2026-09-18T19:15:44.671Z"",""cwd"":""/private/var/folders/nw/6_9204g535s835kn__nfthxh0000gn/T/router-repo-context-gzlx1ndz""}
{""type"":""agent_start""}
{""type"":""turn_start""}
{""type"":""message_start"",""message"":{""role"":""user"",""content"":[{""type"":""text"",""text"":""different behavior of arrays in 6.x when compared to 5.x\n\n### Prerequisites\r\n\r\n- [X] I have written a descriptive issue title\r\n- [X] I have searched existing issues to ensure the bug has not already been reported\r\n\r\n\r\n### Mongoose version\r\n\r\n6.12.5\r\n\r\n### Node.js version\r\n\r\n18.12.1\r\n\r\n### MongoDB server version\r\n\r\n3.6.6\r\n\r\n### Typescript version (if applicable)\r\n\r\n_No response_\r\n\r\n### Description\r\n\r\nRepro Script:\r\n```\r\nconst mongoose = require('mongoose');\r\nconst util = require('util')\r\nconsole.log(mongoose.version)\r\nlet Schema = mongoose.Schema\r\nvar eventSchema = new Schema({\r\n  name: { type: String },\r\n  arr: { type: Array, patch: true },\r\n})\r\n\r\nvar Event = mongoose.model('Event', eventSchema)\r\nasync function run() {\r\n  await mongoose.connect('mongodb://localhost:27017');\r\n  let eventObj = new Event({ name: 'event object', arr: ['x', 'y', 'z'] })\r\n  eventObj.save(function (err, eventObj) {\r\n    console.log(util.types.isProxy(eventObj['arr']))\r\n    eventObj['arr'].push('8')\r\n    console.log(eventObj['arr'])\r\n    eventObj['arr'].push({\r\n      $each: ['a'],\r\n      $position: 3\r\n    })\r\n    console.log(eventObj['arr'])\r\n    eventObj['arr'].push({\r\n      $each: ['b'],\r\n      $position: 2\r\n    })\r\n    console.log(eventObj['arr'])\r\n    eventObj['arr'].push({\r\n      $each: ['c'],\r\n      $position: 1\r\n    })\r\n    console.log(eventObj['arr'])\r\n  })\r\n}\r\nrun();\r\n```\r\n\r\n### Steps to Reproduce\r\n\r\nOutput with 5.12.5\r\n``` \r\nfalse\r\n['x', 'y', 'z', '8']\r\n['x', 'y', 'z', 'a', '8']\r\n```\r\n\r\nOutput with 6.12.5\r\ ...[9667 more chars]",1996,0,0,0.0,0
multi-swe-rl:Automattic__mongoose-15035,multi-swe-rl,14,calibration,google/gemma-4-31b-it,openrouter,error_harness,"402: {""message"":""This request would exceed your available credits given your current in-flight requests. Retry after in-flight requests settle, or add credits."",""code"":402,""metadata"":{""reason"":""in_flight_budget_exhausted"",""limit_source"":""openrouter_in_flight_budget"",""remedy_hint"":""Retry after your in-flight requests settle (see the Retry-After header). Adding credits at https://openrouter.ai/settings/credits raises your in-flight budget, up to a capped ceiling."",""headers"":{""Retry-After"":""120""},""provider_name"":null}}","{""type"":""session"",""version"":3,""id"":""01a0b5f2-3d74-7e0c-8308-eec62801960f"",""timestamp"":""2026-09-18T19:15:46.676Z"",""cwd"":""/private/var/folders/nw/6_9204g535s835kn__nfthxh0000gn/T/router-repo-context-8tytvh04""}
{""type"":""agent_start""}
{""type"":""turn_start""}
{""type"":""message_start"",""message"":{""role"":""user"",""content"":[{""type"":""text"",""text"":""syncIndexes (diffIndexes) and time series mongo system index\n\n### Prerequisites\n\n- [x] I have written a descriptive issue title\n- [x] I have searched existing issues to ensure the bug has not already been reported\n\n\n### Mongoose version\n\n8.7.2\n\n### Node.js version\n\n22.0\n\n### MongoDB server version\n\n7.0\n\n### Typescript version (if applicable)\n\n_No response_\n\n### Description\n\nTime Series a little bit tricky on MongoDB. They are \""MongoDB automatically creates a compound index on both the metaField and timeField of a time series collection.\"" https://www.mongodb.com/docs/manual/core/timeseries-collections/#indexes\nMongoose diffIndexes have no aware of it and propose to delete this index. I suppose it is really expected behaviour as mongoose sync indexes between schema and database (with _id index exception) \n\n### Steps to Reproduce\n\n  ```js\n    const schema = new mongoose.Schema(\n      {\n        time: {\n          type: Date,\n        },\n        deviceId: {\n          type: String,\n        },\n      },\n      {\n        timeseries: {\n          timeField: 'time',\n          metaField: 'deviceId',\n          granularity: 'seconds',\n        },\n        autoCreate: false,\n      },\n    );\n\nconst model  = mongoose.model(\n     'TimeSeriesTest'\n      schema,\n    );\n```\n\nThis will make an index on mongoDB \n\n```js\n// name deviceId_1_time_1\n{ deviceId:1, time:1 }\n```\n\nNow\n\n```js\nmodel.diffIndexes()\n// TimeSeriesTest { toDrop: [ 'deviceId_1_time_1' ], toCreate: [] }\n```\n\n\n### Expected Behavior\n\nIn ideal scenario Mongoose should understand time series index and skip it. But this index can ...[10594 more chars]",1937,0,0,0.0,0
multi-swe-rl:Automattic__mongoose-13322,multi-swe-rl,15,calibration,google/gemma-4-31b-it,openrouter,error_harness,"402: {""message"":""This request would exceed your available credits given your current in-flight requests. Retry after in-flight requests settle, or add credits."",""code"":402,""metadata"":{""reason"":""in_flight_budget_exhausted"",""limit_source"":""openrouter_in_flight_budget"",""remedy_hint"":""Retry after your in-flight requests settle (see the Retry-After header). Adding credits at https://openrouter.ai/settings/credits raises your in-flight budget, up to a capped ceiling."",""headers"":{""Retry-After"":""120""},""provider_name"":null}}","{""type"":""session"",""version"":3,""id"":""01a0b5f2-44e9-758c-9284-42dd9e104964"",""timestamp"":""2026-09-18T19:15:48.585Z"",""cwd"":""/private/var/folders/nw/6_9204g535s835kn__nfthxh0000gn/T/router-repo-context-gwuo460g""}
{""type"":""agent_start""}
{""type"":""turn_start""}
{""type"":""message_start"",""message"":{""role"":""user"",""content"":[{""type"":""text"",""text"":""Document $inc method does not store previous data\n\n### Prerequisites\r\n\r\n- [X] I have written a descriptive issue title\r\n- [X] I have searched existing issues to ensure the bug has not already been reported\r\n\r\n\r\n### Mongoose version\r\n\r\n6.7.2\r\n\r\n### Node.js version\r\n\r\nv16.0.0\r\n\r\n### MongoDB server version\r\n\r\n4.4.5\r\n\r\n### Typescript version (if applicable)\r\n\r\n_No response_\r\n\r\n### Description\r\n$inc method locally saves all data, but sends to mongoose the last one\r\n```\r\nconst user = await Users.findOne({ snid: 'vk_205580268' });\r\n\r\nuser.$inc('coins', 1000); // user.coins = 1000\r\nuser.$inc('coins', 2000); // user.coins = 3000\r\n\r\nawait user.save();\r\n\r\n// but output:\r\n// Mongoose: users.updateOne({ _id: new ObjectId(\""640e547132b7729ceb60d6d6\"") }, { '$inc': { coins: 2000 } }, { session: null })\r\n```\r\n\r\n### Steps to Reproduce\r\n\r\nExecute $inc method twice or more times\r\n\r\n### Expected Behavior\r\n\r\n$inc method store previous value and save all together, output should be:\r\nMongoose: users.updateOne({ _id: new ObjectId(\""640e547132b7729ceb60d6d6\"") }, { '$inc': { coins: 3000 } }, { session: null })\n\nThe repository is checked out in your current working directory, at the state before this issue was fixed. Use your available tools to explore the codebase, understand the issue, and make the necessary changes directly using your edit/write tools — actually modify the files; do not just describe or show the fix in your response. Your final message does not need to include any code or diff — the changes you make to the files are the submission. Keep your change as sm ...[7867 more chars]",1989,0,0,0.0,0
multi-swe-rl:Automattic__mongoose-13589,multi-swe-rl,19,calibration,google/gemma-4-31b-it,openrouter,error_harness,"402: {""message"":""This request would exceed your available credits given your current in-flight requests. Retry after in-flight requests settle, or add credits."",""code"":402,""metadata"":{""reason"":""in_flight_budget_exhausted"",""limit_source"":""openrouter_in_flight_budget"",""remedy_hint"":""Retry after your in-flight requests settle (see the Retry-After header). Adding credits at https://openrouter.ai/settings/credits raises your in-flight budget, up to a capped ceiling."",""headers"":{""Retry-After"":""120""},""provider_name"":null}}","{""type"":""session"",""version"":3,""id"":""01a0b5f2-4ccb-7a1d-9471-5f2256f3b6d1"",""timestamp"":""2026-09-18T19:15:50.603Z"",""cwd"":""/private/var/folders/nw/6_9204g535s835kn__nfthxh0000gn/T/router-repo-context-afw49j8w""}
{""type"":""agent_start""}
{""type"":""turn_start""}
{""type"":""message_start"",""message"":{""role"":""user"",""content"":[{""type"":""text"",""text"":""Modified paths does not reset properly on subdocuments after document save\n\n### Prerequisites\n\n- [X] I have written a descriptive issue title\n- [X] I have searched existing issues to ensure the bug has not already been reported\n\n\n### Mongoose version\n\n6.9.0, 7.3.1\n\n### Node.js version\n\n18.16.0\n\n### MongoDB server version\n\n4.4\n\n### Typescript version (if applicable)\n\n5.1\n\n### Description\n\nCurrently when saving a document with multiple subdocuments `document.modifiedPaths({ includeChildren: true })` produces `[]` but every subdocument except for the first one still retain their modifiedPaths() after `save()` has been already executed. I assume that judging by the fact that first subdocument does gets cleaned up this is a non-expected behavior.\n\n### Steps to Reproduce\n\n```\r\nimport mongoose from 'mongoose';\r\nimport { expect } from 'chai';\r\n\r\nconst ElementSchema = new mongoose.Schema({\r\n\telementName: String,\r\n});\r\n\r\nconst MyDocSchema = new mongoose.Schema({\r\n\tdocName: String,\r\n\telements: [ElementSchema],\r\n});\r\n\r\nconst MyDoc = mongoose.model('MyDoc', MyDocSchema);\r\n\r\ndescribe('mongoose after doc save', () => {\r\n\tbefore(async () => {\r\n\t\tawait mongoose.connect('mongodb://localhost:27017/autotest');\r\n\t});\r\n\r\n\tdescribe('modified paths', () => {\r\n\r\n\t\tit('should all be cleared after save with multiple elements (non-cloned)', async () => {\r\n\t\t\tlet doc = new MyDoc({ docName: 'MyDocName' });\r\n\t\t\tdoc.elements.push({ elementName: 'ElementName1' });\r\n\t\t\tdoc.elements.push({ elementName: 'ElementName2' });\r\n\t\t\tdoc = await doc.save();\r\n\t\t\tconsole.log ...[10930 more chars]",2122,0,0,0.0,0
multi-swe-rl:prometheus__prometheus-6480,multi-swe-rl,13,calibration,google/gemma-4-31b-it,openrouter,error_harness,"402: {""message"":""This request would exceed your available credits given your current in-flight requests. Retry after in-flight requests settle, or add credits."",""code"":402,""metadata"":{""reason"":""in_flight_budget_exhausted"",""limit_source"":""openrouter_in_flight_budget"",""remedy_hint"":""Retry after your in-flight requests settle (see the Retry-After header). Adding credits at https://openrouter.ai/settings/credits raises your in-flight budget, up to a capped ceiling."",""headers"":{""Retry-After"":""120""},""provider_name"":null}}","{""type"":""session"",""version"":3,""id"":""01a0b5f2-57be-7539-a2c6-bbb6a3740b82"",""timestamp"":""2026-09-18T19:15:53.406Z"",""cwd"":""/private/var/folders/nw/6_9204g535s835kn__nfthxh0000gn/T/router-repo-context-bt4t7ery""}
{""type"":""agent_start""}
{""type"":""turn_start""}
{""type"":""message_start"",""message"":{""role"":""user"",""content"":[{""type"":""text"",""text"":""PromQL: Consider supporting trailing commas in grouping opts\n\nCurrently PromQL allows trailing commas in label matchers, but not in the label list of grouping opts.\r\n\r\nE.g. `a{b=\""c\"",}`,  `a{b=\""c\""}` and `sum (a) by (b)` and are valid PromQL, while `sum (a) by (b,)` is not.\r\n\r\nThis feels somewhat inconsistent.\r\n\r\nIt might be worth considering to allow trailing commas in grouping opts, too.\n\nThe repository is checked out in your current working directory, at the state before this issue was fixed. Use your available tools to explore the codebase, understand the issue, and make the necessary changes directly using your edit/write tools — actually modify the files; do not just describe or show the fix in your response. Your final message does not need to include any code or diff — the changes you make to the files are the submission. Keep your change as small and targeted as possible — modify only what's strictly necessary to fix the described issue; do not update changelogs, CI configuration, documentation, test files, or unrelated code as part of this fix.""}],""timestamp"":1789758953459}}
{""type"":""message_end"",""message"":{""role"":""user"",""content"":[{""type"":""text"",""text"":""PromQL: Consider supporting trailing commas in grouping opts\n\nCurrently PromQL allows trailing commas in label matchers, but not in the label list of grouping opts.\r\n\r\nE.g. `a{b=\""c\"",}`,  `a{b=\""c\""}` and `sum (a) by (b)` and are valid PromQL, while `sum (a) by (b,)` is not.\r\n\r\nThis feels somewhat inconsistent.\r\n\r\nIt might be worth considering to allow trailing commas in grouping opts, too.\n\nThe repository is checked out in your current worki ...[5521 more chars]",3178,0,0,0.0,0
multi-swe-rl:spotbugs__spotbugs-3080,multi-swe-rl,9,calibration,google/gemma-4-31b-it,openrouter,error_harness,"402: {""message"":""This request would exceed your available credits given your current in-flight requests. Retry after in-flight requests settle, or add credits."",""code"":402,""metadata"":{""reason"":""in_flight_budget_exhausted"",""limit_source"":""openrouter_in_flight_budget"",""remedy_hint"":""Retry after your in-flight requests settle (see the Retry-After header). Adding credits at https://openrouter.ai/settings/credits raises your in-flight budget, up to a capped ceiling."",""headers"":{""Retry-After"":""120""},""provider_name"":null}}","{""type"":""session"",""version"":3,""id"":""01a0b5f2-6331-73e7-a637-f86df5734ee1"",""timestamp"":""2026-09-18T19:15:56.337Z"",""cwd"":""/private/var/folders/nw/6_9204g535s835kn__nfthxh0000gn/T/router-repo-context-0bcjdlbh""}
{""type"":""agent_start""}
{""type"":""turn_start""}
{""type"":""message_start"",""message"":{""role"":""user"",""content"":[{""type"":""text"",""text"":""False positive EI_EXPOSE_REP when use Collections.emptySet, emptyList or emptyMap is used\n\nThis example return EI_EXPOSE_REP, but `emptyList()`, `emptySet()` and `emptyMap()` are immutable collections.\r\n\r\n```java\r\npublic record UnmodifiableRecord(List<String> list, Set<String> set, Map<String, String> map) {\r\n    public UnmodifiableRecord {\r\n        list = list != null ? List.copyOf(list) : Collections.emptyList();\r\n        set = set != null ? Set.copyOf(set) : Collections.emptySet();\r\n        map = map != null ? Map.copyOf(map) : Collections.emptyMap();\r\n    }\r\n}\r\n\r\npublic class UnmodifiableClass {\r\n    private final List<String> list;\r\n    private final Set<String> set;\r\n    private final Map<String, String> map;\r\n\r\n    public UnmodifiableClass(List<String> list, Set<String> set, Map<String, String> map) {\r\n        this.list = list != null ? List.copyOf(list) : Collections.emptyList();\r\n        this.set = set != null ? Set.copyOf(set) : Collections.emptySet();\r\n        this.map = map != null ? Map.copyOf(map) : Collections.emptyMap();\r\n    }\r\n    // getters\r\n}\r\n```\r\n\r\nHere a example to reproduce with tests to show immutable of classes.\r\n[spotBugsIssue.zip](https://github.com/user-attachments/files/15971459/spotBugsIssue.zip)\n\nThe repository is checked out in your current working directory, at the state before this issue was fixed. Use your available tools to explore the codebase, understand the issue, and make the necessary changes directly using your edit/write tools — actually modify the files; do not just describe or show the fix in your response. Your final message does not n ...[2026357 more chars]",47367,0,0,0.0,0
multi-swe-rl:spotbugs__spotbugs-2881,multi-swe-rl,12,calibration,google/gemma-4-31b-it,openrouter,error_harness,"402: {""message"":""This request would exceed your available credits given your current in-flight requests. Retry after in-flight requests settle, or add credits."",""code"":402,""metadata"":{""reason"":""in_flight_budget_exhausted"",""limit_source"":""openrouter_in_flight_budget"",""remedy_hint"":""Retry after your in-flight requests settle (see the Retry-After header). Adding credits at https://openrouter.ai/settings/credits raises your in-flight budget, up to a capped ceiling."",""headers"":{""Retry-After"":""120""},""provider_name"":null}}","{""type"":""session"",""version"":3,""id"":""01a0b5f3-1c03-7013-b4aa-2556a49fadb8"",""timestamp"":""2026-09-18T19:16:43.651Z"",""cwd"":""/private/var/folders/nw/6_9204g535s835kn__nfthxh0000gn/T/router-repo-context-4_7u6ki4""}
{""type"":""agent_start""}
{""type"":""turn_start""}
{""type"":""message_start"",""message"":{""role"":""user"",""content"":[{""type"":""text"",""text"":""VA_FORMAT_STRING_USES_NEWLINE - False positive in java 17 text block feature\n\nHi there,\r\nSeems that spotbugs report following error code VA_FORMAT_STRING_USES_NEWLINE on.\r\n```\r\n    // java 17\r\n    public static final String ACCOUNT_QUERY = \""\""\""\r\n        SELECT id,\r\n               name\r\n        FROM   account\r\n        WHERE  id = '%s'\r\n        \""\""\"";\r\n    String.format(ACCOUNT_QUERY, \""1\"");\r\n```\r\n\r\nAFAIK \""\""\"" don't accept %n. Guys can you take a look at it? Java 17 is becoming more popular.\n\nThe repository is checked out in your current working directory, at the state before this issue was fixed. Use your available tools to explore the codebase, understand the issue, and make the necessary changes directly using your edit/write tools — actually modify the files; do not just describe or show the fix in your response. Your final message does not need to include any code or diff — the changes you make to the files are the submission. Keep your change as small and targeted as possible — modify only what's strictly necessary to fix the described issue; do not update changelogs, CI configuration, documentation, test files, or unrelated code as part of this fix.""}],""timestamp"":1789759003699}}
{""type"":""message_end"",""message"":{""role"":""user"",""content"":[{""type"":""text"",""text"":""VA_FORMAT_STRING_USES_NEWLINE - False positive in java 17 text block feature\n\nHi there,\r\nSeems that spotbugs report following error code VA_FORMAT_STRING_USES_NEWLINE on.\r\n```\r\n    // java 17\r\n    public static final String ACCOUNT_QUERY = \""\""\""\r\n        SELECT id,\r\n               name\r\n        FROM   account\r\n        WHER ...[5881 more chars]",2669,0,0,0.0,0
multi-swe-rl:spotbugs__spotbugs-2516,multi-swe-rl,22,calibration,google/gemma-4-31b-it,openrouter,error_harness,"402: {""message"":""This request would exceed your available credits given your current in-flight requests. Retry after in-flight requests settle, or add credits."",""code"":402,""metadata"":{""reason"":""in_flight_budget_exhausted"",""limit_source"":""openrouter_in_flight_budget"",""remedy_hint"":""Retry after your in-flight requests settle (see the Retry-After header). Adding credits at https://openrouter.ai/settings/credits raises your in-flight budget, up to a capped ceiling."",""headers"":{""Retry-After"":""120""},""provider_name"":null}}","{""type"":""session"",""version"":3,""id"":""01a0b5f3-2666-745f-a3ae-692f886d87f5"",""timestamp"":""2026-09-18T19:16:46.310Z"",""cwd"":""/private/var/folders/nw/6_9204g535s835kn__nfthxh0000gn/T/router-repo-context-_dhxh7v0""}
{""type"":""agent_start""}
{""type"":""turn_start""}
{""type"":""message_start"",""message"":{""role"":""user"",""content"":[{""type"":""text"",""text"":""false-negative: java.nio.file.Files.readString(Path) should trigger DM_DEFAULT_ENCODING\n\nThe function java.nio.file.Files.readString(Path) is new since Java 11.\r\n\r\nIt uses the default charset and therefore should trigger DM_DEFAULT_ENCODING. It does not.\r\n\r\nTested with SpotBugs 4.7.1.\n\nThe repository is checked out in your current working directory, at the state before this issue was fixed. Use your available tools to explore the codebase, understand the issue, and make the necessary changes directly using your edit/write tools — actually modify the files; do not just describe or show the fix in your response. Your final message does not need to include any code or diff — the changes you make to the files are the submission. Keep your change as small and targeted as possible — modify only what's strictly necessary to fix the described issue; do not update changelogs, CI configuration, documentation, test files, or unrelated code as part of this fix.""}],""timestamp"":1789759006362}}
{""type"":""message_end"",""message"":{""role"":""user"",""content"":[{""type"":""text"",""text"":""false-negative: java.nio.file.Files.readString(Path) should trigger DM_DEFAULT_ENCODING\n\nThe function java.nio.file.Files.readString(Path) is new since Java 11.\r\n\r\nIt uses the default charset and therefore should trigger DM_DEFAULT_ENCODING. It does not.\r\n\r\nTested with SpotBugs 4.7.1.\n\nThe repository is checked out in your current working directory, at the state before this issue was fixed. Use your available tools to explore the codebase, understand the issue, and make the necessary changes directly using your edit/write tools — actually modify the files; d ...[5182 more chars]",2642,0,0,0.0,0
multi-swe-rl:colinhacks__zod-752,multi-swe-rl,2,calibration,google/gemma-4-31b-it,openrouter,error_harness,"402: {""message"":""This request would exceed your available credits given your current in-flight requests. Retry after in-flight requests settle, or add credits."",""code"":402,""metadata"":{""reason"":""in_flight_budget_exhausted"",""limit_source"":""openrouter_in_flight_budget"",""remedy_hint"":""Retry after your in-flight requests settle (see the Retry-After header). Adding credits at https://openrouter.ai/settings/credits raises your in-flight budget, up to a capped ceiling."",""headers"":{""Retry-After"":""120""},""provider_name"":null}}","{""type"":""session"",""version"":3,""id"":""01a0b5f3-2ee0-7908-8424-2f9fa1abe740"",""timestamp"":""2026-09-18T19:16:48.480Z"",""cwd"":""/private/var/folders/nw/6_9204g535s835kn__nfthxh0000gn/T/router-repo-context-7usg5nct""}
{""type"":""agent_start""}
{""type"":""turn_start""}
{""type"":""message_start"",""message"":{""role"":""user"",""content"":[{""type"":""text"",""text"":""Record types should be partial\n\nI love that in v3.9 we can now specify the type of the record key using enums or literals.\r\n\r\nBut the inferred `Record` type now needs to be wrapped in `Partial`, otherwise typescript forces us to specify every key, which is inconsistent with how the Zod parser interprets the same schema.\r\n\r\nFor example, suppose we create a schema that allows us to map states to temperatures:\r\n\r\n```ts\r\nconst Weather = z.object({\r\n    temperatures: z.record(z.enum(['VT', 'NH', 'CA', 'AZ']), z.enum(['warm', 'cold']))\r\n});\r\n```\r\n\r\nIf we map a couple of states, it parses fine. This parses without throwing:\r\n\r\n```ts\r\nWeather.parse({ temperatures: {VT: 'cold', CA: 'warm'} });\r\n```\r\n\r\nBut if we try to use the inferred type with the same object, typescript is not happy:\r\n\r\n```ts\r\ntype Weather = z.infer<typeof Weather>;\r\nconst weather: Weather = { temperatures: {VT: 'cold', CA: 'warm'} };\r\n```\r\n\r\nThis gives us this error:\r\n\r\n```ts\r\nType '{ VT: \""cold\""; CA: \""warm\""; }' is missing the following properties from type\r\n'Record<\""VT\"" | \""NH\"" | \""CA\"" | \""AZ\"", \""warm\"" | \""cold\"">': NH, AZ\r\ntypes.d.ts(639, 124)\r\n```\r\n\r\nIt wants us to specify all the states in the enum, which is not intuitive or useful, and is inconsistent with the Zod parser.\n\nThe repository is checked out in your current working directory, at the state before this issue was fixed. Use your available tools to explore the codebase, understand the issue, and make the necessary changes directly using your edit/write tools — actually modify the files; do not just describe or show the fix in your respo ...[8299 more chars]",1921,0,0,0.0,0
multi-swe-rl:colinhacks__zod-2161,multi-swe-rl,19,calibration,google/gemma-4-31b-it,openrouter,error_harness,"402: {""message"":""This request would exceed your available credits given your current in-flight requests. Retry after in-flight requests settle, or add credits."",""code"":402,""metadata"":{""reason"":""in_flight_budget_exhausted"",""limit_source"":""openrouter_in_flight_budget"",""remedy_hint"":""Retry after your in-flight requests settle (see the Retry-After header). Adding credits at https://openrouter.ai/settings/credits raises your in-flight budget, up to a capped ceiling."",""headers"":{""Retry-After"":""120""},""provider_name"":null}}","{""type"":""session"",""version"":3,""id"":""01a0b5f3-36b2-7534-9752-115c17bc34ac"",""timestamp"":""2026-09-18T19:16:50.482Z"",""cwd"":""/private/var/folders/nw/6_9204g535s835kn__nfthxh0000gn/T/router-repo-context-6yvd65a_""}
{""type"":""agent_start""}
{""type"":""turn_start""}
{""type"":""message_start"",""message"":{""role"":""user"",""content"":[{""type"":""text"",""text"":"".deepPartial with union support\n\nGiven the following example comparing `.deepPartial` to `PartialDeep` from type-fest.\r\n\r\n```ts\r\nimport { z } from 'zod'\r\nimport type { PartialDeep } from 'type-fest'\r\n\r\nconst ZodFoo = z.object({\r\n  bar: z.object({\r\n    zed: z.union([\r\n      z.object({\r\n        a: z.string(),\r\n      }),\r\n      z.object({\r\n        b: z.string(),\r\n      }),\r\n    ]),\r\n  }),\r\n})\r\n\r\ntype Foo = z.infer<typeof ZodFoo>\r\n\r\nconst ZodPartialFoo = ZodFoo.deepPartial()\r\ntype PartialFoo = z.infer<typeof ZodPartialFoo>\r\n\r\nlet f: PartialFoo\r\n// f.bar?.zed // a and b are not optional\r\n\r\nlet g: PartialDeep<Foo>\r\n// g.bar?.zed // a and b are optional\r\n```\r\n\r\nIs it possible zod `deepPartial` can handle unions making all properties of each type in the union optional as well?\n\nThe repository is checked out in your current working directory, at the state before this issue was fixed. Use your available tools to explore the codebase, understand the issue, and make the necessary changes directly using your edit/write tools — actually modify the files; do not just describe or show the fix in your response. Your final message does not need to include any code or diff — the changes you make to the files are the submission. Keep your change as small and targeted as possible — modify only what's strictly necessary to fix the described issue; do not update changelogs, CI configuration, documentation, test files, or unrelated code as part of this fix.""}],""timestamp"":1789759010533}}
{""type"":""message_end"",""message"":{""role"":""user"",""content"":[{""type"":""text"",""text"":"".deepPartial with union supp ...[6826 more chars]",2063,0,0,0.0,0
multi-swe-rl:colinhacks__zod-1222,multi-swe-rl,23,calibration,google/gemma-4-31b-it,openrouter,error_harness,"402: {""message"":""This request would exceed your available credits given your current in-flight requests. Retry after in-flight requests settle, or add credits."",""code"":402,""metadata"":{""reason"":""in_flight_budget_exhausted"",""limit_source"":""openrouter_in_flight_budget"",""remedy_hint"":""Retry after your in-flight requests settle (see the Retry-After header). Adding credits at https://openrouter.ai/settings/credits raises your in-flight budget, up to a capped ceiling."",""headers"":{""Retry-After"":""120""},""provider_name"":null}}","{""type"":""session"",""version"":3,""id"":""01a0b5f3-3e9d-7889-9b2e-880b6a6badfe"",""timestamp"":""2026-09-18T19:16:52.509Z"",""cwd"":""/private/var/folders/nw/6_9204g535s835kn__nfthxh0000gn/T/router-repo-context-tjz4jb4a""}
{""type"":""agent_start""}
{""type"":""turn_start""}
{""type"":""message_start"",""message"":{""role"":""user"",""content"":[{""type"":""text"",""text"":""Request: ZodDate min and max\n\nI'm happy to give this a shot myself if you think it's worthwhile to add!\r\n\r\nI get that this can currently be achieved with a refinement:\r\n\r\n```js\r\nz.date().refine((d) => d >= new Date(\""2020-01-01\"") && d <= new Date(\""2030-01-01\""))\r\n```\r\n\r\n... but it seems like a reasonable top-level concept to me:\r\n\r\n```js\r\nz.date().min(new Date(\""2020-01-01\"")).max(new Date(\""2030-01-01\""))\r\n```\n\nThe repository is checked out in your current working directory, at the state before this issue was fixed. Use your available tools to explore the codebase, understand the issue, and make the necessary changes directly using your edit/write tools — actually modify the files; do not just describe or show the fix in your response. Your final message does not need to include any code or diff — the changes you make to the files are the submission. Keep your change as small and targeted as possible — modify only what's strictly necessary to fix the described issue; do not update changelogs, CI configuration, documentation, test files, or unrelated code as part of this fix.""}],""timestamp"":1789759012558}}
{""type"":""message_end"",""message"":{""role"":""user"",""content"":[{""type"":""text"",""text"":""Request: ZodDate min and max\n\nI'm happy to give this a shot myself if you think it's worthwhile to add!\r\n\r\nI get that this can currently be achieved with a refinement:\r\n\r\n```js\r\nz.date().refine((d) => d >= new Date(\""2020-01-01\"") && d <= new Date(\""2030-01-01\""))\r\n```\r\n\r\n... but it seems like a reasonable top-level concept to me:\r\n\r\n```js\r\nz.date().min(new Date(\""2020-01-01\"")).max(new Date(\""2030-01- ...[5623 more chars]",1982,0,0,0.0,0
getmoto__moto-7324,swe-gym,0,calibration,google/gemma-4-31b-it,openrouter,error_harness,"402: {""message"":""This request would exceed your available credits given your current in-flight requests. Retry after in-flight requests settle, or add credits."",""code"":402,""metadata"":{""reason"":""in_flight_budget_exhausted"",""limit_source"":""openrouter_in_flight_budget"",""remedy_hint"":""Retry after your in-flight requests settle (see the Retry-After header). Adding credits at https://openrouter.ai/settings/credits raises your in-flight budget, up to a capped ceiling."",""headers"":{""Retry-After"":""120""},""provider_name"":null}}","{""type"":""session"",""version"":3,""id"":""01a0b5f3-47b9-7c6b-915b-244ad46b3ce8"",""timestamp"":""2026-09-18T19:16:54.841Z"",""cwd"":""/private/var/folders/nw/6_9204g535s835kn__nfthxh0000gn/T/router-repo-context-k267bxe5""}
{""type"":""agent_start""}
{""type"":""turn_start""}
{""type"":""message_start"",""message"":{""role"":""user"",""content"":[{""type"":""text"",""text"":""When modifying EC2 image attribute to add organization ARN to launch permissions, moto silently ignores it.\n**How to reproduce**\r\n\r\n```\r\nimage = boto3.resource(\""ec2\"").Image(ami_id)\r\narn = \""someOrganizationArn\""\r\nimage.modify_attribute(\r\n    Attribute=\""launchPermission\"",\r\n    OperationType=\""add\"",\r\n    OrganizationArns=[arn],\r\n)\r\n\r\nlaunch_permissions = image.describe_attribute(Attribute=\""launchPermission\"")[\""LaunchPermissions\""]\r\nassert launch_permissions == [{\""OrganizationArn\"": arn}]\r\n```\r\n\r\nI expected that the organization arn that was added to the launch permission was visible afterwards via describe_attribute however it was not. Moto API calls are successful, but what happened was there, there was no launch permissions at all. Moto silently ignored adding an organization ARN to launch permission of an image.\r\n\r\nUsing boto3==1.21.9, botocore==1.24.46 and moto==5.0.0\n\n\nThe repository is checked out in your current working directory, at the state before this issue was fixed. Use your available tools to explore the codebase, understand the issue, and make the necessary changes directly using your edit/write tools — actually modify the files; do not just describe or show the fix in your response. Your final message does not need to include any code or diff — the changes you make to the files are the submission. Keep your change as small and targeted as possible — modify only what's strictly necessary to fix the described issue; do not update changelogs, CI configuration, documentation, test files, or unrelated code as part of this fix.""}],""timestamp"":1789759014892}}
{""type"":""message_end"",""me ...[7078 more chars]",2519,0,0,0.0,0
getmoto__moto-6868,swe-gym,0,calibration,google/gemma-4-31b-it,openrouter,error_harness,"402: {""message"":""This request would exceed your available credits given your current in-flight requests. Retry after in-flight requests settle, or add credits."",""code"":402,""metadata"":{""reason"":""in_flight_budget_exhausted"",""limit_source"":""openrouter_in_flight_budget"",""remedy_hint"":""Retry after your in-flight requests settle (see the Retry-After header). Adding credits at https://openrouter.ai/settings/credits raises your in-flight budget, up to a capped ceiling."",""headers"":{""Retry-After"":""120""},""provider_name"":null}}","{""type"":""session"",""version"":3,""id"":""01a0b5f3-5147-7b4e-952f-4d0ed5a2ce39"",""timestamp"":""2026-09-18T19:16:57.287Z"",""cwd"":""/private/var/folders/nw/6_9204g535s835kn__nfthxh0000gn/T/router-repo-context-tczzh_y1""}
{""type"":""agent_start""}
{""type"":""turn_start""}
{""type"":""message_start"",""message"":{""role"":""user"",""content"":[{""type"":""text"",""text"":""TotalStorageCapacityInMegaBytes missing from redshift.describe_clusters()\n## Reporting Bugs\r\n\r\nPlease be aware of the following things when filing bug reports:\r\n\r\n1. Avoid raising duplicate issues. *Please* use the GitHub issue search feature\r\n   to check whether your bug report or feature request has been mentioned in\r\n   the past.\r\n2. When filing bug reports about exceptions or tracebacks, please include the\r\n   *complete* traceback. Partial tracebacks, or just the exception text, are\r\n   not helpful.\r\n3. Make sure you provide a suitable amount of information to work with. This\r\n   means you should provide:\r\n\r\n   - Guidance on **how to reproduce the issue**. Ideally, this should be a\r\n     *small* code sample that can be run immediately by the maintainers.\r\n     Failing that, let us know what you're doing, how often it happens, what\r\n     environment you're using, etc. Be thorough: it prevents us needing to ask\r\n     further questions.\r\n    \r\nUse `@mock_redshift`, and call `boto3_client.describe_clusters()`.\r\n`TotalStorageCapacityInMegaBytes` will be missing from the response.\r\n   - Tell us **what you expected to happen**. When we run your example code,\r\n     what are we expecting to happen? What does \""success\"" look like for your\r\n     code?\r\n`TotalStorageCapacityInMegaBytes` should appear in the response \r\n![image](https://github.com/getmoto/moto/assets/96263702/949749c9-56f3-4cc1-8532-b191630d49f5)\r\nhttps://docs.aws.amazon.com/cli/latest/reference/redshift/describe-clusters.html\r\n\r\n\r\n   - Tell us **what actually happens**. It's not helpful for you to say \""it\r\n     doesn ...[11683 more chars]",2354,0,0,0.0,0
getmoto__moto-6255,swe-gym,0,calibration,google/gemma-4-31b-it,openrouter,error_harness,"402: {""message"":""This request would exceed your available credits given your current in-flight requests. Retry after in-flight requests settle, or add credits."",""code"":402,""metadata"":{""reason"":""in_flight_budget_exhausted"",""limit_source"":""openrouter_in_flight_budget"",""remedy_hint"":""Retry after your in-flight requests settle (see the Retry-After header). Adding credits at https://openrouter.ai/settings/credits raises your in-flight budget, up to a capped ceiling."",""headers"":{""Retry-After"":""120""},""provider_name"":null}}","{""type"":""session"",""version"":3,""id"":""01a0b5f3-5a6b-7691-bb6f-0a9f300dca79"",""timestamp"":""2026-09-18T19:16:59.627Z"",""cwd"":""/private/var/folders/nw/6_9204g535s835kn__nfthxh0000gn/T/router-repo-context-e_jf3x5u""}
{""type"":""agent_start""}
{""type"":""turn_start""}
{""type"":""message_start"",""message"":{""role"":""user"",""content"":[{""type"":""text"",""text"":""Publishing to a FIFO SNS topic with MessageDeduplicationId fails\nAs of moto 4.1.7 I get an exception when publishing to a FIFO topic when content-based deduplication is disabled.\r\n\r\nHere's a snippet to demonstrate the problem:\r\n```python\r\n@mock_sns\r\n@mock_sqs\r\ndef test():\r\n    sns = boto3.resource(\""sns\"", region_name=\""eu-north-1\"")\r\n    topic = sns.create_topic(Name=\""topic.fifo\"", Attributes={\""FifoTopic\"": \""true\""})\r\n    sqs = boto3.resource(\""sqs\"", region_name=\""eu-north-1\"")\r\n    queue = sqs.create_queue(QueueName=\""queue.fifo\"", Attributes={\""FifoQueue\"": \""true\""})\r\n    topic.subscribe(Protocol=\""sqs\"", Endpoint=queue.attributes[\""QueueArn\""], Attributes={\""RawMessageDelivery\"": \""true\""})\r\n    topic.publish(Message=\""foo\"", MessageGroupId=\""groupid\"", MessageDeduplicationId=\""dedupid\"")\r\n```\r\n\r\nThe expected behavior is for the MessageDeduplicationId to be passed along to the SQS queue. Instead it fails with the following traceback:\r\n\r\n```\r\nTraceback (most recent call last):\r\n  File \""/Users/njanlert/src/err.py\"", line 16, in <module>\r\n    test()\r\n  File \""/Users/njanlert/src/env/lib/python3.11/site-packages/moto/core/models.py\"", line 124, in wrapper\r\n    result = func(*args, **kwargs)\r\n             ^^^^^^^^^^^^^^^^^^^^^\r\n  File \""/Users/njanlert/src/env/lib/python3.11/site-packages/moto/core/models.py\"", line 124, in wrapper\r\n    result = func(*args, **kwargs)\r\n             ^^^^^^^^^^^^^^^^^^^^^\r\n  File \""/Users/njanlert/src/err.py\"", line 13, in test\r\n    topic.publish(Message=\""foo\"", MessageGroupId=\""groupid\"", MessageDeduplicationId=\""dedupid\"")\r\n  File \""/Users/ ...[12856 more chars]",2311,0,0,0.0,0
getmoto__moto-7303,swe-gym,0,calibration,google/gemma-4-31b-it,openrouter,error_harness,"402: {""message"":""This request would exceed your available credits given your current in-flight requests. Retry after in-flight requests settle, or add credits."",""code"":402,""metadata"":{""reason"":""in_flight_budget_exhausted"",""limit_source"":""openrouter_in_flight_budget"",""remedy_hint"":""Retry after your in-flight requests settle (see the Retry-After header). Adding credits at https://openrouter.ai/settings/credits raises your in-flight budget, up to a capped ceiling."",""headers"":{""Retry-After"":""120""},""provider_name"":null}}","{""type"":""session"",""version"":3,""id"":""01a0b5f3-639b-711c-a3a3-b4548b710ab3"",""timestamp"":""2026-09-18T19:17:01.979Z"",""cwd"":""/private/var/folders/nw/6_9204g535s835kn__nfthxh0000gn/T/router-repo-context-k1pbv8g3""}
{""type"":""agent_start""}
{""type"":""turn_start""}
{""type"":""message_start"",""message"":{""role"":""user"",""content"":[{""type"":""text"",""text"":""self-copying an old version works in S3, doesn't work in moto\n## Short description\r\nIn S3, you can copy from an old version of an object as the source to the same key as the destination. Moto however gives an error.\r\n\r\n## Reproducer\r\n\r\n```python\r\nfrom random import getrandbits\r\nimport os\r\nimport boto3\r\n\r\nBUCKET_NAME=\""moto-self-copy-reproducer-bucket\""\r\n\r\ndef create_bucket(client):\r\n    client.create_bucket(\r\n        Bucket=BUCKET_NAME,\r\n    )\r\n    client.put_bucket_versioning(\r\n        Bucket=BUCKET_NAME,\r\n        VersioningConfiguration={\r\n            \""MFADelete\"": \""Disabled\"",\r\n            \""Status\"": \""Enabled\"",\r\n        },\r\n    )\r\n\r\ndef print_key(client, keyname):\r\n    resp=client.get_object(\r\n        Bucket=BUCKET_NAME,\r\n        Key=keyname,\r\n    )\r\n    print(\""\\nthe key contains:\"", resp[\""Body\""].read())\r\n\r\ndef main():\r\n    client = boto3.client(\""s3\"")\r\n    keyname = f\""moto-self-copy-reproducer/key-{getrandbits(16)}\""\r\n    create_bucket(client)\r\n    client.put_object(\r\n        Body=\""Hello, world!\"",\r\n        Bucket=BUCKET_NAME,\r\n        Key=keyname\r\n    )\r\n    print_key(client, keyname)\r\n    client.put_object(\r\n        Body=\""New content\"",\r\n        Bucket=BUCKET_NAME,\r\n        Key=keyname\r\n    )\r\n    print_key(client, keyname)\r\n    resp = client.list_object_versions(\r\n        Bucket=BUCKET_NAME,\r\n        Prefix=keyname,\r\n    )\r\n    print(resp)\r\n    ver_id=next(v for v in resp[\""Versions\""] if v[\""IsLatest\""] == False)[\""VersionId\""]\r\n    print(\""reverting key to version:\"", ver_id)\r\n    client.copy_object(\r\n     ...[22624 more chars]",2497,0,0,0.0,0
getmoto__moto-5620,swe-gym,0,calibration,google/gemma-4-31b-it,openrouter,error_harness,"402: {""message"":""This request would exceed your available credits given your current in-flight requests. Retry after in-flight requests settle, or add credits."",""code"":402,""metadata"":{""reason"":""in_flight_budget_exhausted"",""limit_source"":""openrouter_in_flight_budget"",""remedy_hint"":""Retry after your in-flight requests settle (see the Retry-After header). Adding credits at https://openrouter.ai/settings/credits raises your in-flight budget, up to a capped ceiling."",""headers"":{""Retry-After"":""120""},""provider_name"":null}}","{""type"":""session"",""version"":3,""id"":""01a0b5f3-6d08-7cc5-a8a6-b98b83966526"",""timestamp"":""2026-09-18T19:17:04.392Z"",""cwd"":""/private/var/folders/nw/6_9204g535s835kn__nfthxh0000gn/T/router-repo-context-dr6161ka""}
{""type"":""agent_start""}
{""type"":""turn_start""}
{""type"":""message_start"",""message"":{""role"":""user"",""content"":[{""type"":""text"",""text"":""Dynamodb update_item does not raise ValidationException when changing the partition key\nHi,\r\n\r\nThe `update_item` method on the `resource(\""dynamodb\"").Table(\""table_name\"")` object should raise ValidationException if the user tries to change the partition key.\r\n\r\nSpecifically it should raise:\r\n\r\n`botocore.exceptions.ClientError: An error occurred (ValidationException) when calling the UpdateItem operation: One or more parameter values were invalid: Cannot update attribute pk. This attribute is part of the key`\r\n\r\nHowever when using moto's `mock_dynamodb` context manager it does not.\r\n\r\nA test case to replicate the issue is shown below:\r\n\r\n```\r\nfrom boto3 import client, resource\r\nfrom moto import mock_dynamodb\r\n\r\n\r\ndef test_foo(\r\n):\r\n    table_name = \""mytable\""\r\n    with mock_dynamodb():\r\n        dynamodb_client = client(\""dynamodb\"", region_name=\""us-east-2\"")\r\n        dynamodb_client.create_table(\r\n            TableName=table_name,\r\n            KeySchema=[\r\n                {\r\n                    \""AttributeName\"": \""pk\"",\r\n                    \""KeyType\"": \""HASH\"",\r\n                },  # Partition key\r\n            ],\r\n            AttributeDefinitions=[\r\n                {\""AttributeName\"": \""pk\"", \""AttributeType\"": \""S\""},\r\n            ],\r\n            BillingMode=\""PAY_PER_REQUEST\"",\r\n        )\r\n        table = resource(\""dynamodb\"", region_name=\""us-east-2\"").Table(table_name)\r\n        base_item = {\""pk\"": \""test\"", \""foo\"": 1, \""bar\"": \""two\""}\r\n        table.put_item(Item=base_item)\r\n\r\n        table.update_item(\r\n            Key={\""pk\"": \""test\""},\r\n ...[10300 more chars]",2332,0,0,0.0,0
getmoto__moto-5347,swe-gym,0,calibration,google/gemma-4-31b-it,openrouter,error_harness,"402: {""message"":""This request would exceed your available credits given your current in-flight requests. Retry after in-flight requests settle, or add credits."",""code"":402,""metadata"":{""reason"":""in_flight_budget_exhausted"",""limit_source"":""openrouter_in_flight_budget"",""remedy_hint"":""Retry after your in-flight requests settle (see the Retry-After header). Adding credits at https://openrouter.ai/settings/credits raises your in-flight budget, up to a capped ceiling."",""headers"":{""Retry-After"":""120""},""provider_name"":null}}","{""type"":""session"",""version"":3,""id"":""01a0b5f3-7607-755c-89ee-9e8e32d97f09"",""timestamp"":""2026-09-18T19:17:06.695Z"",""cwd"":""/private/var/folders/nw/6_9204g535s835kn__nfthxh0000gn/T/router-repo-context-29pxj6zt""}
{""type"":""agent_start""}
{""type"":""turn_start""}
{""type"":""message_start"",""message"":{""role"":""user"",""content"":[{""type"":""text"",""text"":""ec2 created without keypair has KeyName = 'None'\nWhen creating an instance without a keypair, moto describes the instance as having a keypair called`None`:\r\n\r\n```python\r\nimport boto3\r\nfrom moto import mock_ec2\r\n\r\nmock = mock_ec2()\r\nmock.start()\r\n\r\nec2_client = boto3.client(\""ec2\"", region_name=\""us-east-1\"")\r\nec2_client.run_instances(\r\n    MaxCount=1,\r\n    MinCount=1,\r\n)\r\n\r\nresponse = ec2_client.describe_instances()\r\n\r\n# the following is true\r\nassert response['Reservations'][0]['Instances'][0]['KeyName'] == 'None'\r\n```\r\n\r\nHowever the EC2 describe instances API will return a response without the KeyName field for EC2 instances without a keypair.\r\n \r\n moto 3.1.16\n\n\nThe repository is checked out in your current working directory, at the state before this issue was fixed. Use your available tools to explore the codebase, understand the issue, and make the necessary changes directly using your edit/write tools — actually modify the files; do not just describe or show the fix in your response. Your final message does not need to include any code or diff — the changes you make to the files are the submission. Keep your change as small and targeted as possible — modify only what's strictly necessary to fix the described issue; do not update changelogs, CI configuration, documentation, test files, or unrelated code as part of this fix.""}],""timestamp"":1789759026747}}
{""type"":""message_end"",""message"":{""role"":""user"",""content"":[{""type"":""text"",""text"":""ec2 created without keypair has KeyName = 'None'\nWhen creating an instance without a keypair, moto describes the instance as having a keypair called`Non ...[6451 more chars]",2235,0,0,0.0,0
getmoto__moto-7167,swe-gym,0,calibration,google/gemma-4-31b-it,openrouter,error_harness,"402: {""message"":""This request would exceed your available credits given your current in-flight requests. Retry after in-flight requests settle, or add credits."",""code"":402,""metadata"":{""reason"":""in_flight_budget_exhausted"",""limit_source"":""openrouter_in_flight_budget"",""remedy_hint"":""Retry after your in-flight requests settle (see the Retry-After header). Adding credits at https://openrouter.ai/settings/credits raises your in-flight budget, up to a capped ceiling."",""headers"":{""Retry-After"":""120""},""provider_name"":null}}","{""type"":""session"",""version"":3,""id"":""01a0b5f3-7f26-73e6-a54d-6ab768113453"",""timestamp"":""2026-09-18T19:17:09.030Z"",""cwd"":""/private/var/folders/nw/6_9204g535s835kn__nfthxh0000gn/T/router-repo-context-mz0w_f4d""}
{""type"":""agent_start""}
{""type"":""turn_start""}
{""type"":""message_start"",""message"":{""role"":""user"",""content"":[{""type"":""text"",""text"":""Cognito IDP/ create-resource-server: TypeError if no scopes are provided\nIf I try to create a ressource servers without scope Moto is crashing with the following error : \r\n\r\n```python\r\nself = <moto.cognitoidp.models.CognitoResourceServer object at 0x1096a4750>\r\n\r\n    def to_json(self) -> Dict[str, Any]:\r\n        res: Dict[str, Any] = {\r\n            \""UserPoolId\"": self.user_pool_id,\r\n            \""Identifier\"": self.identifier,\r\n            \""Name\"": self.name,\r\n        }\r\n    \r\n>       if len(self.scopes) != 0:\r\nE       TypeError: object of type 'NoneType' has no len()\r\n\r\n../venv/lib/python3.11/site-packages/moto/cognitoidp/models.py:909: TypeError\r\n```\r\n\r\nBut per documentation https://boto3.amazonaws.com/v1/documentation/api/latest/reference/services/cognito-idp/client/create_resource_server.html#create-resource-server the scope list is not required\n\n\nThe repository is checked out in your current working directory, at the state before this issue was fixed. Use your available tools to explore the codebase, understand the issue, and make the necessary changes directly using your edit/write tools — actually modify the files; do not just describe or show the fix in your response. Your final message does not need to include any code or diff — the changes you make to the files are the submission. Keep your change as small and targeted as possible — modify only what's strictly necessary to fix the described issue; do not update changelogs, CI configuration, documentation, test files, or unrelated code as part of this fix.""}],""timestamp"":1789759029080}}
{""type"":""message_end"",""message"":{""role"":""user"",""co ...[7003 more chars]",2506,0,0,0.0,0
iterative__dvc-4978,swe-gym,8,calibration,google/gemma-4-31b-it,openrouter,error_harness,"402: {""message"":""This request would exceed your available credits given your current in-flight requests. Retry after in-flight requests settle, or add credits."",""code"":402,""metadata"":{""reason"":""in_flight_budget_exhausted"",""limit_source"":""openrouter_in_flight_budget"",""remedy_hint"":""Retry after your in-flight requests settle (see the Retry-After header). Adding credits at https://openrouter.ai/settings/credits raises your in-flight budget, up to a capped ceiling."",""headers"":{""Retry-After"":""120""},""provider_name"":null}}","{""type"":""session"",""version"":3,""id"":""01a0b5f3-87d4-79d1-84fa-228ac9f323be"",""timestamp"":""2026-09-18T19:17:11.252Z"",""cwd"":""/private/var/folders/nw/6_9204g535s835kn__nfthxh0000gn/T/router-repo-context-1d2haw6z""}
{""type"":""agent_start""}
{""type"":""turn_start""}
{""type"":""message_start"",""message"":{""role"":""user"",""content"":[{""type"":""text"",""text"":""dvc init fails when .dvc directory is git-ignored\nTested on Windows (binary & pip install) in Windows Terminal (Powershell) and in Git Bash.\r\n\r\n**Issue**\r\nI tried to run \""dvc init\"" in a repository that had an \"".*\"" entry in its .gitignore. With -v flag, it fails with the following message:\r\n```\r\nTraceback (most recent call last):\r\n  File \""dvc\\main.py\"", line 49, in main\r\n  File \""dvc\\command\\init.py\"", line 21, in run\r\n  File \""dvc\\repo__init.py\"", line 155, in init\r\n  File \""dvc\\repo\\init.py\"", line 108, in init\r\n  File \""dvc\\scm\\git__init.py\"", line 194, in add\r\n  File \""site-packages\\git\\index\\base.py\"", line 740, in add\r\n  File \""site-packages\\git\\util.py\"", line 68, in wrapper\r\n  File \""site-packages\\git\\index\\util.py\"", line 91, in set_git_working_dir\r\n  File \""site-packages\\git\\index\\base.py\"", line 626, in _entries_for_paths\r\n  File \""site-packages\\git\\index\\base.py\"", line 587, in _store_path\r\nFileNotFoundError: [WinError 2] Das System kann die angegebene Datei nicht finden: '.dvc\\.gitignore'\r\n```\r\n\r\n**Steps to reproduce:**\r\n1. mkdir example\r\n2. cd example\r\n3. git init\r\n4. echo \"".*\"" >> .gitignore\r\n5. dvc init -v  # this fails!\r\n_this is how I fixed it:_\r\n6. echo \""!.dvc\"" >> .gitignore\r\n7. dvc init -fv\r\n\r\nWhat's confusing is that after step 5, .dvc exists and has a few items in there. .dvc/config is even committed to git. That's why I didn't consider that my .gitignore could have anything to do with it. I only figured out the reason with the help of skshetry in Discord (thanks!). It would have been helpful if there was a better error message ...[9526 more chars]",1967,0,0,0.0,0
iterative__dvc-5822,swe-gym,8,calibration,google/gemma-4-31b-it,openrouter,error_harness,"402: {""message"":""This request would exceed your available credits given your current in-flight requests. Retry after in-flight requests settle, or add credits."",""code"":402,""metadata"":{""reason"":""in_flight_budget_exhausted"",""limit_source"":""openrouter_in_flight_budget"",""remedy_hint"":""Retry after your in-flight requests settle (see the Retry-After header). Adding credits at https://openrouter.ai/settings/credits raises your in-flight budget, up to a capped ceiling."",""headers"":{""Retry-After"":""120""},""provider_name"":null}}","{""type"":""session"",""version"":3,""id"":""01a0b5f3-8f8b-79f8-a83c-7dbfaa5b61ca"",""timestamp"":""2026-09-18T19:17:13.227Z"",""cwd"":""/private/var/folders/nw/6_9204g535s835kn__nfthxh0000gn/T/router-repo-context-190nm35_""}
{""type"":""agent_start""}
{""type"":""turn_start""}
{""type"":""message_start"",""message"":{""role"":""user"",""content"":[{""type"":""text"",""text"":""dvc.api.open: fails when using a local repo and any revision\n# Bug Report\r\n\r\n## Description\r\n\r\nAfter upgrading to `dvc 2.0` my old code that worked fine for `dvc 1.x.x` started raising exceptions. And the reason for that is `dvc.api.open`. If I try to open any file from my local repo (you also need to provide a revision), I get an exception. However, it's fine if I use a remote repo.\r\n\r\nFor instance, the following code:\r\n```\r\nwith dvc.api.open(\""metrics/metrics.json\"", repo='local_repo', rev='test_branch', mode='r') as f:\r\n    # loading metrics...\r\n```\r\n\r\nLeads to:\r\n```\r\n---------------------------------------------------------------------------\r\nAssertionError                            Traceback (most recent call last)\r\n<timed exec> in <module>\r\n\r\n~\\Miniconda3\\envs\\testenv\\lib\\contextlib.py in __enter__(self)\r\n    111         del self.args, self.kwds, self.func\r\n    112         try:\r\n--> 113             return next(self.gen)\r\n    114         except StopIteration:\r\n    115             raise RuntimeError(\""generator didn't yield\"") from None\r\n\r\n~\\Miniconda3\\envs\\testenv\\lib\\site-packages\\dvc\\api.py in _open(path, repo, rev, remote, mode, encoding)\r\n     74 \r\n     75 def _open(path, repo=None, rev=None, remote=None, mode=\""r\"", encoding=None):\r\n---> 76     with Repo.open(repo, rev=rev, subrepos=True, uninitialized=True) as _repo:\r\n     77         with _repo.open_by_relpath(\r\n     78             path, remote=remote, mode=mode, encoding=encoding\r\n\r\n~\\Miniconda3\\envs\\testenv\\lib\\contextlib.py in __enter__(self)\r\n    111         del self.args, self.kwds, self ...[16051 more chars]",1959,0,0,0.0,0
iterative__dvc-6855,swe-gym,8,calibration,google/gemma-4-31b-it,openrouter,fail,pytest reported failures,"diff --git a/dvc/command/machine.py b/dvc/command/machine.py
index a6541ef40..1275a2eef 100644
--- a/dvc/command/machine.py
+++ b/dvc/command/machine.py
@@ -390,7 +390,7 @@ def add_parser(subparsers, parent_parser):
     )
     machine_create_parser.set_defaults(func=CmdMachineCreate)
 
-    machine_STATUS_HELP = ""List the status of a running machine.""
+    machine_STATUS_HELP = ""List the status of running machines.""
     machine_status_parser = machine_subparsers.add_parser(
         ""status"",
         parents=[parent_config_parser, parent_parser],
@@ -399,7 +399,9 @@ def add_parser(subparsers, parent_parser):
         formatter_class=argparse.RawDescriptionHelpFormatter,
     )
     machine_status_parser.add_argument(
-        ""name"", help=""Name of the running machine.""
+        ""name"",
+        nargs=""?"",
+        help=""Name of the running machine."",
     )
     machine_status_parser.set_defaults(func=CmdMachineStatus)
 
diff --git a/dvc/machine/__init__.py b/dvc/machine/__init__.py
index ccf767f46..92a6c6434 100644
--- a/dvc/machine/__init__.py
+++ b/dvc/machine/__init__.py
@@ -203,9 +203,14 @@ class MachineManager:
         config, backend = self.get_config_and_backend(name)
         return backend.run_shell(**config)
 
-    def status(self, name: str) -> Iterator[Dict[Any, Any]]:
-        config, backend = self.get_config_and_backend(name)
-        return backend.instances(**config)
+    def status(self, name: Optional[str] = None) -> Iterator[Dict[Any, Any]]:
+        if name is not None:
+            config, backend = self.get_config_and_backend(name)
+            yield from backend.instances(**config)
+        else:
+            for m_name in self.repo.config[""machine""]:
+                config, backend = self.get_config_and_backend(m_name)
+                yield from backend.instances(**config)
 
     def rename(self, name: str, new: str):
         """"""move configuration to a new location if the machine is running.""""""
",302268,12219,6980,0.00732411,12
iterative__dvc-3784,swe-gym,8,calibration,google/gemma-4-31b-it,openrouter,error_harness,"402: {""message"":""This request would exceed your available credits given your current in-flight requests. Retry after in-flight requests settle, or add credits."",""code"":402,""metadata"":{""reason"":""in_flight_budget_exhausted"",""limit_source"":""openrouter_in_flight_budget"",""remedy_hint"":""Retry after your in-flight requests settle (see the Retry-After header). Adding credits at https://openrouter.ai/settings/credits raises your in-flight budget, up to a capped ceiling."",""headers"":{""Retry-After"":""120""},""provider_name"":null}}","{""type"":""session"",""version"":3,""id"":""01a0b5f8-34b0-7d35-bab3-2e11f38e2633"",""timestamp"":""2026-09-18T19:22:17.648Z"",""cwd"":""/private/var/folders/nw/6_9204g535s835kn__nfthxh0000gn/T/router-repo-context-wa3yyhhr""}
{""type"":""agent_start""}
{""type"":""turn_start""}
{""type"":""message_start"",""message"":{""role"":""user"",""content"":[{""type"":""text"",""text"":""diff: no need for error when there's no HEAD (new Git repo)\n```console\r\n$ dvc version\r\nWARNING: Unable to detect supported link types, as cache directory '.dvc/cache' doesn't exist. It is usually auto-created by commands such as `dvc add/fetch/pull/run/import`, but you could create it manually to enable this check.\r\nDVC version: 0.83.0\r\nPython version: 3.7.6\r\nPlatform: Darwin-19.3.0-x86_64-i386-64bit\r\nBinary: False\r\nPackage: brew\r\n\r\n$ git init\r\n$ dvc init\r\n$ echo foo > data\r\n$ dvc diff\r\nERROR: failed to get diff - unknown Git revision 'HEAD'                 \r\n\r\nHaving any troubles? Hit us up at https://dvc.org/support, we are always happy to help!\r\n```\r\n\r\n^ It could simply not print anything, I think.\r\n\r\n> p.s. also not sure about the need for that `WARNING` in `dvc version`.\n\n\nThe repository is checked out in your current working directory, at the state before this issue was fixed. Use your available tools to explore the codebase, understand the issue, and make the necessary changes directly using your edit/write tools — actually modify the files; do not just describe or show the fix in your response. Your final message does not need to include any code or diff — the changes you make to the files are the submission. Keep your change as small and targeted as possible — modify only what's strictly necessary to fix the described issue; do not update changelogs, CI configuration, documentation, test files, or unrelated code as part of this fix.""}],""timestamp"":1789759337698}}
{""type"":""message_end"",""message"":{""role"":""user"",""content"":[{""type"":""text"",""text"":""diff: no need for error when there's no HE ...[881893 more chars]",32611,0,0,0.0,0
pandas-dev__pandas-58369,swe-gym,6,calibration,google/gemma-4-31b-it,openrouter,error_harness,"402: {""message"":""This request would exceed your available credits given your current in-flight requests. Retry after in-flight requests settle, or add credits."",""code"":402,""metadata"":{""reason"":""in_flight_budget_exhausted"",""limit_source"":""openrouter_in_flight_budget"",""remedy_hint"":""Retry after your in-flight requests settle (see the Retry-After header). Adding credits at https://openrouter.ai/settings/credits raises your in-flight budget, up to a capped ceiling."",""headers"":{""Retry-After"":""120""},""provider_name"":null}}","{""type"":""session"",""version"":3,""id"":""01a0b5f8-b5ea-7c1f-b526-9fe3eeaa617c"",""timestamp"":""2026-09-18T19:22:50.731Z"",""cwd"":""/private/var/folders/nw/6_9204g535s835kn__nfthxh0000gn/T/router-repo-context-ryqylnt0""}
{""type"":""agent_start""}
{""type"":""turn_start""}
{""type"":""message_start"",""message"":{""role"":""user"",""content"":[{""type"":""text"",""text"":""BUG: GroupBy.apply with as_index=False still produces a MultiIndex\n### Pandas version checks\r\n\r\n- [X] I have checked that this issue has not already been reported.\r\n\r\n- [X] I have confirmed this bug exists on the [latest version](https://pandas.pydata.org/docs/whatsnew/index.html) of pandas.\r\n\r\n- [X] I have confirmed this bug exists on the [main branch](https://pandas.pydata.org/docs/dev/getting_started/install.html#installing-the-development-version-of-pandas) of pandas.\r\n\r\n\r\n### Reproducible Example\r\n\r\nAssume we have this data:\r\n\r\n```python\r\nIn [88]:   df = pd.DataFrame([\r\n    ...:       [\""group_a\"", 0],\r\n    ...:       [\""group_a\"", 2],\r\n    ...:       [\""group_b\"", 1],\r\n    ...:       [\""group_b\"", 3],\r\n    ...:       [\""group_b\"", 5],\r\n    ...:   ], columns=[\""group\"", \""value\""])\r\n    ...: \r\n    ...:   df\r\nIn [88]:   def up_to_two_rows(df: pd.DataFrame) -> pd.DataFrame:\r\n    ...:       return df.head(2)\r\n\r\n```\r\n\r\nCalling .apply seems to always create a MultiIndex, even when you don't ask for the groups:\r\n\r\n```\r\nIn [89]: df.groupby(\""group\"").apply(up_to_two_rows)\r\n<ipython-input-89-e4954502d06d>:1: DeprecationWarning: DataFrameGroupBy.apply operated on the grouping columns. This behavior is deprecated, and in a future version of pandas the grouping columns will be excluded from the operation. Either pass `include_groups=False` to exclude the groupings or explicitly select the grouping columns after groupby to silence this warning.\r\n  df.groupby(\""group\"").apply(up_to_two_rows)\r\nOut[89]: \r\n             group  value\r\ngroup                    \r\ngroup_a 0  gro ...[13018 more chars]",2502,0,0,0.0,0
pandas-dev__pandas-58231,swe-gym,6,calibration,google/gemma-4-31b-it,openrouter,error_harness,"402: {""message"":""This request would exceed your available credits given your current in-flight requests. Retry after in-flight requests settle, or add credits."",""code"":402,""metadata"":{""reason"":""in_flight_budget_exhausted"",""limit_source"":""openrouter_in_flight_budget"",""remedy_hint"":""Retry after your in-flight requests settle (see the Retry-After header). Adding credits at https://openrouter.ai/settings/credits raises your in-flight budget, up to a capped ceiling."",""headers"":{""Retry-After"":""120""},""provider_name"":null}}","{""type"":""session"",""version"":3,""id"":""01a0b5f8-bea5-7583-92e5-7e5b3fa3d77e"",""timestamp"":""2026-09-18T19:22:52.965Z"",""cwd"":""/private/var/folders/nw/6_9204g535s835kn__nfthxh0000gn/T/router-repo-context-phk5maz0""}
{""type"":""agent_start""}
{""type"":""turn_start""}
{""type"":""message_start"",""message"":{""role"":""user"",""content"":[{""type"":""text"",""text"":""Allow method keyword for DataFrame.corrwith()\nNow it is not possible to choose method when using corrwith() function, which defaults to pearson (I assume). Would be great to see the same methods that are allowed in corr().\n\n\n\nThe repository is checked out in your current working directory, at the state before this issue was fixed. Use your available tools to explore the codebase, understand the issue, and make the necessary changes directly using your edit/write tools — actually modify the files; do not just describe or show the fix in your response. Your final message does not need to include any code or diff — the changes you make to the files are the submission. Keep your change as small and targeted as possible — modify only what's strictly necessary to fix the described issue; do not update changelogs, CI configuration, documentation, test files, or unrelated code as part of this fix.""}],""timestamp"":1789759373007}}
{""type"":""message_end"",""message"":{""role"":""user"",""content"":[{""type"":""text"",""text"":""Allow method keyword for DataFrame.corrwith()\nNow it is not possible to choose method when using corrwith() function, which defaults to pearson (I assume). Would be great to see the same methods that are allowed in corr().\n\n\n\nThe repository is checked out in your current working directory, at the state before this issue was fixed. Use your available tools to explore the codebase, understand the issue, and make the necessary changes directly using your edit/write tools — actually modify the files; do not just describe or show the fix in your response. Your final message does not need to include any code or diff — the changes you mak ...[4978 more chars]",2095,0,0,0.0,0
pandas-dev__pandas-53795,swe-gym,14,calibration,google/gemma-4-31b-it,openrouter,error_harness,"402: {""message"":""This request would exceed your available credits given your current in-flight requests. Retry after in-flight requests settle, or add credits."",""code"":402,""metadata"":{""reason"":""in_flight_budget_exhausted"",""limit_source"":""openrouter_in_flight_budget"",""remedy_hint"":""Retry after your in-flight requests settle (see the Retry-After header). Adding credits at https://openrouter.ai/settings/credits raises your in-flight budget, up to a capped ceiling."",""headers"":{""Retry-After"":""120""},""provider_name"":null}}","{""type"":""session"",""version"":3,""id"":""01a0b5f8-c6e1-71a9-9f81-d727fe8001f6"",""timestamp"":""2026-09-18T19:22:55.073Z"",""cwd"":""/private/var/folders/nw/6_9204g535s835kn__nfthxh0000gn/T/router-repo-context-u1lulw9s""}
{""type"":""agent_start""}
{""type"":""turn_start""}
{""type"":""message_start"",""message"":{""role"":""user"",""content"":[{""type"":""text"",""text"":""BUG: weekday incorrect for dates before 0000-03-01\n### Pandas version checks\n\n- [X] I have checked that this issue has not already been reported.\n\n- [X] I have confirmed this bug exists on the [latest version](https://pandas.pydata.org/docs/whatsnew/index.html) of pandas.\n\n- [X] I have confirmed this bug exists on the [main branch](https://pandas.pydata.org/docs/dev/getting_started/install.html#installing-the-development-version-of-pandas) of pandas.\n\n\n### Reproducible Example\n\n```python\nIn [1]: pd.Timestamp('0000-03-01').weekday()\r\nOut[1]: 2\r\n\r\nIn [2]: pd.Timestamp('0000-02-29').weekday()\r\nOut[2]: 2\n```\n\n\n### Issue Description\n\npandas thinks that before Wednesday there was another Wednesday - my guess is that this was written by a French pupil trying to get an extra half-day off? 😄 \n\n### Expected Behavior\n\nI'd expect\r\n```python\r\nIn [1]: pd.Timestamp('0000-03-01').weekday()\r\nOut[1]: 2\r\n\r\nIn [2]: pd.Timestamp('0000-02-29').weekday()\r\nOut[2]: 1\r\n```\r\n\r\nAt least, that's what Rust's chrono gives:\r\n```Rust\r\nuse chrono::{NaiveDate};\r\n\r\nfn main() {\r\n    let date_str = \""0000-02-29\"";\r\n    let date = NaiveDate::parse_from_str(date_str, \""%Y-%m-%d\"").unwrap();\r\n    let weekday_abbrev = date.format(\""%a\"").to_string();\r\n    println!(\""date: {:?}\"", date);\r\n    println!(\""Weekday (abbreviated): {}\"", weekday_abbrev);\r\n}\r\n```\r\noutputs\r\n```Rust\r\ndate: 0000-02-29\r\nWeekday (abbreviated): Tue\r\n```\r\n\r\nLikewise, https://calculat.io/en/date/what-day-of-the-week-is/29-february-0000 gives it as Tuesday\n\n### Installed Versions\n\n<details>\r\n\r\n\r\nINSTALLED VERSIONS\r\n ...[14680 more chars]",2110,0,0,0.0,0
pandas-dev__pandas-56522,swe-gym,14,calibration,google/gemma-4-31b-it,openrouter,error_harness,"402: {""message"":""This request would exceed your available credits given your current in-flight requests. Retry after in-flight requests settle, or add credits."",""code"":402,""metadata"":{""reason"":""in_flight_budget_exhausted"",""limit_source"":""openrouter_in_flight_budget"",""remedy_hint"":""Retry after your in-flight requests settle (see the Retry-After header). Adding credits at https://openrouter.ai/settings/credits raises your in-flight budget, up to a capped ceiling."",""headers"":{""Retry-After"":""120""},""provider_name"":null}}","{""type"":""session"",""version"":3,""id"":""01a0b5f8-cf20-7632-8c64-e83b8611fa31"",""timestamp"":""2026-09-18T19:22:57.184Z"",""cwd"":""/private/var/folders/nw/6_9204g535s835kn__nfthxh0000gn/T/router-repo-context-9my4wzdh""}
{""type"":""agent_start""}
{""type"":""turn_start""}
{""type"":""message_start"",""message"":{""role"":""user"",""content"":[{""type"":""text"",""text"":""BUG: Regression for grouping on Decimal values when upgrading from 1.3 to 2.0.3\n### Pandas version checks\n\n- [X] I have checked that this issue has not already been reported.\n\n- [X] I have confirmed this bug exists on the [latest version](https://pandas.pydata.org/docs/whatsnew/index.html) of pandas.\n\n- [ ] I have confirmed this bug exists on the [main branch](https://pandas.pydata.org/docs/dev/getting_started/install.html#installing-the-development-version-of-pandas) of pandas.\n\n\n### Reproducible Example\n\n```python\nimport pandas\r\nfrom decimal import Decimal\r\n\r\nframe = pandas.DataFrame(\r\n    columns=[\""group_field\"", \""value_field\""],\r\n    data=[\r\n        [Decimal(1), Decimal(2)],\r\n        [Decimal(1), Decimal(3)],\r\n        [None, Decimal(4)],\r\n        [None, Decimal(5)],\r\n    ],\r\n)\r\n\r\ngroup_by = frame.groupby(\""group_field\"", dropna=False)\r\nsum = group_by[\""value_field\""].sum()\r\nprint(sum)\n```\n\n\n### Issue Description\n\nWhen trying to upgrade from pandas `1.3.0` to `2.0.3` I noticed that tests that grouped on a mixture of decimals and Nones were failing with the following error:\r\n\r\n```\r\ndecimal.InvalidOperation: [<class 'decimal.InvalidOperation'>]\r\n```\r\n\r\nEven though I upgraded pandas, version of numpy stayed the same at `1.24.3`.\r\n\r\nLooking deeper it looks like the [`safe_sort` function](https://github.com/pandas-dev/pandas/blob/4e0630cce89222385b44003d6077c39107a3dd35/pandas/core/algorithms.py#L1596) first tries to sort data using `values.argsort()`, but since that raises a  `decimal.InvalidOperation` instead of a `TypeError` it fails. I was able to fix this by adding th ...[16609 more chars]",2201,0,0,0.0,0
pydantic__pydantic-4920,swe-gym,2,calibration,google/gemma-4-31b-it,openrouter,error_harness,"402: {""message"":""This request would exceed your available credits given your current in-flight requests. Retry after in-flight requests settle, or add credits."",""code"":402,""metadata"":{""reason"":""in_flight_budget_exhausted"",""limit_source"":""openrouter_in_flight_budget"",""remedy_hint"":""Retry after your in-flight requests settle (see the Retry-After header). Adding credits at https://openrouter.ai/settings/credits raises your in-flight budget, up to a capped ceiling."",""headers"":{""Retry-After"":""120""},""provider_name"":null}}","{""type"":""session"",""version"":3,""id"":""01a0b5f8-d61f-78da-86c8-42d5f3b1f5cc"",""timestamp"":""2026-09-18T19:22:58.975Z"",""cwd"":""/private/var/folders/nw/6_9204g535s835kn__nfthxh0000gn/T/router-repo-context-435xt23g""}
{""type"":""agent_start""}
{""type"":""turn_start""}
{""type"":""message_start"",""message"":{""role"":""user"",""content"":[{""type"":""text"",""text"":""`__fields_set__` includes excluded extras on copy\n### Initial Checks\n\n- [X] I have searched GitHub for a duplicate issue and I'm sure this is something new\n- [X] I have searched Google & StackOverflow for a solution and couldn't find anything\n- [X] I have read and followed [the docs](https://pydantic-docs.helpmanual.io) and still think this is a bug\n- [X] I am confident that the issue is with pydantic (not my code, or another library in the ecosystem like [FastAPI](https://fastapi.tiangolo.com) or [mypy](https://mypy.readthedocs.io/en/stable))\n\n\n### Description\n\nWhen a model that allows extra fields is copied, excluding an extra field, that field is incorrect included in the new object's `__fields_set__` dictionary which causes problems when attributes are being dynamically retrieved (e.g. https://github.com/PrefectHQ/prefect/issues/8082)\n\n### Example Code\n\n```Python\nfrom pydantic import BaseModel, Extra\r\n\r\n\r\nclass Something(BaseModel, extra=Extra.allow):\r\n    a: int\r\n\r\n\r\no1 = Something(a=1, b=2)\r\nassert \""b\"" in o1.__fields_set__, f\""'b' should be included in {o1.__fields_set__}\""\r\no2 = o1.copy(exclude={\""b\""})\r\nassert \""b\"" not in o2.__fields_set__, f\""'b' should be excluded from {o2.__fields_set__}\""\n```\n\n\n### Python, Pydantic & OS Version\n\n```Text\npydantic version: 1.10.2\r\n            pydantic compiled: True\r\n                 install path: /opt/homebrew/Caskroom/miniconda/base/envs/orion-dev-39/lib/python3.9/site-packages/pydantic\r\n               python version: 3.9.12 (main, Jun  1 2022, 06:36:29)  [Clang 12.0.0 ]\r\n                     platform: macOS-10.16-x86_64-i386-64bit\r\n    ...[13030 more chars]",1697,0,0,0.0,0
python__mypy-10478,swe-gym,9,calibration,google/gemma-4-31b-it,openrouter,error_harness,"402: {""message"":""This request would exceed your available credits given your current in-flight requests. Retry after in-flight requests settle, or add credits."",""code"":402,""metadata"":{""reason"":""in_flight_budget_exhausted"",""limit_source"":""openrouter_in_flight_budget"",""remedy_hint"":""Retry after your in-flight requests settle (see the Retry-After header). Adding credits at https://openrouter.ai/settings/credits raises your in-flight budget, up to a capped ceiling."",""headers"":{""Retry-After"":""120""},""provider_name"":null}}","{""type"":""session"",""version"":3,""id"":""01a0b5f8-de12-769e-acb0-ddd3030ca5c2"",""timestamp"":""2026-09-18T19:23:01.010Z"",""cwd"":""/private/var/folders/nw/6_9204g535s835kn__nfthxh0000gn/T/router-repo-context-90xuix9v""}
{""type"":""agent_start""}
{""type"":""turn_start""}
{""type"":""message_start"",""message"":{""role"":""user"",""content"":[{""type"":""text"",""text"":""Variable can be annotated with Final and ClassVar at the same time\n<!--\r\n  If you're new to mypy and you're not sure whether what you're experiencing is a mypy bug, please see the \""Question and Help\"" form\r\n  instead.\r\n-->\r\n\r\n**Bug Report**\r\n\r\nVariable can be annotated with `Final` and `ClassVar` at the same time.\r\n\r\nBut `PEP 591` says that this is forbidden:\r\n>  Variables should not be annotated with both ClassVar and Final.\r\n\r\n**To Reproduce**\r\n\r\n1. Declarate class variable with both `Final` and `ClassVar` annotations.\r\n\r\n```python\r\nfrom typing_extensions import Final, ClassVar\r\n\r\n\r\nclass Foo:\r\n    a: Final[ClassVar[int]] = 10\r\n```\r\n\r\n**Expected Behavior**\r\n\r\n`mypy` should fail.\r\n\r\n```\r\nerror: Variable should not be annotated with both ClassVar and Final\r\n```\r\n\r\n**Actual Behavior**\r\n\r\n`mypy` do not raise any error. \r\n\r\n```\r\nSuccess: no issues found in 1 source file\r\n```\r\n\r\n**Your Environment**\r\n\r\n<!-- Include as many relevant details about the environment you experienced the bug in -->\r\n\r\n- Mypy version used: 0.812\r\n- Mypy configuration options from `mypy.ini` (and other config files):\r\n- Python version used: 3.6.8\r\n- Operating system and version: macOS Big Sur 11.2.1\r\n\n\n\nThe repository is checked out in your current working directory, at the state before this issue was fixed. Use your available tools to explore the codebase, understand the issue, and make the necessary changes directly using your edit/write tools — actually modify the files; do not just describe or show the fix in your response. Your final message does not need to inc ...[8167 more chars]",2037,0,0,0.0,0
agronholm__typeguard.b6a7e438.func_pm_ctrl_shuffle__t61ylxpp,swe-smith,9,calibration,google/gemma-4-31b-it,openrouter,error_harness,"402: {""message"":""This request would exceed your available credits given your current in-flight requests. Retry after in-flight requests settle, or add credits."",""code"":402,""metadata"":{""reason"":""in_flight_budget_exhausted"",""limit_source"":""openrouter_in_flight_budget"",""remedy_hint"":""Retry after your in-flight requests settle (see the Retry-After header). Adding credits at https://openrouter.ai/settings/credits raises your in-flight budget, up to a capped ceiling."",""headers"":{""Retry-After"":""120""},""provider_name"":null}}","{""type"":""session"",""version"":3,""id"":""01a0b5f8-e4d7-7449-95ac-e700e72d6dc1"",""timestamp"":""2026-09-18T19:23:02.743Z"",""cwd"":""/private/var/folders/nw/6_9204g535s835kn__nfthxh0000gn/T/router-repo-context-_s7lpz7q""}
{""type"":""agent_start""}
{""type"":""turn_start""}
{""type"":""message_start"",""message"":{""role"":""user"",""content"":[{""type"":""text"",""text"":""`is_ignored_name` method always returns False due to early return\n\n#### Description\n\nThe `is_ignored_name` method in `TransformMemo` class always returns `False` regardless of input due to an early return statement that was added at the beginning of the method.\n\n#### Steps/Code to Reproduce\n\n```python\nfrom typeguard._transformer import TransformMemo\nfrom ast import Name, Load\n\n# Create a memo with some ignored names\nmemo = TransformMemo(None, set(['typing', 'collections']))\n\n# Create a name expression that should be ignored\nname_expr = Name(id='typing', ctx=Load())\n\n# This should return True but returns False\nresult = memo.is_ignored_name(name_expr)\nprint(f\""Expected: True, Got: {result}\"")\n```\n\nThe method should check if a given name expression is in the ignored names set, but currently it immediately returns `False` without performing any checks. This affects type checking transformations where certain names should be ignored during processing.\n\nThe repository is checked out in your current working directory, at the state before this issue was fixed. Use your available tools to explore the codebase, understand the issue, and make the necessary changes directly using your edit/write tools — actually modify the files; do not just describe or show the fix in your response. Your final message does not need to include any code or diff — the changes you make to the files are the submission. Keep your change as small and targeted as possible — modify only what's strictly necessary to fix the described issue; do not update changelogs, CI configuration, documentation, test files, or unrelated code as part of this fix."" ...[7246 more chars]",2352,0,0,0.0,0
agronholm__typeguard.b6a7e438.func_basic__nr24plym,swe-smith,9,calibration,google/gemma-4-31b-it,openrouter,error_harness,"402: {""message"":""This request would exceed your available credits given your current in-flight requests. Retry after in-flight requests settle, or add credits."",""code"":402,""metadata"":{""reason"":""in_flight_budget_exhausted"",""limit_source"":""openrouter_in_flight_budget"",""remedy_hint"":""Retry after your in-flight requests settle (see the Retry-After header). Adding credits at https://openrouter.ai/settings/credits raises your in-flight budget, up to a capped ceiling."",""headers"":{""Retry-After"":""120""},""provider_name"":null}}","{""type"":""session"",""version"":3,""id"":""01a0b5f8-ee67-77fe-b74b-792d75ebab2b"",""timestamp"":""2026-09-18T19:23:05.191Z"",""cwd"":""/private/var/folders/nw/6_9204g535s835kn__nfthxh0000gn/T/router-repo-context-650yhlr4""}
{""type"":""agent_start""}
{""type"":""turn_start""}
{""type"":""message_start"",""message"":{""role"":""user"",""content"":[{""type"":""text"",""text"":""Generator type checking broken after recent changes\n\n#### Description\n\nGenerator functions with type annotations are not being properly instrumented for type checking. The yield expressions and send type checking appear to be completely broken.\n\n#### Steps/Code to Reproduce\n\n```python\nfrom typing import Generator\nfrom typeguard import typechecked\n\n@typechecked\ndef simple_generator() -> Generator[int, None, None]:\n    yield 1\n    yield 2\n\n# This should work but doesn't\ngen = simple_generator()\nnext(gen)\n```\n\nAlso affects async generators:\n\n```python\nfrom typing import AsyncGenerator\nfrom typeguard import typechecked\nimport asyncio\n\n@typechecked\nasync def async_gen() -> AsyncGenerator[int, None]:\n    yield 1\n    yield 2\n\nasync def test():\n    async for item in async_gen():\n        print(item)\n\nasyncio.run(test())\n```\n\nThe type checking instrumentation for generators seems to be completely missing or incorrectly applied. Expected the yield values to be type checked against the declared return type annotation, but no type checking is happening at all.\n\nThe repository is checked out in your current working directory, at the state before this issue was fixed. Use your available tools to explore the codebase, understand the issue, and make the necessary changes directly using your edit/write tools — actually modify the files; do not just describe or show the fix in your response. Your final message does not need to include any code or diff — the changes you make to the files are the submission. Keep your change as small and targeted as possible — modify only what's strictly necessary to fix the descri ...[7609 more chars]",1601,0,0,0.0,0
agronholm__typeguard.b6a7e438.combine_module__tr31kstl,swe-smith,12,calibration,google/gemma-4-31b-it,openrouter,error_harness,"402: {""message"":""This request would exceed your available credits given your current in-flight requests. Retry after in-flight requests settle, or add credits."",""code"":402,""metadata"":{""reason"":""in_flight_budget_exhausted"",""limit_source"":""openrouter_in_flight_budget"",""remedy_hint"":""Retry after your in-flight requests settle (see the Retry-After header). Adding credits at https://openrouter.ai/settings/credits raises your in-flight budget, up to a capped ceiling."",""headers"":{""Retry-After"":""120""},""provider_name"":null}}","{""type"":""session"",""version"":3,""id"":""01a0b5f8-f497-75ba-adfd-6b7e4acefa8a"",""timestamp"":""2026-09-18T19:23:06.775Z"",""cwd"":""/private/var/folders/nw/6_9204g535s835kn__nfthxh0000gn/T/router-repo-context-a_8l6eb0""}
{""type"":""agent_start""}
{""type"":""turn_start""}
{""type"":""message_start"",""message"":{""role"":""user"",""content"":[{""type"":""text"",""text"":""Type name formatting broken for generic types and qualified names\n\n#### Description\n\nThe type name formatting is producing incorrect output for generic types and qualified names. When using `get_type_name()` and `qualified_name()` functions, the output doesn't match expected formats.\n\n#### Steps/Code to Reproduce\n\n```python\nfrom typing import Union, List\nfrom typeguard._utils import get_type_name, qualified_name\n\n# Test generic type formatting\nunion_type = Union[str, int]\nprint(f\""Expected: Union[str, int]\"")\nprint(f\""Actual: {get_type_name(union_type)}\"")\n\n# Test qualified name formatting\nprint(f\""Expected: builtins.dict\"")\nprint(f\""Actual: {qualified_name(dict)}\"")\n\n# Test None handling\nprint(f\""Expected: None\"")\nprint(f\""Actual: {qualified_name(None)}\"")\n```\n\nThe output shows incorrect formatting where:\n- Generic type arguments are reversed\n- Module names are incorrectly resolved\n- None is returned as \""NoneType\"" instead of \""None\""\n- Class prefixes use wrong formatting\n\nThis affects error messages throughout the library, making them confusing and inconsistent.\n\nThe repository is checked out in your current working directory, at the state before this issue was fixed. Use your available tools to explore the codebase, understand the issue, and make the necessary changes directly using your edit/write tools — actually modify the files; do not just describe or show the fix in your response. Your final message does not need to include any code or diff — the changes you make to the files are the submission. Keep your change as small and targeted as possible — modify only what's strictly necessary to fix t ...[7636 more chars]",1642,0,0,0.0,0
alecthomas__voluptuous.a7a55f83.func_pm_remove_wrapper__6v39t09u,swe-smith,2,calibration,google/gemma-4-31b-it,openrouter,error_harness,"402: {""message"":""This request would exceed your available credits given your current in-flight requests. Retry after in-flight requests settle, or add credits."",""code"":402,""metadata"":{""reason"":""in_flight_budget_exhausted"",""limit_source"":""openrouter_in_flight_budget"",""remedy_hint"":""Retry after your in-flight requests settle (see the Retry-After header). Adding credits at https://openrouter.ai/settings/credits raises your in-flight budget, up to a capped ceiling."",""headers"":{""Retry-After"":""120""},""provider_name"":null}}","{""type"":""session"",""version"":3,""id"":""01a0b5f9-024a-718d-a9aa-b97f65007056"",""timestamp"":""2026-09-18T19:23:10.282Z"",""cwd"":""/private/var/folders/nw/6_9204g535s835kn__nfthxh0000gn/T/router-repo-context-7ctyur01""}
{""type"":""agent_start""}
{""type"":""turn_start""}
{""type"":""message_start"",""message"":{""role"":""user"",""content"":[{""type"":""text"",""text"":""SomeOf validator not executing validators\n\n#### Description\n\nThe SomeOf validator is not properly executing its validators, causing validation to always pass regardless of input.\n\n#### Steps/Code to Reproduce\n\n```python\nfrom voluptuous import SomeOf, Match, raises, MultipleInvalid, TooManyValid\n\n# Test minimum validation\nvalidator = SomeOf(min_valid=3, validators=[\n    Match('.*[A-Z]', 'no uppercase letters'), \n    Match('.*[a-z]', 'no lowercase letters'), \n    Match('.*[0-9]', 'no numbers'), \n    Match(\"".*[$@$!%*#?&^:;/<,>|{}()\\\\-\\\\'._+=]\"", 'no symbols')\n])\n\n# This should pass\nvalidator('ffe532A1!')\n\n# This should raise MultipleInvalid but doesn't\nvalidator('1232!#4111')  # Should fail: no uppercase, no lowercase\n\n# Test maximum validation  \nmax_validator = SomeOf(max_valid=2, validators=[\n    Match('.*[A-Z]', 'no uppercase letters'), \n    Match('.*[a-z]', 'no lowercase letters'), \n    Match('.*[0-9]', 'no numbers')\n], msg='max validation test failed')\n\n# This should pass\nmax_validator('Aa')\n\n# This should raise TooManyValid but doesn't  \nmax_validator('Aa1')  # Should fail: all 3 validators pass\n```\n\nThe validators are not being executed at all, so validation always succeeds when it should fail in many cases.\n\nThe repository is checked out in your current working directory, at the state before this issue was fixed. Use your available tools to explore the codebase, understand the issue, and make the necessary changes directly using your edit/write tools — actually modify the files; do not just describe or show the fix in your response. Your final message does not need to include any code o ...[8122 more chars]",3584,0,0,0.0,0
alecthomas__voluptuous.a7a55f83.func_pm_ctrl_shuffle__prrgrc7a,swe-smith,9,calibration,google/gemma-4-31b-it,openrouter,error_harness,"pi exit 1: , and make the necessary changes directly using your edit/write tools — actually modify the files; do not just describe or show the fix in your response. Your final message does not need to include any code or diff — the changes you make to the files are the submission. Keep your change as small and targeted as possible — modify only what's strictly necessary to fix the described issue; do not update changelogs, CI configuration, documentation, test files, or unrelated code as part of this fix.
",,782,0,0,0.0,0
amueller__word_cloud.ec24191c.lm_rewrite__mck8czap,swe-smith,21,calibration,google/gemma-4-31b-it,openrouter,error_harness,"402: {""message"":""This request would exceed your available credits given your current in-flight requests. Retry after in-flight requests settle, or add credits."",""code"":402,""metadata"":{""reason"":""in_flight_budget_exhausted"",""limit_source"":""openrouter_in_flight_budget"",""remedy_hint"":""Retry after your in-flight requests settle (see the Retry-After header). Adding credits at https://openrouter.ai/settings/credits raises your in-flight budget, up to a capped ceiling."",""headers"":{""Retry-After"":""120""},""provider_name"":null}}","{""type"":""session"",""version"":3,""id"":""01a0b5f9-2330-79f3-93b7-ff4a8472549f"",""timestamp"":""2026-09-18T19:23:18.704Z"",""cwd"":""/private/var/folders/nw/6_9204g535s835kn__nfthxh0000gn/T/router-repo-context-qqj8dse9""}
{""type"":""agent_start""}
{""type"":""turn_start""}
{""type"":""message_start"",""message"":{""role"":""user"",""content"":[{""type"":""text"",""text"":""# WordCloud CLI fails when using color and colormask options\n\n## Description\n\nI've found an issue with the WordCloud CLI when trying to use color-related options. The CLI seems to have problems handling color functions properly.\n\n## Expected behavior\n\nWhen using the CLI with color options like `--color` or `--colormask`, the command should work properly and generate a word cloud with the specified color settings.\n\n## How to Reproduce\n\nHere are several scenarios that demonstrate the issue:\n\n1. Using both `--color` and `--colormask` together should raise a proper error:\n```bash\nwordcloud_cli --color red --colormask input_color_mask.png --text input.txt\n```\nBut instead, it fails with an unidentified image error.\n\n2. Using just `--colormask` fails:\n```bash\nwordcloud_cli --colormask input_color_mask.png --text input.txt --imagefile output.png\n```\nThis results in: `TypeError: WordCloud.__init__() got an unexpected keyword argument 'colormask'`\n\n3. Using default color settings also fails:\n```bash\nwordcloud_cli --text input.txt --imagefile output.png\n```\nThe command fails with: `KeyError: 'color_func'`\n\nIt seems the color function handling in the CLI has been broken. In previous versions, the color options were properly processed and passed to the WordCloud constructor.\n\n## Environment\n\n- Python 3.10\n- WordCloud latest version\n- PIL/Pillow installed\n\nThe repository is checked out in your current working directory, at the state before this issue was fixed. Use your available tools to explore the codebase, understand the issue, and make the necessary changes directly using your edit/write tools — actually m ...[8500 more chars]",7628,0,0,0.0,0
andialbrecht__sqlparse.e57923b3.func_basic__0zb7o5ky,swe-smith,13,calibration,google/gemma-4-31b-it,openrouter,error_harness,"402: {""message"":""This request would exceed your available credits given your current in-flight requests. Retry after in-flight requests settle, or add credits."",""code"":402,""metadata"":{""reason"":""in_flight_budget_exhausted"",""limit_source"":""openrouter_in_flight_budget"",""remedy_hint"":""Retry after your in-flight requests settle (see the Retry-After header). Adding credits at https://openrouter.ai/settings/credits raises your in-flight budget, up to a capped ceiling."",""headers"":{""Retry-After"":""120""},""provider_name"":null}}","{""type"":""session"",""version"":3,""id"":""01a0b5f9-304b-7a71-8c7d-a232e5405445"",""timestamp"":""2026-09-18T19:23:22.059Z"",""cwd"":""/private/var/folders/nw/6_9204g535s835kn__nfthxh0000gn/T/router-repo-context-t3_2ye8a""}
{""type"":""agent_start""}
{""type"":""turn_start""}
{""type"":""message_start"",""message"":{""role"":""user"",""content"":[{""type"":""text"",""text"":""Array index extraction returns incorrect tokens\n\n#### Description\n\nWhen parsing SQL identifiers with array indices, the `get_array_indices()` method returns incorrect tokens. Instead of extracting just the content inside square brackets, it's including the opening bracket and excluding the closing bracket.\n\n#### Steps/Code to Reproduce\n\n```python\nimport sqlparse\n\n# Simple array index\np = sqlparse.parse('col[1]')[0].tokens\nidentifier = p[0]\nindices = list(identifier.get_array_indices())\nprint(\""Expected: '1'\"")\nprint(f\""Actual: '{indices[0][0].value}'\"")\n\n# Schema qualified array index  \np = sqlparse.parse('schema.col[1]')[0].tokens\nidentifier = p[0]\nindices = list(identifier.get_array_indices())\nprint(\""Expected: '1'\"")\nprint(f\""Actual: '{indices[0][0].value}'\"")\n\n# Aliased array index\np = sqlparse.parse('col[1] x')[0].tokens\nidentifier = p[0]\nindices = list(identifier.get_array_indices())\nprint(\""Expected: '1'\"")\nprint(f\""Actual: '{indices[0][0].value}'\"")\n```\n\nThe method should return the tokens representing the array index content (e.g., '1'), but instead returns tokens that include the opening bracket.\n\nThe repository is checked out in your current working directory, at the state before this issue was fixed. Use your available tools to explore the codebase, understand the issue, and make the necessary changes directly using your edit/write tools — actually modify the files; do not just describe or show the fix in your response. Your final message does not need to include any code or diff — the changes you make to the files are the submission. Keep your change as small and targeted as possible — mod ...[7765 more chars]",3465,0,0,0.0,0
benoitc__gunicorn.bacbf8aa.combine_module__fa2yz78e,swe-smith,10,calibration,google/gemma-4-31b-it,openrouter,error_harness,"402: {""message"":""This request would exceed your available credits given your current in-flight requests. Retry after in-flight requests settle, or add credits."",""code"":402,""metadata"":{""reason"":""in_flight_budget_exhausted"",""limit_source"":""openrouter_in_flight_budget"",""remedy_hint"":""Retry after your in-flight requests settle (see the Retry-After header). Adding credits at https://openrouter.ai/settings/credits raises your in-flight budget, up to a capped ceiling."",""headers"":{""Retry-After"":""120""},""provider_name"":null}}","{""type"":""session"",""version"":3,""id"":""01a0b5f9-41b2-73dc-af4b-49d339f05527"",""timestamp"":""2026-09-18T19:23:26.514Z"",""cwd"":""/private/var/folders/nw/6_9204g535s835kn__nfthxh0000gn/T/router-repo-context-kuyrkhtr""}
{""type"":""agent_start""}
{""type"":""turn_start""}
{""type"":""message_start"",""message"":{""role"":""user"",""content"":[{""type"":""text"",""text"":""HTTP parser returns None instead of parsed message\n\n#### Description\n\nThe HTTP parser is not working correctly and returns None instead of the parsed HTTP message object. This affects all HTTP request parsing functionality.\n\n#### Steps/Code to Reproduce\n\n```python\nfrom gunicorn.http.parser import Parser\nfrom gunicorn.config import Config\nimport io\n\n# Simple HTTP request\nhttp_data = b\""GET / HTTP/1.1\\r\\nHost: example.com\\r\\n\\r\\n\""\nsource = io.BytesIO(http_data)\ncfg = Config()\n\nparser = Parser(cfg, source, ('127.0.0.1', 8000))\nmessage = next(parser)\nprint(f\""Expected: HTTP message object, Got: {message}\"")\n```\n\nThis should return a valid HTTP message object but instead returns None, breaking HTTP request processing.\n\nThe issue appears to affect both valid and invalid HTTP requests - the parser iterator is not yielding the expected message objects.\n\nThe repository is checked out in your current working directory, at the state before this issue was fixed. Use your available tools to explore the codebase, understand the issue, and make the necessary changes directly using your edit/write tools — actually modify the files; do not just describe or show the fix in your response. Your final message does not need to include any code or diff — the changes you make to the files are the submission. Keep your change as small and targeted as possible — modify only what's strictly necessary to fix the described issue; do not update changelogs, CI configuration, documentation, test files, or unrelated code as part of this fix.""}],""timestamp"":1789759406564}}
{""type"":""message_end"",""message"":{""role"":""user"",""content"":[{""type ...[6961 more chars]",4437,0,0,0.0,0
benoitc__gunicorn.bacbf8aa.func_pm_class_rm_funcs__4be4vnf8,swe-smith,11,calibration,google/gemma-4-31b-it,openrouter,error_harness,"402: {""message"":""This request would exceed your available credits given your current in-flight requests. Retry after in-flight requests settle, or add credits."",""code"":402,""metadata"":{""reason"":""in_flight_budget_exhausted"",""limit_source"":""openrouter_in_flight_budget"",""remedy_hint"":""Retry after your in-flight requests settle (see the Retry-After header). Adding credits at https://openrouter.ai/settings/credits raises your in-flight budget, up to a capped ceiling."",""headers"":{""Retry-After"":""120""},""provider_name"":null}}","{""type"":""session"",""version"":3,""id"":""01a0b5f9-48f0-7dd7-80cc-02b90324a868"",""timestamp"":""2026-09-18T19:23:28.368Z"",""cwd"":""/private/var/folders/nw/6_9204g535s835kn__nfthxh0000gn/T/router-repo-context-iq9uo6u3""}
{""type"":""agent_start""}
{""type"":""turn_start""}
{""type"":""message_start"",""message"":{""role"":""user"",""content"":[{""type"":""text"",""text"":""Setting objects missing copy method after recent changes\n\n#### Description\n\nAfter some recent changes, Setting objects no longer have a `copy()` method, which breaks functionality that depends on copying configuration settings.\n\n#### Steps/Code to Reproduce\n\n```python\nfrom gunicorn.config import Setting\n\n# Create a setting instance\nsetting = Setting()\n\n# Try to copy it\ncopied_setting = setting.copy()\n```\n\nThis raises:\n```\nAttributeError: 'Setting' object has no attribute 'copy'\n```\n\nThe `copy()` method used to be available on Setting objects but appears to have been removed, breaking code that relies on this functionality for configuration management.\n\nThe repository is checked out in your current working directory, at the state before this issue was fixed. Use your available tools to explore the codebase, understand the issue, and make the necessary changes directly using your edit/write tools — actually modify the files; do not just describe or show the fix in your response. Your final message does not need to include any code or diff — the changes you make to the files are the submission. Keep your change as small and targeted as possible — modify only what's strictly necessary to fix the described issue; do not update changelogs, CI configuration, documentation, test files, or unrelated code as part of this fix.""}],""timestamp"":1789759408417}}
{""type"":""message_end"",""message"":{""role"":""user"",""content"":[{""type"":""text"",""text"":""Setting objects missing copy method after recent changes\n\n#### Description\n\nAfter some recent changes, Setting objects no longer have a `copy()` method, which breaks functionality that  ...[6343 more chars]",1751,0,0,0.0,0
bottlepy__bottle.a8dfef30.func_pm_remove_assign__utawnyov,swe-smith,10,calibration,google/gemma-4-31b-it,openrouter,error_harness,"402: {""message"":""This request would exceed your available credits given your current in-flight requests. Retry after in-flight requests settle, or add credits."",""code"":402,""metadata"":{""reason"":""in_flight_budget_exhausted"",""limit_source"":""openrouter_in_flight_budget"",""remedy_hint"":""Retry after your in-flight requests settle (see the Retry-After header). Adding credits at https://openrouter.ai/settings/credits raises your in-flight budget, up to a capped ceiling."",""headers"":{""Retry-After"":""120""},""provider_name"":null}}","{""type"":""session"",""version"":3,""id"":""01a0b5f9-56b7-7c38-a32b-85b442cea0d9"",""timestamp"":""2026-09-18T19:23:31.895Z"",""cwd"":""/private/var/folders/nw/6_9204g535s835kn__nfthxh0000gn/T/router-repo-context-d8vnk17v""}
{""type"":""agent_start""}
{""type"":""turn_start""}
{""type"":""message_start"",""message"":{""role"":""user"",""content"":[{""type"":""text"",""text"":""Multipart file upload fails with UnboundLocalError when switching to disk storage\n\nWhen uploading files through multipart forms that exceed the memory limit, the code crashes with an `UnboundLocalError` for variables `copied`, `maxcopy`, and `chunksize`.\n\n#### Steps/Code to Reproduce\n\n```python\nimport bottle\nfrom io import BytesIO\n\n# Create a multipart request with a file larger than memfile_limit\ntest_file = 'abc' * 1024\nboundary = '---------------------------186454651713519341951581030105'\nrequest_data = '\\r\\n'.join([\n    '--' + boundary,\n    'Content-Disposition: form-data; name=\""file\""; filename=\""test.txt\""',\n    'Content-Type: text/plain',\n    '',\n    test_file,\n    '--' + boundary + '--',\n    ''\n])\nrequest = BytesIO(bottle.tob(request_data))\n\n# This will fail when the file size exceeds memfile_limit\nparser = bottle._MultipartParser(request, boundary, memfile_limit=100)\nparts = list(parser.parse())\n```\n\nThe error occurs when the multipart parser tries to switch from in-memory storage to disk storage for large files. The variables `copied`, `maxcopy`, and `chunksize` are referenced but not defined in the scope where they're used.\n\nThe repository is checked out in your current working directory, at the state before this issue was fixed. Use your available tools to explore the codebase, understand the issue, and make the necessary changes directly using your edit/write tools — actually modify the files; do not just describe or show the fix in your response. Your final message does not need to include any code or diff — the changes you make to the files are the submission. Keep your change as small an ...[7849 more chars]",3462,0,0,0.0,0
bottlepy__bottle.a8dfef30.func_basic__t48bf5tw,swe-smith,20,calibration,google/gemma-4-31b-it,openrouter,error_harness,"402: {""message"":""This request would exceed your available credits given your current in-flight requests. Retry after in-flight requests settle, or add credits."",""code"":402,""metadata"":{""reason"":""in_flight_budget_exhausted"",""limit_source"":""openrouter_in_flight_budget"",""remedy_hint"":""Retry after your in-flight requests settle (see the Retry-After header). Adding credits at https://openrouter.ai/settings/credits raises your in-flight budget, up to a capped ceiling."",""headers"":{""Retry-After"":""120""},""provider_name"":null}}","{""type"":""session"",""version"":3,""id"":""01a0b5f9-5d3c-74ac-b1e8-0329ee12c2f5"",""timestamp"":""2026-09-18T19:23:33.564Z"",""cwd"":""/private/var/folders/nw/6_9204g535s835kn__nfthxh0000gn/T/router-repo-context-4050oa0v""}
{""type"":""agent_start""}
{""type"":""turn_start""}
{""type"":""message_start"",""message"":{""role"":""user"",""content"":[{""type"":""text"",""text"":""Jinja2Template filters and tests swapped in prepare method\n\nWhen using custom filters and tests with Jinja2Template, the filters and tests are being applied to the wrong environment attributes. Custom filters are being added to the tests collection and custom tests are being added to the filters collection.\n\n#### Steps/Code to Reproduce\n\n```python\nfrom bottle import Jinja2Template\n\n# Custom filter example\ntemplate_with_filter = Jinja2Template(\n    '{{ var|upper }}', \n    filters={'upper': lambda x: x.upper()}\n)\nresult = template_with_filter.render(var='hello')\n# Expected: 'HELLO'\n# Actual: jinja2.exceptions.TemplateRuntimeError: no filter named 'upper'\n\n# Custom test example  \ntemplate_with_test = Jinja2Template(\n    '{% if var is even %}even{% else %}odd{% endif %}',\n    tests={'even': lambda x: x % 2 == 0}\n)\nresult = template_with_test.render(var=2)\n# Expected: 'even'\n# Actual: jinja2.exceptions.TemplateRuntimeError: no test named 'even'\n```\n\nThe issue affects both string templates and file-based templates when custom filters or tests are provided.\n\nThe repository is checked out in your current working directory, at the state before this issue was fixed. Use your available tools to explore the codebase, understand the issue, and make the necessary changes directly using your edit/write tools — actually modify the files; do not just describe or show the fix in your response. Your final message does not need to include any code or diff — the changes you make to the files are the submission. Keep your change as small and targeted as possible — modify only what's strictly necessary to fix the described issue; ...[7579 more chars]",2966,0,0,0.0,0
cantools__cantools.0c6a7871.lm_rewrite__ld5ju2nq,swe-smith,21,calibration,google/gemma-4-31b-it,openrouter,error_harness,"402: {""message"":""This request would exceed your available credits given your current in-flight requests. Retry after in-flight requests settle, or add credits."",""code"":402,""metadata"":{""reason"":""in_flight_budget_exhausted"",""limit_source"":""openrouter_in_flight_budget"",""remedy_hint"":""Retry after your in-flight requests settle (see the Retry-After header). Adding credits at https://openrouter.ai/settings/credits raises your in-flight budget, up to a capped ceiling."",""headers"":{""Retry-After"":""120""},""provider_name"":null}}","{""type"":""session"",""version"":3,""id"":""01a0b5f9-7412-7a91-b45a-c16bbdd8ee41"",""timestamp"":""2026-09-18T19:23:39.410Z"",""cwd"":""/private/var/folders/nw/6_9204g535s835kn__nfthxh0000gn/T/router-repo-context-aom5h_04""}
{""type"":""agent_start""}
{""type"":""turn_start""}
{""type"":""message_start"",""message"":{""role"":""user"",""content"":[{""type"":""text"",""text"":""### Issue: Terminal UI Redraw Misalignment\n\n#### Description\n\nAfter applying recent changes, the terminal user interface (TUI) seems to have a misalignment issue when resizing the terminal window. The redraw function does not correctly adjust the layout, causing the display to become inconsistent and misaligned.\n\n#### Steps to Reproduce\n\n1. Start the monitor application in a terminal.\n2. Resize the terminal window to a smaller size.\n3. Observe the misalignment in the TUI, particularly in the message and menu sections.\n\n#### Expected Outcome\n\nThe TUI should dynamically adjust to the new terminal size, maintaining proper alignment of all elements, including messages and menu options.\n\n#### Actual Outcome\n\nThe TUI elements overlap or are misaligned, making it difficult to read the messages and interact with the menu options.\n\n#### Additional Information\n\n- Operating System: Linux\n- Python Version: 3.10.15\n- Terminal Emulator: [Specify if known]\n\nThis issue affects usability, especially when working in environments with varying terminal sizes.\n\nThe repository is checked out in your current working directory, at the state before this issue was fixed. Use your available tools to explore the codebase, understand the issue, and make the necessary changes directly using your edit/write tools — actually modify the files; do not just describe or show the fix in your response. Your final message does not need to include any code or diff — the changes you make to the files are the submission. Keep your change as small and targeted as possible — modify only what's strictly necessary to fix the described issue; do not updat ...[7540 more chars]",4623,0,0,0.0,0
cantools__cantools.0c6a7871.combine_file__irxdhfnr,swe-smith,22,calibration,google/gemma-4-31b-it,openrouter,error_harness,"402: {""message"":""This request would exceed your available credits given your current in-flight requests. Retry after in-flight requests settle, or add credits."",""code"":402,""metadata"":{""reason"":""in_flight_budget_exhausted"",""limit_source"":""openrouter_in_flight_budget"",""remedy_hint"":""Retry after your in-flight requests settle (see the Retry-After header). Adding credits at https://openrouter.ai/settings/credits raises your in-flight budget, up to a capped ceiling."",""headers"":{""Retry-After"":""120""},""provider_name"":null}}","{""type"":""session"",""version"":3,""id"":""01a0b5f9-7af0-717d-97b2-d25ff9e6624d"",""timestamp"":""2026-09-18T19:23:41.168Z"",""cwd"":""/private/var/folders/nw/6_9204g535s835kn__nfthxh0000gn/T/router-repo-context-vfuqessp""}
{""type"":""agent_start""}
{""type"":""turn_start""}
{""type"":""message_start"",""message"":{""role"":""user"",""content"":[{""type"":""text"",""text"":""Signal choices output broken after recent changes\n\n#### Description\n\nThe signal choices formatting in dump output is completely broken. When dumping a DBC file with signal choices, the output shows empty content instead of the expected choice mappings.\n\n#### Steps/Code to Reproduce\n\n```python\nimport cantools\n\n# Load any DBC file with signal choices\ndb = cantools.database.load_file('tests/files/dbc/choices.dbc')\nmessage = db.get_message_by_name('Message')\n\n# Try to get signal choices string\nchoices_output = cantools.subparsers.dump.formatting.signal_choices_string(message)\nprint(\""Choices output:\"", repr(choices_output))\n```\n\nOr using the command line:\n```bash\ncantools dump tests/files/dbc/choices.dbc\n```\n\n#### Expected Output\n\nShould show signal choices like:\n```\nSignal choices:\n\n  FooSignal\n      0 A\n      1 B\n      2 C\n      3 D\n\n  BarSignal\n      0 A\n      1 B\n      2 C\n      3 D\n      4 E\n      5 F\n      6 G\n      7 H\n```\n\n#### Actual Output\n\nShows empty or malformed signal choices section, and the layout section is also missing signal names in the bit layout diagram.\n\nThe issue affects both the command line dump output and programmatic access to signal choice formatting.\n\nThe repository is checked out in your current working directory, at the state before this issue was fixed. Use your available tools to explore the codebase, understand the issue, and make the necessary changes directly using your edit/write tools — actually modify the files; do not just describe or show the fix in your response. Your final message does not need to include any code or diff — the changes you make ...[8035 more chars]",1843,0,0,0.0,0
cantools__cantools.0c6a7871.func_basic__tbdua0cd,swe-smith,22,calibration,google/gemma-4-31b-it,openrouter,error_harness,"402: {""message"":""This request would exceed your available credits given your current in-flight requests. Retry after in-flight requests settle, or add credits."",""code"":402,""metadata"":{""reason"":""in_flight_budget_exhausted"",""limit_source"":""openrouter_in_flight_budget"",""remedy_hint"":""Retry after your in-flight requests settle (see the Retry-After header). Adding credits at https://openrouter.ai/settings/credits raises your in-flight budget, up to a capped ceiling."",""headers"":{""Retry-After"":""120""},""provider_name"":null}}","{""type"":""session"",""version"":3,""id"":""01a0b5f9-8237-76e1-8068-ef7d397060cd"",""timestamp"":""2026-09-18T19:23:43.031Z"",""cwd"":""/private/var/folders/nw/6_9204g535s835kn__nfthxh0000gn/T/router-repo-context-empmgk2e""}
{""type"":""agent_start""}
{""type"":""turn_start""}
{""type"":""message_start"",""message"":{""role"":""user"",""content"":[{""type"":""text"",""text"":""NamedSignalConversion.choice_to_number() returns -1 instead of raising KeyError for invalid choices\n\n#### Description\n\nWhen calling `choice_to_number()` on a `NamedSignalConversion` with an invalid choice, the method now returns -1 instead of raising a `KeyError` as expected.\n\n#### Steps/Code to Reproduce\n\n```python\nfrom cantools.database.conversion import NamedSignalConversion\nfrom cantools.database.can.signal import NamedSignalValue\n\n# Create a conversion with some choices\nconversion = NamedSignalConversion({0: 'Choice1', 1: 'Choice2'})\n\n# Try to convert an invalid choice\ninvalid_choice = NamedSignalValue(2, 'Invalid')\nresult = conversion.choice_to_number(invalid_choice)\n\nprint(f\""Result: {result}\"")  # Prints: Result: -1\n# Expected: KeyError should be raised\n```\n\nThe method should raise a `KeyError` when the choice is not found in the available choices, but instead it silently returns -1.\n\nThe repository is checked out in your current working directory, at the state before this issue was fixed. Use your available tools to explore the codebase, understand the issue, and make the necessary changes directly using your edit/write tools — actually modify the files; do not just describe or show the fix in your response. Your final message does not need to include any code or diff — the changes you make to the files are the submission. Keep your change as small and targeted as possible — modify only what's strictly necessary to fix the described issue; do not update changelogs, CI configuration, documentation, test files, or unrelated code as part of this fix.""}],""timestamp"":1789759423078}}
{""type"":""message_end"",""me ...[7078 more chars]",1710,0,0,0.0,0
cantools__cantools.0c6a7871.combine_file__xjelpdq3,swe-smith,22,calibration,google/gemma-4-31b-it,openrouter,error_harness,"402: {""message"":""This request would exceed your available credits given your current in-flight requests. Retry after in-flight requests settle, or add credits."",""code"":402,""metadata"":{""reason"":""in_flight_budget_exhausted"",""limit_source"":""openrouter_in_flight_budget"",""remedy_hint"":""Retry after your in-flight requests settle (see the Retry-After header). Adding credits at https://openrouter.ai/settings/credits raises your in-flight budget, up to a capped ceiling."",""headers"":{""Retry-After"":""120""},""provider_name"":null}}","{""type"":""session"",""version"":3,""id"":""01a0b5f9-8904-73bb-8d04-873e2a832e16"",""timestamp"":""2026-09-18T19:23:44.772Z"",""cwd"":""/private/var/folders/nw/6_9204g535s835kn__nfthxh0000gn/T/router-repo-context-0l7s0rzw""}
{""type"":""agent_start""}
{""type"":""turn_start""}
{""type"":""message_start"",""message"":{""role"":""user"",""content"":[{""type"":""text"",""text"":""Message formatting broken - signals display units instead of names\n\n#### Description\n\nThe message formatting in cantools is displaying signal units instead of signal names, and the signal order is reversed. This affects the monitor display and decode output.\n\n#### Steps/Code to Reproduce\n\n```python\nimport cantools\nimport can\n\n# Load a DBC file and decode a message\ndb = cantools.database.load_database('tests/files/dbc/motohawk.dbc')\nmessage = can.Message(arbitration_id=496, data=b'\\xc0\\x06\\xe0\\x00\\x00\\x00\\x00\\x00')\ndecoded = db.decode_message(message.arbitration_id, message.data)\n\n# Format the message for display\nfrom cantools.subparsers.__utils__ import format_message\nformatted = format_message(db.get_message_by_frame_id(496), message.data, decode_choices=True, single_line=False)\nprint(formatted)\n```\n\nExpected output should show signal names like:\n```\nExampleMessage(\n    Enable: Enabled,\n    AverageRadius: 3.2 m,\n    Temperature: 250.55 degK\n)\n```\n\nBut instead shows units as names:\n```\nExampleMessage(\n    degK: 250.55 degK,\n    m: 3.2 m,\n    -: Enabled -\n)\n```\n\nThe signals are also displayed in reverse order and the message name format uses square brackets instead of parentheses in single-line mode.\n\nThe repository is checked out in your current working directory, at the state before this issue was fixed. Use your available tools to explore the codebase, understand the issue, and make the necessary changes directly using your edit/write tools — actually modify the files; do not just describe or show the fix in your response. Your final message does not need to include any code or diff — ...[8098 more chars]",1715,0,0,0.0,0
Cog-Creators__Red-DiscordBot.33e0eac7.combine_module__1o97qyc1,swe-smith,8,calibration,google/gemma-4-31b-it,openrouter,error_harness,"402: {""message"":""This request would exceed your available credits given your current in-flight requests. Retry after in-flight requests settle, or add credits."",""code"":402,""metadata"":{""reason"":""in_flight_budget_exhausted"",""limit_source"":""openrouter_in_flight_budget"",""remedy_hint"":""Retry after your in-flight requests settle (see the Retry-After header). Adding credits at https://openrouter.ai/settings/credits raises your in-flight budget, up to a capped ceiling."",""headers"":{""Retry-After"":""120""},""provider_name"":null}}","{""type"":""session"",""version"":3,""id"":""01a0b5f9-9a8b-78ff-9f3d-8a445cf4edc2"",""timestamp"":""2026-09-18T19:23:49.259Z"",""cwd"":""/private/var/folders/nw/6_9204g535s835kn__nfthxh0000gn/T/router-repo-context-m3_09a_i""}
{""type"":""agent_start""}
{""type"":""turn_start""}
{""type"":""message_start"",""message"":{""role"":""user"",""content"":[{""type"":""text"",""text"":""# Downloader cog crashes when trying to serialize installed modules\n\n## Description\n\nI've found an issue with the downloader cog where it crashes when trying to serialize installed modules. This happens when the bot tries to save information about installed cogs.\n\n## Steps to reproduce\n\n1. Install a cog using the downloader\n2. Restart the bot or do any operation that triggers serialization of installed modules\n\n## Error details\n\nWhen the bot tries to serialize an installed module, it crashes with an `UnboundLocalError`. The issue appears to be in the `to_json()` method of the `InstalledModule` class, where it's trying to use a variable that hasn't been defined yet.\n\nHere's a simple reproduction script:\n\n```python\nfrom redbot.cogs.downloader.installable import InstalledModule\nfrom redbot.cogs.downloader.repo_manager import RepoManager\n\n# Create a mock repo manager\nrepo_mgr = RepoManager()\n\n# Create an installed module\nmodule = InstalledModule(\n    location=\""/path/to/cog\"",\n    repo_name=\""test_repo\"",\n    name=\""test_cog\"",\n    commit=\""abcdef123456\"",\n    repo_mgr=repo_mgr\n)\n\n# This will crash\ndata = module.to_json()\n```\n\nThe error occurs because the code tries to return `module_json` before it's defined. This happens because the code is returning early in one branch, but the variable is defined after that return statement.\n\n## Additional information\n\nThis issue also affects the `ensure_required_cogs_mapping` function in `info_schemas.py`, which has a similar problem with the `default` variable being used before it's defined.\n\n<END WRITING>\n\nThe repository is checked out in your current work ...[9127 more chars]",4681,0,0,0.0,0
conan-io__conan.86f29e13.pr_16420,swe-smith,8,calibration,google/gemma-4-31b-it,openrouter,error_harness,"402: {""message"":""This request would exceed your available credits given your current in-flight requests. Retry after in-flight requests settle, or add credits."",""code"":402,""metadata"":{""reason"":""in_flight_budget_exhausted"",""limit_source"":""openrouter_in_flight_budget"",""remedy_hint"":""Retry after your in-flight requests settle (see the Retry-After header). Adding credits at https://openrouter.ai/settings/credits raises your in-flight budget, up to a capped ceiling."",""headers"":{""Retry-After"":""120""},""provider_name"":null}}","{""type"":""session"",""version"":3,""id"":""01a0b5f9-a3ac-7768-b61c-897186936bfc"",""timestamp"":""2026-09-18T19:23:51.596Z"",""cwd"":""/private/var/folders/nw/6_9204g535s835kn__nfthxh0000gn/T/router-repo-context-uxej30q2""}
{""type"":""agent_start""}
{""type"":""turn_start""}
{""type"":""message_start"",""message"":{""role"":""user"",""content"":[{""type"":""text"",""text"":""### Issue: Unexpected Behavior in Local Recipe Index Export\n\n#### Description:\nI've encountered an issue with the local recipe index export functionality. When attempting to export a recipe from a remote, the process does not complete as expected. The error message indicates a problem during the export operation, but it lacks clarity on the specific cause.\n\n#### Steps to Reproduce:\n1. Set up a local Conan server and add it as a remote.\n2. Attempt to export a recipe using the `cmd_export` function.\n3. Observe the error message that appears, which mentions an issue with exporting from the remote.\n\n#### Expected Behavior:\nThe export operation should complete successfully, and the recipe should be available in the local index without any errors.\n\n#### Actual Behavior:\nThe export process fails with an error message that does not clearly specify the underlying issue, making it difficult to diagnose and resolve.\n\n#### Additional Information:\n- The issue seems to be related to the handling of stderr during the export process.\n- The problem might be linked to recent changes in the `RestApiClientLocalRecipesIndex` class, particularly around the `cmd_export` function call.\n\nAny insights or suggestions on how to address this would be greatly appreciated!\n\nThe repository is checked out in your current working directory, at the state before this issue was fixed. Use your available tools to explore the codebase, understand the issue, and make the necessary changes directly using your edit/write tools — actually modify the files; do not just describe or show the fix in your response. Your final message does not need to include any ...[8143 more chars]",2332,0,0,0.0,0
conan-io__conan.86f29e13.pr_13324,swe-smith,11,calibration,google/gemma-4-31b-it,openrouter,error_harness,"402: {""message"":""This request would exceed your available credits given your current in-flight requests. Retry after in-flight requests settle, or add credits."",""code"":402,""metadata"":{""reason"":""in_flight_budget_exhausted"",""limit_source"":""openrouter_in_flight_budget"",""remedy_hint"":""Retry after your in-flight requests settle (see the Retry-After header). Adding credits at https://openrouter.ai/settings/credits raises your in-flight budget, up to a capped ceiling."",""headers"":{""Retry-After"":""120""},""provider_name"":null}}","{""type"":""session"",""version"":3,""id"":""01a0b5f9-ac5b-785f-95a9-4679686b66e1"",""timestamp"":""2026-09-18T19:23:53.819Z"",""cwd"":""/private/var/folders/nw/6_9204g535s835kn__nfthxh0000gn/T/router-repo-context-tu2wnsku""}
{""type"":""agent_start""}
{""type"":""turn_start""}
{""type"":""message_start"",""message"":{""role"":""user"",""content"":[{""type"":""text"",""text"":""### Export Package Command Fails to Handle Remotes Correctly\n\n#### Description\n\nIt seems that the recent changes to the `export_pkg` command have introduced an issue with handling remotes. When attempting to export a package, the command does not correctly resolve dependencies from remotes, even when they are specified. This behavior is unexpected and deviates from the previous functionality where remotes were properly utilized to fetch necessary dependencies.\n\n#### Steps to Reproduce\n\n1. Set up a Conan package with dependencies that are only available on a remote server.\n2. Attempt to export the package using the `export_pkg` command with the `--remote` option specified.\n3. Observe that the command fails to resolve dependencies from the specified remote, leading to an error.\n\n#### Expected Behavior\n\nThe `export_pkg` command should correctly utilize the specified remotes to resolve and fetch dependencies, ensuring that the package can be exported without errors.\n\n#### Actual Behavior\n\nThe command fails to resolve dependencies from the specified remotes, resulting in an inability to export the package successfully.\n\n#### Additional Information\n\nThis issue seems to be related to the recent changes in the `export_pkg` command where the handling of remotes was altered. It is crucial to address this to restore the expected functionality of the command.\n\nThe repository is checked out in your current working directory, at the state before this issue was fixed. Use your available tools to explore the codebase, understand the issue, and make the necessary changes directly using your edit/write tools — actually modify the  ...[8470 more chars]",2329,0,0,0.0,0
conan-io__conan.86f29e13.pr_15177,swe-smith,11,calibration,google/gemma-4-31b-it,openrouter,error_harness,"402: {""message"":""This request would exceed your available credits given your current in-flight requests. Retry after in-flight requests settle, or add credits."",""code"":402,""metadata"":{""reason"":""in_flight_budget_exhausted"",""limit_source"":""openrouter_in_flight_budget"",""remedy_hint"":""Retry after your in-flight requests settle (see the Retry-After header). Adding credits at https://openrouter.ai/settings/credits raises your in-flight budget, up to a capped ceiling."",""headers"":{""Retry-After"":""120""},""provider_name"":null}}","{""type"":""session"",""version"":3,""id"":""01a0b5f9-b5d6-786a-8753-cf1f21f6c67a"",""timestamp"":""2026-09-18T19:23:56.246Z"",""cwd"":""/private/var/folders/nw/6_9204g535s835kn__nfthxh0000gn/T/router-repo-context-lyqn_5_p""}
{""type"":""agent_start""}
{""type"":""turn_start""}
{""type"":""message_start"",""message"":{""role"":""user"",""content"":[{""type"":""text"",""text"":""Inconsistent Package Listing with `list` Command\n\nDescription\n\nAfter the recent changes, the `list` command seems to be behaving inconsistently when filtering packages based on settings and options. Specifically, when using the `-fp` and `-fs` flags, the output does not match the expected package configurations.\n\nTo reproduce the issue, you can follow these steps:\n\n1. Create a package with specific settings and options:\n   ```bash\n   conan create pkg -s os=Windows -s arch=x86\n   conan create pkg -s os=Linux -s arch=armv8\n   conan create pkg -s os=Macos -s arch=armv8 -o shared=True\n   ```\n\n2. Attempt to list packages using a profile:\n   ```bash\n   conan list *:* -fp=profile_linux --format=json\n   ```\n\n3. Observe that the output does not correctly reflect the packages created with the specified settings.\n\nThe issue seems to be related to how the `list` command processes and filters package information, particularly when dealing with different architectures and shared options. This inconsistency can lead to confusion and incorrect package management in projects relying on specific configurations.\n\nThe repository is checked out in your current working directory, at the state before this issue was fixed. Use your available tools to explore the codebase, understand the issue, and make the necessary changes directly using your edit/write tools — actually modify the files; do not just describe or show the fix in your response. Your final message does not need to include any code or diff — the changes you make to the files are the submission. Keep your change as small and targeted as possible — modify only what's strictly ...[7693 more chars]",2463,0,0,0.0,0
dask__dask.5f61e423.combine_module__ibhv7crq,swe-smith,15,calibration,google/gemma-4-31b-it,openrouter,error_harness,"402: {""message"":""This request would exceed your available credits given your current in-flight requests. Retry after in-flight requests settle, or add credits."",""code"":402,""metadata"":{""reason"":""in_flight_budget_exhausted"",""limit_source"":""openrouter_in_flight_budget"",""remedy_hint"":""Retry after your in-flight requests settle (see the Retry-After header). Adding credits at https://openrouter.ai/settings/credits raises your in-flight budget, up to a capped ceiling."",""headers"":{""Retry-After"":""120""},""provider_name"":null}}","{""type"":""session"",""version"":3,""id"":""01a0b5f9-cb51-7bc4-b9d8-75cf4c41bac8"",""timestamp"":""2026-09-18T19:24:01.745Z"",""cwd"":""/private/var/folders/nw/6_9204g535s835kn__nfthxh0000gn/T/router-repo-context-o3zkq4rl""}
{""type"":""agent_start""}
{""type"":""turn_start""}
{""type"":""message_start"",""message"":{""role"":""user"",""content"":[{""type"":""text"",""text"":""from_delayed divisions validation broken\n\nWhen using `from_delayed` with explicit divisions, the function incorrectly validates the divisions length, causing it to fail even with correct input.\n\n#### Steps/Code to Reproduce\n\n```python\nimport pandas as pd\nimport numpy as np\nfrom dask.delayed import delayed\nfrom dask.dataframe.dask_expr.io import from_delayed\n\n# Create test data\npdf = pd.DataFrame(data=np.random.normal(size=(10, 4)), columns=['a', 'b', 'c', 'd'])\nparts = [pdf.iloc[:1], pdf.iloc[1:3], pdf.iloc[3:6], pdf.iloc[6:10]]\ndfs = [delayed(parts.__getitem__)(i) for i in range(4)]\n\n# This should work but raises ValueError\ndivisions = tuple([p.index[0] for p in parts] + [parts[-1].index[-1]])\ndf = from_delayed(dfs, meta=pdf.head(0), divisions=divisions)\n```\n\nThe error message is:\n```\nValueError: divisions should be a tuple of len(dfs) + 1\n```\n\nBut the divisions tuple is correctly sized with 5 elements for 4 dataframes (len(dfs) + 1 = 5).\n\nThe repository is checked out in your current working directory, at the state before this issue was fixed. Use your available tools to explore the codebase, understand the issue, and make the necessary changes directly using your edit/write tools — actually modify the files; do not just describe or show the fix in your response. Your final message does not need to include any code or diff — the changes you make to the files are the submission. Keep your change as small and targeted as possible — modify only what's strictly necessary to fix the described issue; do not update changelogs, CI configuration, documentation, test files, or unrelated code as part of this fix.""}], ...[7237 more chars]",5212,0,0,0.0,0
dask__dask.5f61e423.lm_rewrite__y6wfm6ik,swe-smith,15,calibration,google/gemma-4-31b-it,openrouter,error_harness,"402: {""message"":""This request would exceed your available credits given your current in-flight requests. Retry after in-flight requests settle, or add credits."",""code"":402,""metadata"":{""reason"":""in_flight_budget_exhausted"",""limit_source"":""openrouter_in_flight_budget"",""remedy_hint"":""Retry after your in-flight requests settle (see the Retry-After header). Adding credits at https://openrouter.ai/settings/credits raises your in-flight budget, up to a capped ceiling."",""headers"":{""Retry-After"":""120""},""provider_name"":null}}","{""type"":""session"",""version"":3,""id"":""01a0b5f9-d2b7-7163-8d8a-e7131b1ad86d"",""timestamp"":""2026-09-18T19:24:03.639Z"",""cwd"":""/private/var/folders/nw/6_9204g535s835kn__nfthxh0000gn/T/router-repo-context-j4cnxtmt""}
{""type"":""agent_start""}
{""type"":""turn_start""}
{""type"":""message_start"",""message"":{""role"":""user"",""content"":[{""type"":""text"",""text"":""Reflect and Symmetric Padding Issue\n\nI've encountered an issue with the `pad` function when using the `reflect` and `symmetric` modes. It seems that the function is unable to handle these modes correctly, resulting in an error. Here's a simple example to reproduce the problem:\n\n```python\nimport numpy as np\nimport dask.array as da\n\n# Create a random array\nnp_a = np.random.random((10, 11))\nda_a = da.from_array(np_a, chunks=(4, 5))\n\n# Attempt to pad using reflect mode\ntry:\n    da_r = da.pad(da_a, ((1, 4), (2, 3)), mode='reflect')\n    print(\""Reflect mode padding successful.\"")\nexcept Exception as e:\n    print(f\""Reflect mode error: {e}\"")\n\n# Attempt to pad using symmetric mode\ntry:\n    da_r = da.pad(da_a, ((1, 4), (2, 3)), mode='symmetric')\n    print(\""Symmetric mode padding successful.\"")\nexcept Exception as e:\n    print(f\""Symmetric mode error: {e}\"")\n```\n\nWhen running this code, I get the following error message:\n\n```\nReflect mode error: name 'flip' is not defined\nSymmetric mode error: name 'flip' is not defined\n```\n\nIt seems like the `flip` function is not recognized, which is causing the padding operation to fail. This issue is preventing the use of `reflect` and `symmetric` padding modes effectively. Any insights or fixes would be greatly appreciated!\n\nThe repository is checked out in your current working directory, at the state before this issue was fixed. Use your available tools to explore the codebase, understand the issue, and make the necessary changes directly using your edit/write tools — actually modify the files; do not just describe or show the fix in your response. Your final message do ...[8221 more chars]",1897,0,0,0.0,0
davidhalter__parso.338a5760.func_basic__cwznso4m,swe-smith,1,calibration,google/gemma-4-31b-it,openrouter,error_harness,"402: {""message"":""This request would exceed your available credits given your current in-flight requests. Retry after in-flight requests settle, or add credits."",""code"":402,""metadata"":{""reason"":""in_flight_budget_exhausted"",""limit_source"":""openrouter_in_flight_budget"",""remedy_hint"":""Retry after your in-flight requests settle (see the Retry-After header). Adding credits at https://openrouter.ai/settings/credits raises your in-flight budget, up to a capped ceiling."",""headers"":{""Retry-After"":""120""},""provider_name"":null}}","{""type"":""session"",""version"":3,""id"":""01a0b5f9-d938-7b98-b298-f3c6d3d08e06"",""timestamp"":""2026-09-18T19:24:05.304Z"",""cwd"":""/private/var/folders/nw/6_9204g535s835kn__nfthxh0000gn/T/router-repo-context-dec7mmly""}
{""type"":""agent_start""}
{""type"":""turn_start""}
{""type"":""message_start"",""message"":{""role"":""user"",""content"":[{""type"":""text"",""text"":""PEP8 normalizer incorrectly calculates blank lines for nested code blocks\n\n#### Description\n\nThe PEP8 normalizer is producing incorrect blank line counts when processing nested code structures. It appears to be adding too many blank lines in certain contexts where functions or classes are defined within other blocks.\n\n#### Steps/Code to Reproduce\n\n```python\nimport parso\n\n# Example code that triggers the issue\ncode = \""\""\""\ndef outer_function():\n    def inner_function():\n        pass\n    \n    class InnerClass:\n        pass\n\""\""\""\n\ngrammar = parso.load_grammar()\nmodule = grammar.parse(code)\nissues = grammar._get_normalizer_issues(module)\n\n# The normalizer reports unexpected blank line issues\nfor issue in issues:\n    print(f\""Line {issue.start_pos[0]}: {issue.code}\"")\n```\n\nThe normalizer incorrectly flags blank line violations in nested structures where the blank line requirements should be different from top-level definitions.\n\nThe repository is checked out in your current working directory, at the state before this issue was fixed. Use your available tools to explore the codebase, understand the issue, and make the necessary changes directly using your edit/write tools — actually modify the files; do not just describe or show the fix in your response. Your final message does not need to include any code or diff — the changes you make to the files are the submission. Keep your change as small and targeted as possible — modify only what's strictly necessary to fix the described issue; do not update changelogs, CI configuration, documentation, test files, or unrelated code as part of this fix.""}],""timestamp"": ...[7201 more chars]",1581,0,0,0.0,0
davidhalter__parso.338a5760.func_basic__sddu9c24,swe-smith,1,calibration,google/gemma-4-31b-it,openrouter,error_harness,"402: {""message"":""This request would exceed your available credits given your current in-flight requests. Retry after in-flight requests settle, or add credits."",""code"":402,""metadata"":{""reason"":""in_flight_budget_exhausted"",""limit_source"":""openrouter_in_flight_budget"",""remedy_hint"":""Retry after your in-flight requests settle (see the Retry-After header). Adding credits at https://openrouter.ai/settings/credits raises your in-flight budget, up to a capped ceiling."",""headers"":{""Retry-After"":""120""},""provider_name"":null}}","{""type"":""session"",""version"":3,""id"":""01a0b5f9-dfa4-70cc-910a-f01a82cd2970"",""timestamp"":""2026-09-18T19:24:06.948Z"",""cwd"":""/private/var/folders/nw/6_9204g535s835kn__nfthxh0000gn/T/router-repo-context-gbw807oo""}
{""type"":""agent_start""}
{""type"":""turn_start""}
{""type"":""message_start"",""message"":{""role"":""user"",""content"":[{""type"":""text"",""text"":""# Indentation error messages are incorrectly formatted\n\n## Description\n\nWhen parsing Python code with indentation errors, the error messages are incorrectly formatted. The error message and spacing information are swapped in the `_add_indentation_error` method, causing confusing error output.\n\n## How to Reproduce\n\nCreate a Python file with indentation errors and try to parse it:\n\n```python\n# test_indentation.py\ndef example():\n    print(\""This is properly indented\"")\n print(\""This has incorrect indentation\"")\n```\n\n```python\nimport parso\n\ncode = open('test_indentation.py').read()\nmodule = parso.parse(code)\nerrors = parso.load_grammar().get_syntax_errors(module)\n\nfor error in errors:\n    print(error)\n```\n\n## Expected behavior\n\nThe error message should clearly indicate the indentation error with a proper message like:\n```\nIndentationError: unexpected indent\n```\n\n## Actual behavior\n\nInstead, the error message contains the spacing object information and the actual error message is used as the node, resulting in confusing output like:\n```\nIndentationError: <Spacing: ' '>\n```\n\nThis makes it difficult to understand what the actual indentation error is.\n\n## Environment\n- Python 3.10\n- parso latest version\n\nThe repository is checked out in your current working directory, at the state before this issue was fixed. Use your available tools to explore the codebase, understand the issue, and make the necessary changes directly using your edit/write tools — actually modify the files; do not just describe or show the fix in your response. Your final message does not need to include any code or diff — the ch ...[8077 more chars]",1841,0,0,0.0,0
django-money__django-money.835c1ab8.func_basic__080po5jt,swe-smith,12,calibration,google/gemma-4-31b-it,openrouter,error_harness,"402: {""message"":""This request would exceed your available credits given your current in-flight requests. Retry after in-flight requests settle, or add credits."",""code"":402,""metadata"":{""reason"":""in_flight_budget_exhausted"",""limit_source"":""openrouter_in_flight_budget"",""remedy_hint"":""Retry after your in-flight requests settle (see the Retry-After header). Adding credits at https://openrouter.ai/settings/credits raises your in-flight budget, up to a capped ceiling."",""headers"":{""Retry-After"":""120""},""provider_name"":null}}","{""type"":""session"",""version"":3,""id"":""01a0b5f9-ee08-7343-9b37-51003c35b253"",""timestamp"":""2026-09-18T19:24:10.632Z"",""cwd"":""/private/var/folders/nw/6_9204g535s835kn__nfthxh0000gn/T/router-repo-context-kgcm0wxu""}
{""type"":""agent_start""}
{""type"":""turn_start""}
{""type"":""message_start"",""message"":{""role"":""user"",""content"":[{""type"":""text"",""text"":""MoneyField tuple value handling broken for (amount, currency) format\n\n#### Description\n\nWhen creating a model instance with a MoneyField using tuple format `(amount, currency)`, the field incorrectly uses the currency code as the amount instead of the actual amount value.\n\n#### Steps/Code to Reproduce\n\n```python\nfrom djmoney import Money\nfrom myapp.models import BaseModel\n\n# This should create a Money object with amount=123 and currency='PLN'\ninstance = BaseModel.objects.create(money=('123', 'PLN'))\nprint(f\""Expected: Money('123', 'PLN')\"")\nprint(f\""Actual: {instance.money}\"")\n\n# Same issue with float amounts\ninstance2 = BaseModel.objects.create(money=(123.0, 'PLN'))\nprint(f\""Expected: Money('123', 'PLN')\"")  \nprint(f\""Actual: {instance2.money}\"")\n```\n\nThe tuple format `(amount, currency)` should work the same way as `Money(amount, currency)` but currently it's using the wrong tuple index for the amount.\n\nThe repository is checked out in your current working directory, at the state before this issue was fixed. Use your available tools to explore the codebase, understand the issue, and make the necessary changes directly using your edit/write tools — actually modify the files; do not just describe or show the fix in your response. Your final message does not need to include any code or diff — the changes you make to the files are the submission. Keep your change as small and targeted as possible — modify only what's strictly necessary to fix the described issue; do not update changelogs, CI configuration, documentation, test files, or unrelated code as part of this fix.""}],""timestamp"":1789759450682}}
{""type"":""mes ...[7117 more chars]",3601,0,0,0.0,0
encode__starlette.db5063c2.func_pm_class_rm_base__ra4k1z5q,swe-smith,4,calibration,google/gemma-4-31b-it,openrouter,error_harness,"402: {""message"":""This request would exceed your available credits given your current in-flight requests. Retry after in-flight requests settle, or add credits."",""code"":402,""metadata"":{""reason"":""in_flight_budget_exhausted"",""limit_source"":""openrouter_in_flight_budget"",""remedy_hint"":""Retry after your in-flight requests settle (see the Retry-After header). Adding credits at https://openrouter.ai/settings/credits raises your in-flight budget, up to a capped ceiling."",""headers"":{""Retry-After"":""120""},""provider_name"":null}}","{""type"":""session"",""version"":3,""id"":""01a0b5fa-0250-72ab-8eb4-0af9ede10b82"",""timestamp"":""2026-09-18T19:24:15.824Z"",""cwd"":""/private/var/folders/nw/6_9204g535s835kn__nfthxh0000gn/T/router-repo-context-o48s0v15""}
{""type"":""agent_start""}
{""type"":""turn_start""}
{""type"":""message_start"",""message"":{""role"":""user"",""content"":[{""type"":""text"",""text"":""WebSocket class missing HTTPConnection inheritance breaks scope interface\n\n#### Description\n\nWebSocket instances no longer behave as expected when accessing scope attributes. The WebSocket class appears to have lost its mapping interface functionality.\n\n#### Steps/Code to Reproduce\n\n```python\nfrom starlette.websockets import WebSocket\n\nasync def mock_receive():\n    pass\n\nasync def mock_send(message):\n    pass\n\n# Create a WebSocket instance\nwebsocket = WebSocket(\n    {'type': 'websocket', 'path': '/abc/', 'headers': []}, \n    receive=mock_receive, \n    send=mock_send\n)\n\n# Try to access scope attributes\nprint(websocket['type'])  # Should work\nprint(dict(websocket))    # Should work\nprint(len(websocket))     # Should work\n```\n\nThis code now raises errors when trying to access the WebSocket as a mapping object. Previously, WebSocket instances could be used like dictionaries to access scope information.\n\nThe WebSocket class should support:\n- `websocket['key']` syntax for accessing scope values\n- `dict(websocket)` conversion\n- `len(websocket)` to get scope length\n- Equality comparisons between WebSocket instances\n\nThe repository is checked out in your current working directory, at the state before this issue was fixed. Use your available tools to explore the codebase, understand the issue, and make the necessary changes directly using your edit/write tools — actually modify the files; do not just describe or show the fix in your response. Your final message does not need to include any code or diff — the changes you make to the files are the submission. Keep your change as small and targeted as possible — ...[7777 more chars]",5100,0,0,0.0,0
encode__starlette.db5063c2.func_pm_class_rm_funcs__26nlvprj,swe-smith,19,calibration,google/gemma-4-31b-it,openrouter,error_harness,"402: {""message"":""This request would exceed your available credits given your current in-flight requests. Retry after in-flight requests settle, or add credits."",""code"":402,""metadata"":{""reason"":""in_flight_budget_exhausted"",""limit_source"":""openrouter_in_flight_budget"",""remedy_hint"":""Retry after your in-flight requests settle (see the Retry-After header). Adding credits at https://openrouter.ai/settings/credits raises your in-flight budget, up to a capped ceiling."",""headers"":{""Retry-After"":""120""},""provider_name"":null}}","{""type"":""session"",""version"":3,""id"":""01a0b5fa-091a-77ae-bc67-90854f24008b"",""timestamp"":""2026-09-18T19:24:17.562Z"",""cwd"":""/private/var/folders/nw/6_9204g535s835kn__nfthxh0000gn/T/router-repo-context-x3iyzgve""}
{""type"":""agent_start""}
{""type"":""turn_start""}
{""type"":""message_start"",""message"":{""role"":""user"",""content"":[{""type"":""text"",""text"":""Host routes equality comparison broken after removing __eq__ method\n\n#### Description\n\nHost routes no longer compare equal when they should be identical. This breaks route comparison functionality that relies on equality checks.\n\n#### Steps/Code to Reproduce\n\n```python\nfrom starlette.routing import Host, Router, Route\n\n# Create two identical Host routes\nhost1 = Host(\""example.com\"", app=Router([Route(\""/\"", endpoint=lambda: None)]))\nhost2 = Host(\""example.com\"", app=Router([Route(\""/\"", endpoint=lambda: None)]))\n\n# These should be equal but aren't\nprint(host1 == host2)  # Expected: True, Actual: False\n\n# Also affects route lists containing Host instances\nroutes1 = [host1]\nroutes2 = [host2]\nprint(routes1 == routes2)  # Expected: True, Actual: False\n```\n\nThe issue appears when comparing Host instances that have the same host pattern and app configuration. Without proper equality comparison, identical Host routes are treated as different objects, which can cause problems in route matching and testing scenarios.\n\nThe repository is checked out in your current working directory, at the state before this issue was fixed. Use your available tools to explore the codebase, understand the issue, and make the necessary changes directly using your edit/write tools — actually modify the files; do not just describe or show the fix in your response. Your final message does not need to include any code or diff — the changes you make to the files are the submission. Keep your change as small and targeted as possible — modify only what's strictly necessary to fix the described issue; do not update changelogs, CI configuration, do ...[7438 more chars]",1748,0,0,0.0,0
erikrose__parsimonious.0d3f5f93.func_basic__y3utdc9j,swe-smith,1,calibration,google/gemma-4-31b-it,openrouter,error_harness,"402: {""message"":""This request would exceed your available credits given your current in-flight requests. Retry after in-flight requests settle, or add credits."",""code"":402,""metadata"":{""reason"":""in_flight_budget_exhausted"",""limit_source"":""openrouter_in_flight_budget"",""remedy_hint"":""Retry after your in-flight requests settle (see the Retry-After header). Adding credits at https://openrouter.ai/settings/credits raises your in-flight budget, up to a capped ceiling."",""headers"":{""Retry-After"":""120""},""provider_name"":null}}","{""type"":""session"",""version"":3,""id"":""01a0b5fa-0f75-7547-b31f-3c4711c00ddc"",""timestamp"":""2026-09-18T19:24:19.189Z"",""cwd"":""/private/var/folders/nw/6_9204g535s835kn__nfthxh0000gn/T/router-repo-context-0s8t0368""}
{""type"":""agent_start""}
{""type"":""turn_start""}
{""type"":""message_start"",""message"":{""role"":""user"",""content"":[{""type"":""text"",""text"":""# Token type is not being set correctly in Token class\n\n## Description\n\nI'm experiencing an issue with the `Token` class in parsimonious. When creating a token and trying to use it in a `TokenGrammar`, it's not working as expected.\n\nFor example, when I run this code:\n\n```python\nt = Token('my_token_type')\nprint(t)  # Should print: <Token \""my_token_type\"">\n```\n\nThe token appears to be created, but when I try to use it in a grammar:\n\n```python\ns = [Token('token1'), Token('token2')]\ngrammar = TokenGrammar('''\n    foo = token1 \""token2\""\n    token1 = \""token1\""\n''')\nresult = grammar.parse(s)  # This fails\n```\n\nIt fails to parse correctly. The issue seems to be that the token type is not being properly set or used.\n\nI also noticed that when using token expressions with repetition operators like `*` or `+`, they don't work as expected:\n\n```python\na = Token('a')\nb = Token('b')\ngrammar = TokenGrammar('''\n    foo = \""a\""*\n    bar = \""a\""+\n''')\n# These operations fail\ngrammar['foo'].parse([a, a])\ngrammar['bar'].parse([a])\n```\n\nThis seems to be related to how the token type is being handled internally. The token representation also doesn't show the correct type when printed.\n\nThe repository is checked out in your current working directory, at the state before this issue was fixed. Use your available tools to explore the codebase, understand the issue, and make the necessary changes directly using your edit/write tools — actually modify the files; do not just describe or show the fix in your response. Your final message does not need to include any code or diff — the changes you make to the files are the su ...[7963 more chars]",1933,0,0,0.0,0
getmoto__moto.694ce1f4.pr_8080,swe-smith,0,calibration,google/gemma-4-31b-it,openrouter,error_harness,"402: {""message"":""This request would exceed your available credits given your current in-flight requests. Retry after in-flight requests settle, or add credits."",""code"":402,""metadata"":{""reason"":""in_flight_budget_exhausted"",""limit_source"":""openrouter_in_flight_budget"",""remedy_hint"":""Retry after your in-flight requests settle (see the Retry-After header). Adding credits at https://openrouter.ai/settings/credits raises your in-flight budget, up to a capped ceiling."",""headers"":{""Retry-After"":""120""},""provider_name"":null}}","{""type"":""session"",""version"":3,""id"":""01a0b5fa-1da2-7946-8e9b-46ca925b9a0b"",""timestamp"":""2026-09-18T19:24:22.818Z"",""cwd"":""/private/var/folders/nw/6_9204g535s835kn__nfthxh0000gn/T/router-repo-context-l54oyxip""}
{""type"":""agent_start""}
{""type"":""turn_start""}
{""type"":""message_start"",""message"":{""role"":""user"",""content"":[{""type"":""text"",""text"":""Subscription Management Issue in Shield Backend\n\nHello,\n\nI've encountered an issue with the subscription management in the Shield backend. It seems that the functionality to create and describe a subscription is not working as expected. When attempting to describe a subscription before creating one, the expected `ResourceNotFoundException` is raised, which is correct. However, after creating a subscription, the subsequent call to describe it does not return the expected subscription details.\n\nSteps to reproduce:\n1. Attempt to describe a subscription using `client.describe_subscription()`. This should raise a `ResourceNotFoundException`.\n2. Create a subscription using `client.create_subscription()`.\n3. Attempt to describe the subscription again using `client.describe_subscription()`.\n\nExpected behavior:\n- The subscription details should be returned, including attributes like `AutoRenew`, `Limits`, `ProactiveEngagementStatus`, and `SubscriptionLimits`.\n\nActual behavior:\n- The subscription details are not returned as expected after creation.\n\nThis issue is affecting the ability to manage subscriptions effectively. Any insights or fixes would be greatly appreciated.\n\nThanks!\n\nThe repository is checked out in your current working directory, at the state before this issue was fixed. Use your available tools to explore the codebase, understand the issue, and make the necessary changes directly using your edit/write tools — actually modify the files; do not just describe or show the fix in your response. Your final message does not need to include any code or diff — the changes you make to the files are the submission. Keep ...[7921 more chars]",3620,0,0,0.0,0
getnikola__nikola.0f4c230e.func_pm_op_change_const__5q5pv8ys,swe-smith,11,calibration,google/gemma-4-31b-it,openrouter,error_harness,"402: {""message"":""This request would exceed your available credits given your current in-flight requests. Retry after in-flight requests settle, or add credits."",""code"":402,""metadata"":{""reason"":""in_flight_budget_exhausted"",""limit_source"":""openrouter_in_flight_budget"",""remedy_hint"":""Retry after your in-flight requests settle (see the Retry-After header). Adding credits at https://openrouter.ai/settings/credits raises your in-flight budget, up to a capped ceiling."",""headers"":{""Retry-After"":""120""},""provider_name"":null}}","{""type"":""session"",""version"":3,""id"":""01a0b5fa-28d3-7583-af68-d6859372343b"",""timestamp"":""2026-09-18T19:24:25.683Z"",""cwd"":""/private/var/folders/nw/6_9204g535s835kn__nfthxh0000gn/T/router-repo-context-tb5qw5xe""}
{""type"":""agent_start""}
{""type"":""turn_start""}
{""type"":""message_start"",""message"":{""role"":""user"",""content"":[{""type"":""text"",""text"":""Breadcrumb navigation paths incorrect for files in nested directories\n\n#### Description\n\nWhen generating breadcrumb navigation for files in nested directories, the relative paths are incorrect. The `get_crumbs` function produces paths that go one level too deep when `is_file=True`.\n\n#### Steps/Code to Reproduce\n\n```python\nfrom nikola.utils import get_crumbs\n\n# Test with a file in a nested directory structure\npath = 'listings/foo/bar'\ncrumbs = get_crumbs(path, is_file=True)\nprint(\""Generated crumbs:\"", crumbs)\nprint(\""Expected crumbs:\"", [['..', 'listings'], ['.', 'foo'], ['#', 'bar']])\n```\n\nThe function currently generates incorrect relative paths for parent directories when dealing with files in nested folder structures. The breadcrumb links point to paths that are one level deeper than they should be.\n\nThe repository is checked out in your current working directory, at the state before this issue was fixed. Use your available tools to explore the codebase, understand the issue, and make the necessary changes directly using your edit/write tools — actually modify the files; do not just describe or show the fix in your response. Your final message does not need to include any code or diff — the changes you make to the files are the submission. Keep your change as small and targeted as possible — modify only what's strictly necessary to fix the described issue; do not update changelogs, CI configuration, documentation, test files, or unrelated code as part of this fix.""}],""timestamp"":1789759465732}}
{""type"":""message_end"",""message"":{""role"":""user"",""content"":[{""type"":""text"",""text"":""Breadcrumb navigation paths incorrect f ...[6793 more chars]",2865,0,0,0.0,0
graphql-python__graphene.82903263.func_basic__e7oq7xz3,swe-smith,2,calibration,google/gemma-4-31b-it,openrouter,error_harness,"402: {""message"":""This request would exceed your available credits given your current in-flight requests. Retry after in-flight requests settle, or add credits."",""code"":402,""metadata"":{""reason"":""in_flight_budget_exhausted"",""limit_source"":""openrouter_in_flight_budget"",""remedy_hint"":""Retry after your in-flight requests settle (see the Retry-After header). Adding credits at https://openrouter.ai/settings/credits raises your in-flight budget, up to a capped ceiling."",""headers"":{""Retry-After"":""120""},""provider_name"":null}}","{""type"":""session"",""version"":3,""id"":""01a0b5fa-302f-7be6-a992-11478d6ef09e"",""timestamp"":""2026-09-18T19:24:27.567Z"",""cwd"":""/private/var/folders/nw/6_9204g535s835kn__nfthxh0000gn/T/router-repo-context-8q9jqob3""}
{""type"":""agent_start""}
{""type"":""turn_start""}
{""type"":""message_start"",""message"":{""role"":""user"",""content"":[{""type"":""text"",""text"":""# `is_type_of_from_possible_types` function has reversed arguments\n\n## Current problem\n\nThe `is_type_of_from_possible_types` function in `graphene/types/schema.py` is not working correctly. When using `possible_types` in a GraphQL ObjectType, the type checking fails.\n\n## Reproduction\n\nHere's a simple example that demonstrates the issue:\n\n```python\nfrom graphene import ObjectType, String\n\nclass MyObjectType(ObjectType):\n    class Meta:\n        possible_types = (dict,)\n    some_field = String()\n\n# Create an instance of dict\nmy_dict = {}\n\n# This should return True but returns False\nresult = isinstance(my_dict, MyObjectType.Meta.possible_types)\nprint(f\""Expected: True, Got: {result}\"")\n\n# The issue is that the arguments are reversed in the implementation\n# It's currently checking: isinstance(possible_types, root)\n# Instead of: isinstance(root, possible_types)\n```\n\n## Expected behavior\n\nWhen defining `possible_types` in an ObjectType's Meta class, the `is_type_of` check should correctly identify instances of those types.\n\n## Additional context\n\nThis affects any code that relies on the `possible_types` feature to determine if an object is of a specific GraphQL type. The current implementation has the arguments reversed in the `isinstance` check, causing type checking to fail.\n\nThe repository is checked out in your current working directory, at the state before this issue was fixed. Use your available tools to explore the codebase, understand the issue, and make the necessary changes directly using your edit/write tools — actually modify the files; do not just describe or show the fix in your response. You ...[8275 more chars]",1634,0,0,0.0,0
graphql-python__graphene.82903263.func_basic__con0sv78,swe-smith,9,calibration,google/gemma-4-31b-it,openrouter,error_harness,"402: {""message"":""This request would exceed your available credits given your current in-flight requests. Retry after in-flight requests settle, or add credits."",""code"":402,""metadata"":{""reason"":""in_flight_budget_exhausted"",""limit_source"":""openrouter_in_flight_budget"",""remedy_hint"":""Retry after your in-flight requests settle (see the Retry-After header). Adding credits at https://openrouter.ai/settings/credits raises your in-flight budget, up to a capped ceiling."",""headers"":{""Retry-After"":""120""},""provider_name"":null}}","{""type"":""session"",""version"":3,""id"":""01a0b5fa-36e3-7bdc-90b5-224c6abe2198"",""timestamp"":""2026-09-18T19:24:29.283Z"",""cwd"":""/private/var/folders/nw/6_9204g535s835kn__nfthxh0000gn/T/router-repo-context-t9y7inva""}
{""type"":""agent_start""}
{""type"":""turn_start""}
{""type"":""message_start"",""message"":{""role"":""user"",""content"":[{""type"":""text"",""text"":""to_arguments function returns empty dict instead of processed arguments\n\n#### Description\n\nThe `to_arguments` function in `graphene/types/argument.py` is returning an empty dictionary instead of the processed arguments dictionary. This breaks argument processing across the entire GraphQL schema.\n\n#### Steps/Code to Reproduce\n\n```python\nimport graphene\nfrom graphene import String, ObjectType, Schema, Argument\n\nclass Query(ObjectType):\n    hello = String(name=Argument(String))\n    \n    def resolve_hello(self, info, name=None):\n        return f\""Hello {name or 'World'}\""\n\nschema = Schema(query=Query)\n\n# This should work but returns empty result\nresult = schema.execute('{ hello(name: \""test\"") }')\nprint(result.data)  # Expected: {'hello': 'Hello test'}, Actual: None or error\n```\n\nThe issue affects all GraphQL operations that use arguments, including:\n- Field arguments\n- Mutation arguments  \n- Input object types\n- Scalar type validation\n\n#### Expected Behavior\n\nArguments should be properly processed and available to resolvers.\n\n#### Actual Behavior\n\nAll argument processing fails because `to_arguments` returns an empty dictionary instead of the processed arguments.\n\nThe repository is checked out in your current working directory, at the state before this issue was fixed. Use your available tools to explore the codebase, understand the issue, and make the necessary changes directly using your edit/write tools — actually modify the files; do not just describe or show the fix in your response. Your final message does not need to include any code or diff — the changes you make to the files are the submission ...[92184 more chars]",4666,0,0,0.0,0
gweis__isodate.17cb25eb.func_pm_remove_cond__znsfpknf,swe-smith,12,calibration,google/gemma-4-31b-it,openrouter,error_harness,"402: {""message"":""This request would exceed your available credits given your current in-flight requests. Retry after in-flight requests settle, or add credits."",""code"":402,""metadata"":{""reason"":""in_flight_budget_exhausted"",""limit_source"":""openrouter_in_flight_budget"",""remedy_hint"":""Retry after your in-flight requests settle (see the Retry-After header). Adding credits at https://openrouter.ai/settings/credits raises your in-flight budget, up to a capped ceiling."",""headers"":{""Retry-After"":""120""},""provider_name"":null}}","{""type"":""session"",""version"":3,""id"":""01a0b5fa-48e4-77ed-9db0-f9eff1ac939c"",""timestamp"":""2026-09-18T19:24:33.892Z"",""cwd"":""/private/var/folders/nw/6_9204g535s835kn__nfthxh0000gn/T/router-repo-context-3phij6xz""}
{""type"":""agent_start""}
{""type"":""turn_start""}
{""type"":""message_start"",""message"":{""role"":""user"",""content"":[{""type"":""text"",""text"":""tz_isoformat function raises ValueError for all format strings\n\n#### Description\n\nThe `tz_isoformat` function in `isotzinfo.py` is now raising a `ValueError` for all format strings, including the standard ones like `%Z`, `%z`, and `%h` that should be supported.\n\n#### Steps/Code to Reproduce\n\n```python\nfrom datetime import datetime, timezone, timedelta\nfrom isodate.isotzinfo import tz_isoformat\n\n# Create a datetime with timezone offset\ndt = datetime(2023, 1, 1, 12, 0, 0, tzinfo=timezone(timedelta(hours=5)))\n\n# Try to format with standard format strings\nprint(tz_isoformat(dt, \""%Z\""))  # Should return \""+05:00\""\nprint(tz_isoformat(dt, \""%z\""))  # Should return \""+0500\"" \nprint(tz_isoformat(dt, \""%h\""))  # Should return \""+05\""\n```\n\nAll of these calls now raise:\n```\nValueError: unknown format string \""%Z\""\nValueError: unknown format string \""%z\""  \nValueError: unknown format string \""%h\""\n```\n\nThe function used to support these standard timezone format strings but now rejects all formats.\n\nThe repository is checked out in your current working directory, at the state before this issue was fixed. Use your available tools to explore the codebase, understand the issue, and make the necessary changes directly using your edit/write tools — actually modify the files; do not just describe or show the fix in your response. Your final message does not need to include any code or diff — the changes you make to the files are the submission. Keep your change as small and targeted as possible — modify only what's strictly necessary to fix the described issue; do not update changelogs, CI configuration, documentation, test f ...[7381 more chars]",1617,0,0,0.0,0
HIPS__autograd.ac044f0d.func_pm_ctrl_shuffle__fl0r904j,swe-smith,15,calibration,google/gemma-4-31b-it,openrouter,error_harness,"402: {""message"":""This request would exceed your available credits given your current in-flight requests. Retry after in-flight requests settle, or add credits."",""code"":402,""metadata"":{""reason"":""in_flight_budget_exhausted"",""limit_source"":""openrouter_in_flight_budget"",""remedy_hint"":""Retry after your in-flight requests settle (see the Retry-After header). Adding credits at https://openrouter.ai/settings/credits raises your in-flight budget, up to a capped ceiling."",""headers"":{""Retry-After"":""120""},""provider_name"":null}}","{""type"":""session"",""version"":3,""id"":""01a0b5fa-4fcc-7120-ac04-2b15808defb6"",""timestamp"":""2026-09-18T19:24:35.660Z"",""cwd"":""/private/var/folders/nw/6_9204g535s835kn__nfthxh0000gn/T/router-repo-context-cw0z9p9i""}
{""type"":""agent_start""}
{""type"":""turn_start""}
{""type"":""message_start"",""message"":{""role"":""user"",""content"":[{""type"":""text"",""text"":""matmul gradient computation fails with UnboundLocalError\n\n#### Description\n\nWhen computing gradients for `np.matmul`, an `UnboundLocalError` is raised due to a reference to an undefined variable `result`.\n\n#### Steps/Code to Reproduce\n\n```python\nimport autograd.numpy as np\nfrom autograd import grad\n\n# Simple matmul case\nA = np.array([[1.0, 2.0], [3.0, 4.0]])\nB = np.array([[5.0, 6.0], [7.0, 8.0]])\n\ndef f(x):\n    return np.sum(np.matmul(x, B))\n\n# This should work but raises UnboundLocalError\ngrad_f = grad(f)\nresult = grad_f(A)\n```\n\nThe error occurs when trying to compute the gradient of matrix multiplication operations. The issue appears to be in the gradient computation logic where a variable is referenced before being defined in certain code paths.\n\nThe repository is checked out in your current working directory, at the state before this issue was fixed. Use your available tools to explore the codebase, understand the issue, and make the necessary changes directly using your edit/write tools — actually modify the files; do not just describe or show the fix in your response. Your final message does not need to include any code or diff — the changes you make to the files are the submission. Keep your change as small and targeted as possible — modify only what's strictly necessary to fix the described issue; do not update changelogs, CI configuration, documentation, test files, or unrelated code as part of this fix.""}],""timestamp"":1789759475710}}
{""type"":""message_end"",""message"":{""role"":""user"",""content"":[{""type"":""text"",""text"":""matmul gradient computation fails with UnboundLocalError\n\n#### Description\n\nWhen comp ...[6643 more chars]",1790,0,0,0.0,0
Instagram__MonkeyType.70c3acf6.func_pm_remove_cond__cz1fhv6r,swe-smith,9,calibration,google/gemma-4-31b-it,openrouter,error_harness,"402: {""message"":""This request would exceed your available credits given your current in-flight requests. Retry after in-flight requests settle, or add credits."",""code"":402,""metadata"":{""reason"":""in_flight_budget_exhausted"",""limit_source"":""openrouter_in_flight_budget"",""remedy_hint"":""Retry after your in-flight requests settle (see the Retry-After header). Adding credits at https://openrouter.ai/settings/credits raises your in-flight budget, up to a capped ceiling."",""headers"":{""Retry-After"":""120""},""provider_name"":null}}","{""type"":""session"",""version"":3,""id"":""01a0b5fa-5679-7393-976a-55eb65b7d233"",""timestamp"":""2026-09-18T19:24:37.369Z"",""cwd"":""/private/var/folders/nw/6_9204g535s835kn__nfthxh0000gn/T/router-repo-context-53np7v96""}
{""type"":""agent_start""}
{""type"":""turn_start""}
{""type"":""message_start"",""message"":{""role"":""user"",""content"":[{""type"":""text"",""text"":""_io module imports not handled correctly in stub generation\n\n#### Description\n\nWhen generating stubs, imports from the `_io` module are being incorrectly transformed. The module name `_io` is being changed to `io` during stub generation, which causes import errors since `_io` is the actual internal module name that should be preserved.\n\n#### Steps/Code to Reproduce\n\n```python\nfrom monkeytype.stubs import ImportBlockStub\n\n# Create an ImportBlockStub with _io module imports\nstub = ImportBlockStub()\nstub.add_import('_io', 'TextIOWrapper')\n\n# Generate the stub content\nresult = stub.render()\nprint(\""Generated stub:\"")\nprint(result)\n```\n\nExpected output:\n```\nfrom _io import TextIOWrapper\n```\n\nActual output:\n```\nfrom io import TextIOWrapper\n```\n\nThe issue occurs because the stub generation code is incorrectly stripping the leading underscore from `_io` module names, but `_io` is a legitimate internal Python module that should not be modified.\n\nThe repository is checked out in your current working directory, at the state before this issue was fixed. Use your available tools to explore the codebase, understand the issue, and make the necessary changes directly using your edit/write tools — actually modify the files; do not just describe or show the fix in your response. Your final message does not need to include any code or diff — the changes you make to the files are the submission. Keep your change as small and targeted as possible — modify only what's strictly necessary to fix the described issue; do not update changelogs, CI configuration, documentation, test files, or unrelated code as part of this fix.""}], ...[7237 more chars]",1738,0,0,0.0,0
iterative__dvc.1d6ea681.pr_8129,swe-smith,7,calibration,google/gemma-4-31b-it,openrouter,error_harness,"402: {""message"":""This request would exceed your available credits given your current in-flight requests. Retry after in-flight requests settle, or add credits."",""code"":402,""metadata"":{""reason"":""in_flight_budget_exhausted"",""limit_source"":""openrouter_in_flight_budget"",""remedy_hint"":""Retry after your in-flight requests settle (see the Retry-After header). Adding credits at https://openrouter.ai/settings/credits raises your in-flight budget, up to a capped ceiling."",""headers"":{""Retry-After"":""120""},""provider_name"":null}}","{""type"":""session"",""version"":3,""id"":""01a0b5fa-5e33-7fe8-bb22-bb584e21feb4"",""timestamp"":""2026-09-18T19:24:39.347Z"",""cwd"":""/private/var/folders/nw/6_9204g535s835kn__nfthxh0000gn/T/router-repo-context-d0eww6o3""}
{""type"":""agent_start""}
{""type"":""turn_start""}
{""type"":""message_start"",""message"":{""role"":""user"",""content"":[{""type"":""text"",""text"":""plots: templates option is clunky\nyes, it's more about this command's interface in this case. Feels like this list `{simple,linear,confusion,confusion_normalized,scatter,smooth}` will be growing / changing. Why do we have to specify it on the parser level, it's not very common to limit that large number of targets there.\r\n\r\n_Originally posted by @shcheklein in https://github.com/iterative/dvc.org/pull/3691#discussion_r907907003_\n\n\nThe repository is checked out in your current working directory, at the state before this issue was fixed. Use your available tools to explore the codebase, understand the issue, and make the necessary changes directly using your edit/write tools — actually modify the files; do not just describe or show the fix in your response. Your final message does not need to include any code or diff — the changes you make to the files are the submission. Keep your change as small and targeted as possible — modify only what's strictly necessary to fix the described issue; do not update changelogs, CI configuration, documentation, test files, or unrelated code as part of this fix.""}],""timestamp"":1789759479395}}
{""type"":""message_end"",""message"":{""role"":""user"",""content"":[{""type"":""text"",""text"":""plots: templates option is clunky\nyes, it's more about this command's interface in this case. Feels like this list `{simple,linear,confusion,confusion_normalized,scatter,smooth}` will be growing / changing. Why do we have to specify it on the parser level, it's not very common to limit that large number of targets there.\r\n\r\n_Originally posted by @shcheklein in https://github.com/iterative/dvc.org/pull/3691#discussion_r90790 ...[535188 more chars]",35345,0,0,0.0,0
iterative__dvc.1d6ea681.func_pm_remove_assign__s6ywiq3q,swe-smith,8,calibration,google/gemma-4-31b-it,openrouter,error_harness,"402: {""message"":""This request would exceed your available credits given your current in-flight requests. Retry after in-flight requests settle, or add credits."",""code"":402,""metadata"":{""reason"":""in_flight_budget_exhausted"",""limit_source"":""openrouter_in_flight_budget"",""remedy_hint"":""Retry after your in-flight requests settle (see the Retry-After header). Adding credits at https://openrouter.ai/settings/credits raises your in-flight budget, up to a capped ceiling."",""headers"":{""Retry-After"":""120""},""provider_name"":null}}","{""type"":""session"",""version"":3,""id"":""01a0b5fa-e7ef-79b6-96ee-12bb02cc1e99"",""timestamp"":""2026-09-18T19:25:14.607Z"",""cwd"":""/private/var/folders/nw/6_9204g535s835kn__nfthxh0000gn/T/router-repo-context-8490g102""}
{""type"":""agent_start""}
{""type"":""turn_start""}
{""type"":""message_start"",""message"":{""role"":""user"",""content"":[{""type"":""text"",""text"":""NameError in stage serialization functions after recent changes\n\n#### Description\n\nAfter some recent changes to the stage serialization code, several functions are throwing `NameError` exceptions for undefined variables. The lockfile generation is completely broken.\n\n#### Steps/Code to Reproduce\n\n```python\nfrom dvc.stage import PipelineStage, create_stage\nfrom dvc.stage.serialize import to_single_stage_lockfile\n\n# Create a simple stage\nstage = create_stage(PipelineStage, dvc, deps=['input'], cmd='command')\nstage.deps[0].hash_info = HashInfo('md5', 'md-five')\n\n# Try to serialize to lockfile - this should work but throws NameError\nresult = to_single_stage_lockfile(stage)\n```\n\nThe error occurs when trying to generate lockfiles for stages with dependencies, parameters, or outputs. Variables like `obj`, `meta_d`, `params`, `deps` are referenced but not defined in the current scope.\n\nThis affects basic DVC operations that rely on lockfile generation, making the system unusable for pipeline management.\n\nThe repository is checked out in your current working directory, at the state before this issue was fixed. Use your available tools to explore the codebase, understand the issue, and make the necessary changes directly using your edit/write tools — actually modify the files; do not just describe or show the fix in your response. Your final message does not need to include any code or diff — the changes you make to the files are the submission. Keep your change as small and targeted as possible — modify only what's strictly necessary to fix the described issue; do not update changelogs, CI configuration, documentation, te ...[25665 more chars]",5045,0,0,0.0,0
iterative__dvc.1d6ea681.pr_9729,swe-smith,8,calibration,google/gemma-4-31b-it,openrouter,error_harness,"402: {""message"":""This request would exceed your available credits given your current in-flight requests. Retry after in-flight requests settle, or add credits."",""code"":402,""metadata"":{""reason"":""in_flight_budget_exhausted"",""limit_source"":""openrouter_in_flight_budget"",""remedy_hint"":""Retry after your in-flight requests settle (see the Retry-After header). Adding credits at https://openrouter.ai/settings/credits raises your in-flight budget, up to a capped ceiling."",""headers"":{""Retry-After"":""120""},""provider_name"":null}}","{""type"":""session"",""version"":3,""id"":""01a0b5fa-fb8f-7d51-9a56-0b439f776a28"",""timestamp"":""2026-09-18T19:25:19.631Z"",""cwd"":""/private/var/folders/nw/6_9204g535s835kn__nfthxh0000gn/T/router-repo-context-jeipp28j""}
{""type"":""agent_start""}
{""type"":""turn_start""}
{""type"":""message_start"",""message"":{""role"":""user"",""content"":[{""type"":""text"",""text"":""# Bug with absolute path handling in DataResolver\n\nWhen using DVC with absolute paths in the working directory, I'm encountering an error with the path handling in the DataResolver class.\n\n## How to reproduce\n\nCreate a DVC project with a stage that uses an absolute path for the working directory:\n\n```python\nimport os\nfrom dvc.repo import Repo\n\n# Create a repo\nrepo = Repo.init()\n\n# Try to use an absolute path as wdir\nabs_path = os.path.abspath('.')\ndata = {\n    'stages': {\n        'example': {\n            'wdir': abs_path,\n            'cmd': 'echo hello'\n        }\n    }\n}\n\n# This will fail\nresolver = repo.dvc_file_resolver\nresolver.resolve(data)\n```\n\n## Expected behavior\n\nThe absolute path should be correctly converted to a relative path.\n\n## Actual behavior\n\nI get an AttributeError because the code is trying to use `fs.path.relpath` instead of just `fs.relpath`. \n\nWhen debugging, I found that in the DataResolver initialization, when an absolute path is provided, it tries to convert it to a relative path using `fs.path.relpath(wdir)` but `fs` doesn't have a `path` attribute with a `relpath` method - it has a direct `relpath` method.\n\n## Environment\n- Python 3.10\n- DVC latest version\n\nThe repository is checked out in your current working directory, at the state before this issue was fixed. Use your available tools to explore the codebase, understand the issue, and make the necessary changes directly using your edit/write tools — actually modify the files; do not just describe or show the fix in your response. Your final message does not need to include any code or diff — the changes you make to ...[8026 more chars]",1850,0,0,0.0,0
iterative__dvc.1d6ea681.func_pm_remove_cond__d45mhs9f,swe-smith,12,calibration,google/gemma-4-31b-it,openrouter,error_harness,"402: {""message"":""This request would exceed your available credits given your current in-flight requests. Retry after in-flight requests settle, or add credits."",""code"":402,""metadata"":{""reason"":""in_flight_budget_exhausted"",""limit_source"":""openrouter_in_flight_budget"",""remedy_hint"":""Retry after your in-flight requests settle (see the Retry-After header). Adding credits at https://openrouter.ai/settings/credits raises your in-flight budget, up to a capped ceiling."",""headers"":{""Retry-After"":""120""},""provider_name"":null}}","{""type"":""session"",""version"":3,""id"":""01a0b5fb-02b5-7f90-8aae-b786bb7c4a09"",""timestamp"":""2026-09-18T19:25:21.461Z"",""cwd"":""/private/var/folders/nw/6_9204g535s835kn__nfthxh0000gn/T/router-repo-context-75o6_nnw""}
{""type"":""agent_start""}
{""type"":""turn_start""}
{""type"":""message_start"",""message"":{""role"":""user"",""content"":[{""type"":""text"",""text"":""\n\n# Cannot interpolate non-string data types in DVC YAML files\n\nI'm trying to use interpolation in my DVC YAML file, but I'm getting an error when trying to interpolate non-string data types.\n\n## What happened\n\nWhen I try to interpolate a dictionary or other non-primitive data type, DVC fails with an error about not being able to interpolate that data type.\n\n## What I expected to happen\n\nI expected DVC to either handle the interpolation of non-string data types or provide a clear error message.\n\n## Reproduction steps\n\nCreate a `dvc.yaml` file with the following content:\n\n```yaml\nstages:\n  build:\n    outs: ${models}\n```\n\nAnd a `params.yaml` file with:\n\n```yaml\nmodels: {}\n```\n\nWhen running `dvc repro`, it fails with:\n\n```\nfailed to parse 'stages.build.outs' in 'dvc.yaml':\nCannot interpolate data of type 'dict'\n```\n\n## Additional information\n\nThis seems to be a regression. Previously, DVC was able to handle interpolation of dictionaries in certain contexts, like the `cmd` field. For example, this used to work:\n\n```yaml\nstages:\n  train:\n    cmd: ${command_config}\n```\n\nWhere `command_config` is a dictionary in `params.yaml`.\n\n**Environment**:\n- DVC version: 2.x\n- OS: Linux\n\n<END WRITING>\n\nThe repository is checked out in your current working directory, at the state before this issue was fixed. Use your available tools to explore the codebase, understand the issue, and make the necessary changes directly using your edit/write tools — actually modify the files; do not just describe or show the fix in your response. Your final message does not need to include any code or diff — the changes  ...[8059 more chars]",1954,0,0,0.0,0
jaraco__inflect.c079a96a.func_basic__c5803m21,swe-smith,5,calibration,google/gemma-4-31b-it,openrouter,error_harness,"402: {""message"":""This request would exceed your available credits given your current in-flight requests. Retry after in-flight requests settle, or add credits."",""code"":402,""metadata"":{""reason"":""in_flight_budget_exhausted"",""limit_source"":""openrouter_in_flight_budget"",""remedy_hint"":""Retry after your in-flight requests settle (see the Retry-After header). Adding credits at https://openrouter.ai/settings/credits raises your in-flight budget, up to a capped ceiling."",""headers"":{""Retry-After"":""120""},""provider_name"":null}}","{""type"":""session"",""version"":3,""id"":""01a0b5fb-0978-76cc-a7c9-5c3127d6c19d"",""timestamp"":""2026-09-18T19:25:23.192Z"",""cwd"":""/private/var/folders/nw/6_9204g535s835kn__nfthxh0000gn/T/router-repo-context-a6wbzmgx""}
{""type"":""agent_start""}
{""type"":""turn_start""}
{""type"":""message_start"",""message"":{""role"":""user"",""content"":[{""type"":""text"",""text"":""Number conversion produces incorrect output for large numbers\n\n#### Description\n\nWhen converting numbers to words, the library produces incorrect output for numbers with multiple digit groups. The issue appears to affect numbers in the thousands and higher ranges.\n\n#### Steps/Code to Reproduce\n\n```python\nimport inflect\n\np = inflect.engine()\n\n# Test basic number conversion\nprint(p.number_to_words('1234'))\n# Expected: 'one thousand, two hundred and thirty-four'\n# Actual: incorrect output\n\n# Test with inflect method\nprint(p.inflect(\""number_to_words(1234)\""))\n# Expected: 'one thousand, two hundred and thirty-four'  \n# Actual: incorrect output\n\n# Test ordinal conversion\nprint(p.inflect(\""number_to_words(1234, andword='')\""))\n# Expected: 'one thousand, two hundred thirty-four'\n# Actual: incorrect output\n```\n\nThe problem seems to affect various number conversion methods when dealing with numbers that have multiple digit groups (thousands, millions, etc.).\n\nThe repository is checked out in your current working directory, at the state before this issue was fixed. Use your available tools to explore the codebase, understand the issue, and make the necessary changes directly using your edit/write tools — actually modify the files; do not just describe or show the fix in your response. Your final message does not need to include any code or diff — the changes you make to the files are the submission. Keep your change as small and targeted as possible — modify only what's strictly necessary to fix the described issue; do not update changelogs, CI configuration, documentation, test files, or unrelated code as part of t ...[7273 more chars]",1545,0,0,0.0,0
joke2k__faker.8b401a7d.lm_rewrite__k9lmo6s3,swe-smith,7,calibration,google/gemma-4-31b-it,openrouter,error_harness,"402: {""message"":""This request would exceed your available credits given your current in-flight requests. Retry after in-flight requests settle, or add credits."",""code"":402,""metadata"":{""reason"":""in_flight_budget_exhausted"",""limit_source"":""openrouter_in_flight_budget"",""remedy_hint"":""Retry after your in-flight requests settle (see the Retry-After header). Adding credits at https://openrouter.ai/settings/credits raises your in-flight budget, up to a capped ceiling."",""headers"":{""Retry-After"":""120""},""provider_name"":null}}","{""type"":""session"",""version"":3,""id"":""01a0b5fb-115d-74bb-ac23-7a870461f23e"",""timestamp"":""2026-09-18T19:25:25.213Z"",""cwd"":""/private/var/folders/nw/6_9204g535s835kn__nfthxh0000gn/T/router-repo-context-mdm_0md9""}
{""type"":""agent_start""}
{""type"":""turn_start""}
{""type"":""message_start"",""message"":{""role"":""user"",""content"":[{""type"":""text"",""text"":""Domain Generation Algorithm (dga) method returns None instead of a domain name\n\nDescription\n\nThe `dga()` method in the internet provider is not generating domain names as expected.\n\nExample:\n```python\nfrom faker import Faker\n\nfake = Faker()\ndomain = fake.dga(year=2023, month=5, day=15)\nprint(domain)  # Expected: something like \""abcdefg.com\""\n# Actual output: None\n```\n\nWhen calling the `dga()` method with or without parameters, it always returns `None` instead of generating a domain name according to the specified date parameters.\n\nThe method should generate a domain name based on the given date parameters (year, month, day) or random values if not provided, along with a TLD. Instead, it's returning `None` which breaks any code relying on this functionality.\n\nThe repository is checked out in your current working directory, at the state before this issue was fixed. Use your available tools to explore the codebase, understand the issue, and make the necessary changes directly using your edit/write tools — actually modify the files; do not just describe or show the fix in your response. Your final message does not need to include any code or diff — the changes you make to the files are the submission. Keep your change as small and targeted as possible — modify only what's strictly necessary to fix the described issue; do not update changelogs, CI configuration, documentation, test files, or unrelated code as part of this fix.""}],""timestamp"":1789759525261}}
{""type"":""message_end"",""message"":{""role"":""user"",""content"":[{""type"":""text"",""text"":""Domain Generation Algorithm (dga) method returns None instead of a domain name\n\nDes ...[6655 more chars]",2335,0,0,0.0,0
joke2k__faker.8b401a7d.func_pm_remove_assign__0rxokmwn,swe-smith,18,calibration,google/gemma-4-31b-it,openrouter,error_harness,"402: {""message"":""This request would exceed your available credits given your current in-flight requests. Retry after in-flight requests settle, or add credits."",""code"":402,""metadata"":{""reason"":""in_flight_budget_exhausted"",""limit_source"":""openrouter_in_flight_budget"",""remedy_hint"":""Retry after your in-flight requests settle (see the Retry-After header). Adding credits at https://openrouter.ai/settings/credits raises your in-flight budget, up to a capped ceiling."",""headers"":{""Retry-After"":""120""},""provider_name"":null}}","{""type"":""session"",""version"":3,""id"":""01a0b5fb-1a4f-7f84-80cc-4c8918e8f802"",""timestamp"":""2026-09-18T19:25:27.503Z"",""cwd"":""/private/var/folders/nw/6_9204g535s835kn__nfthxh0000gn/T/router-repo-context-2pbnkrt0""}
{""type"":""agent_start""}
{""type"":""turn_start""}
{""type"":""message_start"",""message"":{""role"":""user"",""content"":[{""type"":""text"",""text"":""UnboundLocalError in BaseProvider._random_int when max parameter is used\n\n#### Description\n\nWhen using faker methods that internally call `_random_int` with a `max` parameter, an `UnboundLocalError` is raised for the variable `nb`.\n\n#### Steps/Code to Reproduce\n\n```python\nfrom faker import Faker\n\nfake = Faker()\n\n# This will raise UnboundLocalError: local variable 'nb' referenced before assignment\nfake.text(max_nb_chars=25)\n```\n\nThe error also occurs with other methods like:\n- `fake.sentence(nb_words=10)`\n- `fake.paragraphs(nb=5)`\n- `fake.pyobject(object_type=list)`\n\n#### Error Message\n\n```\nUnboundLocalError: local variable 'nb' referenced before assignment\n```\n\nThis happens because the `nb` variable is referenced in the return statement but may not be defined in all code paths when the `max` parameter is provided.\n\nThe repository is checked out in your current working directory, at the state before this issue was fixed. Use your available tools to explore the codebase, understand the issue, and make the necessary changes directly using your edit/write tools — actually modify the files; do not just describe or show the fix in your response. Your final message does not need to include any code or diff — the changes you make to the files are the submission. Keep your change as small and targeted as possible — modify only what's strictly necessary to fix the described issue; do not update changelogs, CI configuration, documentation, test files, or unrelated code as part of this fix.""}],""timestamp"":1789759527553}}
{""type"":""message_end"",""message"":{""role"":""user"",""content"":[{""type"":""text"",""text"":""UnboundLocalError  ...[6856 more chars]",2152,0,0,0.0,0
jsvine__pdfplumber.02ff4313.lm_rewrite__t92ph1os,swe-smith,17,calibration,google/gemma-4-31b-it,openrouter,error_harness,"402: {""message"":""This request would exceed your available credits given your current in-flight requests. Retry after in-flight requests settle, or add credits."",""code"":402,""metadata"":{""reason"":""in_flight_budget_exhausted"",""limit_source"":""openrouter_in_flight_budget"",""remedy_hint"":""Retry after your in-flight requests settle (see the Retry-After header). Adding credits at https://openrouter.ai/settings/credits raises your in-flight budget, up to a capped ceiling."",""headers"":{""Retry-After"":""120""},""provider_name"":null}}","{""type"":""session"",""version"":3,""id"":""01a0b5fb-233b-7db1-8dd0-8368a2eee626"",""timestamp"":""2026-09-18T19:25:29.787Z"",""cwd"":""/private/var/folders/nw/6_9204g535s835kn__nfthxh0000gn/T/router-repo-context-ytncix49""}
{""type"":""agent_start""}
{""type"":""turn_start""}
{""type"":""message_start"",""message"":{""role"":""user"",""content"":[{""type"":""text"",""text"":""### Issue: PDF Structure Tree Parsing Inconsistencies\n\n#### Description\n\nAfter the recent changes to the `_parse_parent_tree` method in `pdfplumber/structure.py`, there seems to be an issue with how the PDF structure tree is being parsed and constructed. The modifications appear to have introduced inconsistencies in the way parent-child relationships are established within the structure tree, leading to unexpected results.\n\n#### Steps to Reproduce\n\n1. Open a PDF file with a known structure, such as `hello_structure.pdf` or `image_structure.pdf`.\n2. Attempt to parse the structure tree using `pdfplumber`.\n3. Compare the parsed structure tree against the expected structure.\n\nFor example, using the following code snippet:\n\n```python\nimport pdfplumber\n\npath = 'path/to/hello_structure.pdf'\nwith pdfplumber.open(path) as pdf:\n    assert pdf.structure_tree == expected_structure\n    assert pdf.pages[0].structure_tree == expected_page_structure\n```\n\n#### Observed Behavior\n\n- The structure tree does not match the expected output.\n- Certain elements are missing or incorrectly nested.\n- In some cases, the parsing process results in an `AssertionError` or `StopIteration` exception.\n\n#### Expected Behavior\n\n- The structure tree should accurately reflect the hierarchy and relationships as defined in the PDF.\n- All elements should be correctly identified and nested according to their parent-child relationships.\n\n#### Additional Information\n\nThis issue seems to affect multiple test cases related to structure parsing, including `test_hello_structure`, `test_structure_tree_class`, and others. It is crucial to ensure that  ...[9649 more chars]",2302,0,0,0.0,0
kayak__pypika.1c9646f0.func_pm_ctrl_shuffle__pp6y1wny,swe-smith,13,calibration,google/gemma-4-31b-it,openrouter,error_harness,"402: {""message"":""This request would exceed your available credits given your current in-flight requests. Retry after in-flight requests settle, or add credits."",""code"":402,""metadata"":{""reason"":""in_flight_budget_exhausted"",""limit_source"":""openrouter_in_flight_budget"",""remedy_hint"":""Retry after your in-flight requests settle (see the Retry-After header). Adding credits at https://openrouter.ai/settings/credits raises your in-flight budget, up to a capped ceiling."",""headers"":{""Retry-After"":""120""},""provider_name"":null}}","{""type"":""session"",""version"":3,""id"":""01a0b5fb-2a53-7cb9-b77d-acbce8735583"",""timestamp"":""2026-09-18T19:25:31.603Z"",""cwd"":""/private/var/folders/nw/6_9204g535s835kn__nfthxh0000gn/T/router-repo-context-agpqxpq1""}
{""type"":""agent_start""}
{""type"":""turn_start""}
{""type"":""message_start"",""message"":{""role"":""user"",""content"":[{""type"":""text"",""text"":""LIMIT clause appears after OFFSET in generated SQL\n\nWhen using both LIMIT and OFFSET in queries, the generated SQL incorrectly places the LIMIT clause after the OFFSET clause, which produces invalid SQL syntax.\n\n#### Steps/Code to Reproduce\n\n```python\nfrom pypika import Query\n\n# This should generate \""SELECT * FROM table LIMIT 10 OFFSET 5\""\n# but instead generates \""SELECT * FROM table OFFSET 5 LIMIT 10\""\nq = Query.from_('table').select('*').limit(10).offset(5)\nprint(str(q))\n\n# Also affects slice notation\nq2 = Query.from_('abc').select('foo')[10:10]  \nprint(str(q2))\n```\n\nThe generated SQL has OFFSET before LIMIT, which is not valid SQL syntax in most databases. The correct order should be LIMIT followed by OFFSET.\n\nThe repository is checked out in your current working directory, at the state before this issue was fixed. Use your available tools to explore the codebase, understand the issue, and make the necessary changes directly using your edit/write tools — actually modify the files; do not just describe or show the fix in your response. Your final message does not need to include any code or diff — the changes you make to the files are the submission. Keep your change as small and targeted as possible — modify only what's strictly necessary to fix the described issue; do not update changelogs, CI configuration, documentation, test files, or unrelated code as part of this fix.""}],""timestamp"":1789759531654}}
{""type"":""message_end"",""message"":{""role"":""user"",""content"":[{""type"":""text"",""text"":""LIMIT clause appears after OFFSET in generated SQL\n\nWhen using both LIMIT and OFFSET in queries, the generated SQL incorrectly  ...[6523 more chars]",1734,0,0,0.0,0
kurtmckee__feedparser.cad965a3.combine_file__ol5m7joz,swe-smith,17,calibration,google/gemma-4-31b-it,openrouter,error_harness,"402: {""message"":""This request would exceed your available credits given your current in-flight requests. Retry after in-flight requests settle, or add credits."",""code"":402,""metadata"":{""reason"":""in_flight_budget_exhausted"",""limit_source"":""openrouter_in_flight_budget"",""remedy_hint"":""Retry after your in-flight requests settle (see the Retry-After header). Adding credits at https://openrouter.ai/settings/credits raises your in-flight budget, up to a capped ceiling."",""headers"":{""Retry-After"":""120""},""provider_name"":null}}","{""type"":""session"",""version"":3,""id"":""01a0b5fb-3361-712b-9684-e93db7cd7895"",""timestamp"":""2026-09-18T19:25:33.921Z"",""cwd"":""/private/var/folders/nw/6_9204g535s835kn__nfthxh0000gn/T/router-repo-context-49_un910""}
{""type"":""agent_start""}
{""type"":""turn_start""}
{""type"":""message_start"",""message"":{""role"":""user"",""content"":[{""type"":""text"",""text"":""Character reference parsing broken in HTML processor\n\n#### Description\n\nThe HTML processor is incorrectly handling character references, causing widespread parsing failures. When processing numeric character references like `&#160;`, the parser is producing malformed output.\n\n#### Steps/Code to Reproduce\n\n```python\nimport feedparser\n\n# Simple RSS feed with character references\nfeed_content = '''<?xml version=\""1.0\"" encoding=\""UTF-8\""?>\n<rss version=\""2.0\"">\n<channel>\n<title>Test Feed</title>\n<item>\n<title>Test &#160; Item</title>\n<description>Content with &#8211; dash</description>\n</item>\n</channel>\n</rss>'''\n\nresult = feedparser.parse(feed_content)\nprint(\""Title:\"", result.entries[0].title)\nprint(\""Description:\"", result.entries[0].description)\n```\n\nExpected output should show proper character decoding, but instead the character references are being mangled during processing.\n\nThe issue appears to affect both decimal (`&#160;`) and hexadecimal (`&#x00A0;`) character references, as well as entity reference handling for known HTML entities.\n\nThe repository is checked out in your current working directory, at the state before this issue was fixed. Use your available tools to explore the codebase, understand the issue, and make the necessary changes directly using your edit/write tools — actually modify the files; do not just describe or show the fix in your response. Your final message does not need to include any code or diff — the changes you make to the files are the submission. Keep your change as small and targeted as possible — modify only what's strictly necessary to fix the described issue; do not ...[7558 more chars]",2440,0,0,0.0,0
kurtmckee__feedparser.cad965a3.lm_rewrite__x7512l00,swe-smith,17,calibration,google/gemma-4-31b-it,openrouter,error_harness,"402: {""message"":""This request would exceed your available credits given your current in-flight requests. Retry after in-flight requests settle, or add credits."",""code"":402,""metadata"":{""reason"":""in_flight_budget_exhausted"",""limit_source"":""openrouter_in_flight_budget"",""remedy_hint"":""Retry after your in-flight requests settle (see the Retry-After header). Adding credits at https://openrouter.ai/settings/credits raises your in-flight budget, up to a capped ceiling."",""headers"":{""Retry-After"":""120""},""provider_name"":null}}","{""type"":""session"",""version"":3,""id"":""01a0b5fb-3d7b-70c2-9e61-e9001802ca34"",""timestamp"":""2026-09-18T19:25:36.507Z"",""cwd"":""/private/var/folders/nw/6_9204g535s835kn__nfthxh0000gn/T/router-repo-context-bxv9ml6f""}
{""type"":""agent_start""}
{""type"":""turn_start""}
{""type"":""message_start"",""message"":{""role"":""user"",""content"":[{""type"":""text"",""text"":""Title: XMLParserMixin pop method returns incorrect content processing\n\nDescription:\n\nIt seems there's an issue with the `pop` method in the `XMLParserMixin` class. After the recent changes, the method is not processing the content as expected, leading to unexpected results when parsing XML data.\n\nSteps to Reproduce:\n\n1. Use the `feedparser` library to parse an XML feed with various content types.\n2. Ensure the feed includes elements that require whitespace stripping and content processing.\n3. Observe the output of the parsed content.\n\nExpected Behavior:\n\n- The content should be processed correctly, with whitespace stripped where necessary.\n- The content should be returned in the expected format, with all necessary transformations applied.\n\nActual Behavior:\n\n- The content is returned without the expected processing, leading to incorrect or incomplete data.\n- Whitespace is not stripped as expected, and some content transformations are missing.\n\nThis issue affects the handling of XML feeds, particularly those with complex content structures. It would be great to have this addressed to ensure consistent and accurate parsing results.\n\nThe repository is checked out in your current working directory, at the state before this issue was fixed. Use your available tools to explore the codebase, understand the issue, and make the necessary changes directly using your edit/write tools — actually modify the files; do not just describe or show the fix in your response. Your final message does not need to include any code or diff — the changes you make to the files are the submission. Keep your change as small and targeted as po ...[7801 more chars]",2768,0,0,0.0,0
kurtmckee__feedparser.cad965a3.combine_module__2ugnfryn,swe-smith,23,calibration,google/gemma-4-31b-it,openrouter,error_harness,"402: {""message"":""This request would exceed your available credits given your current in-flight requests. Retry after in-flight requests settle, or add credits."",""code"":402,""metadata"":{""reason"":""in_flight_budget_exhausted"",""limit_source"":""openrouter_in_flight_budget"",""remedy_hint"":""Retry after your in-flight requests settle (see the Retry-After header). Adding credits at https://openrouter.ai/settings/credits raises your in-flight budget, up to a capped ceiling."",""headers"":{""Retry-After"":""120""},""provider_name"":null}}","{""type"":""session"",""version"":3,""id"":""01a0b5fb-4745-72d0-922e-74120e67c4fe"",""timestamp"":""2026-09-18T19:25:39.013Z"",""cwd"":""/private/var/folders/nw/6_9204g535s835kn__nfthxh0000gn/T/router-repo-context-wpo7urma""}
{""type"":""agent_start""}
{""type"":""turn_start""}
{""type"":""message_start"",""message"":{""role"":""user"",""content"":[{""type"":""text"",""text"":""W3CDTF date parser returns datetime object instead of time tuple\n\n#### Description\n\nThe W3CDTF date parser is returning a `datetime.datetime` object instead of the expected time tuple format. This breaks compatibility with existing code that expects all date parsers to return time tuples.\n\n#### Steps/Code to Reproduce\n\n```python\nimport feedparser\nfrom feedparser.datetimes.w3dtf import _parse_date_w3dtf\n\n# This should return a time tuple like (2003, 12, 31, 10, 14, 55, 2, 365, 0)\nresult = _parse_date_w3dtf('2003-12-31T10:14:55Z')\nprint(f\""Result: {result}\"")\nprint(f\""Type: {type(result)}\"")\n\n# Expected: time.struct_time or tuple\n# Actual: datetime.datetime object\n```\n\nThe function now returns a `datetime.datetime` object when it should return a time tuple in UTC format, consistent with other date parsing functions in the feedparser library.\n\nThe repository is checked out in your current working directory, at the state before this issue was fixed. Use your available tools to explore the codebase, understand the issue, and make the necessary changes directly using your edit/write tools — actually modify the files; do not just describe or show the fix in your response. Your final message does not need to include any code or diff — the changes you make to the files are the submission. Keep your change as small and targeted as possible — modify only what's strictly necessary to fix the described issue; do not update changelogs, CI configuration, documentation, test files, or unrelated code as part of this fix.""}],""timestamp"":1789759539062}}
{""type"":""message_end"",""message"":{""role"":""user"",""content"":[{""type"":""text"",""text"": ...[6913 more chars]",2352,0,0,0.0,0
lepture__mistune.bf54ef67.lm_rewrite__oxot3e3g,swe-smith,17,calibration,google/gemma-4-31b-it,openrouter,error_harness,"402: {""message"":""This request would exceed your available credits given your current in-flight requests. Retry after in-flight requests settle, or add credits."",""code"":402,""metadata"":{""reason"":""in_flight_budget_exhausted"",""limit_source"":""openrouter_in_flight_budget"",""remedy_hint"":""Retry after your in-flight requests settle (see the Retry-After header). Adding credits at https://openrouter.ai/settings/credits raises your in-flight budget, up to a capped ceiling."",""headers"":{""Retry-After"":""120""},""provider_name"":null}}","{""type"":""session"",""version"":3,""id"":""01a0b5fb-4e52-7d3a-abbd-c93371670f7b"",""timestamp"":""2026-09-18T19:25:40.818Z"",""cwd"":""/private/var/folders/nw/6_9204g535s835kn__nfthxh0000gn/T/router-repo-context-wplb6ptz""}
{""type"":""agent_start""}
{""type"":""turn_start""}
{""type"":""message_start"",""message"":{""role"":""user"",""content"":[{""type"":""text"",""text"":""### [Bug]: Ruby Plugin Rendering Issue\n\n#### Bug Summary\n\nThe recent changes to the `ruby` plugin in the mistune library seem to have introduced a problem with how `<ruby>` tags are rendered. The issue appears to affect the registration of the `ruby` renderer, causing unexpected behavior when processing markdown with ruby annotations.\n\n#### Steps to Reproduce\n\n1. Create a markdown file with the following content:\n   ```markdown\n   This is a test with a ruby annotation: {漢字|kanji}.\n   ```\n\n2. Use the mistune library to render the markdown content with the `ruby` plugin enabled.\n\n3. Observe the output. The `<ruby>` tags are not rendered as expected.\n\n#### Expected Outcome\n\nThe markdown content should be rendered with proper `<ruby>` tags, displaying the base text and the ruby text correctly.\n\n#### Actual Outcome\n\nThe `<ruby>` tags are not rendered correctly, and the ruby text does not appear as expected.\n\n#### Environment\n\n- **Operating System**: Linux\n- **Python Version**: 3.10.15\n- **Mistune Version**: Latest from the main branch\n\n#### Additional Information\n\nThis issue seems to be related to the recent changes in the `ruby` plugin registration logic. It would be helpful to review the changes made to the `ruby` function and ensure that the renderer is registered correctly.\n\nThe repository is checked out in your current working directory, at the state before this issue was fixed. Use your available tools to explore the codebase, understand the issue, and make the necessary changes directly using your edit/write tools — actually modify the files; do not just describe or show the fix in your response. You ...[8275 more chars]",1764,0,0,0.0,0
lepture__mistune.bf54ef67.combine_module__l9fzzy50,swe-smith,17,calibration,google/gemma-4-31b-it,openrouter,error_harness,"402: {""message"":""This request would exceed your available credits given your current in-flight requests. Retry after in-flight requests settle, or add credits."",""code"":402,""metadata"":{""reason"":""in_flight_budget_exhausted"",""limit_source"":""openrouter_in_flight_budget"",""remedy_hint"":""Retry after your in-flight requests settle (see the Retry-After header). Adding credits at https://openrouter.ai/settings/credits raises your in-flight budget, up to a capped ceiling."",""headers"":{""Retry-After"":""120""},""provider_name"":null}}","{""type"":""session"",""version"":3,""id"":""01a0b5fb-556e-72a8-bfb4-1ad6aeea0398"",""timestamp"":""2026-09-18T19:25:42.638Z"",""cwd"":""/private/var/folders/nw/6_9204g535s835kn__nfthxh0000gn/T/router-repo-context-0byv_yz1""}
{""type"":""agent_start""}
{""type"":""turn_start""}
{""type"":""message_start"",""message"":{""role"":""user"",""content"":[{""type"":""text"",""text"":""HTML block rendering broken with escape flag\n\n#### Description\n\nWhen using the HTML renderer with escape enabled, HTML blocks are not being rendered correctly. The escape logic appears to be inverted, causing HTML to be escaped when it shouldn't be and not escaped when it should be.\n\n#### Steps/Code to Reproduce\n\n```python\nimport mistune\n\n# Test with escape enabled\nrenderer = mistune.HTMLRenderer(escape=True)\nmd = mistune.create_markdown(renderer=renderer)\n\nhtml_content = \""<div>test content</div>\""\nresult = md(html_content)\nprint(\""With escape=True:\"", result)\n\n# Test with escape disabled  \nrenderer = mistune.HTMLRenderer(escape=False)\nmd = mistune.create_markdown(renderer=renderer)\n\nresult = md(html_content)\nprint(\""With escape=False:\"", result)\n```\n\nExpected behavior: When `escape=True`, raw HTML should be escaped and wrapped in `<p>` tags. When `escape=False`, raw HTML should pass through unchanged.\n\nActual behavior: The opposite occurs - HTML is escaped when escape is disabled and passes through when escape is enabled.\n\nAdditionally, there seems to be an issue with RST renderer emphasis formatting where the closing delimiter is incorrect.\n\nThe repository is checked out in your current working directory, at the state before this issue was fixed. Use your available tools to explore the codebase, understand the issue, and make the necessary changes directly using your edit/write tools — actually modify the files; do not just describe or show the fix in your response. Your final message does not need to include any code or diff — the changes you make to the files are the submission. Keep your change as  ...[7873 more chars]",1621,0,0,0.0,0
life4__textdistance.c3aca916.combine_file__s5ap259k,swe-smith,5,calibration,google/gemma-4-31b-it,openrouter,error_harness,"402: {""message"":""This request would exceed your available credits given your current in-flight requests. Retry after in-flight requests settle, or add credits."",""code"":402,""metadata"":{""reason"":""in_flight_budget_exhausted"",""limit_source"":""openrouter_in_flight_budget"",""remedy_hint"":""Retry after your in-flight requests settle (see the Retry-After header). Adding credits at https://openrouter.ai/settings/credits raises your in-flight budget, up to a capped ceiling."",""headers"":{""Retry-After"":""120""},""provider_name"":null}}","{""type"":""session"",""version"":3,""id"":""01a0b5fb-5bcf-78b1-8baf-d98e697154a2"",""timestamp"":""2026-09-18T19:25:44.271Z"",""cwd"":""/private/var/folders/nw/6_9204g535s835kn__nfthxh0000gn/T/router-repo-context-wv8i_psg""}
{""type"":""agent_start""}
{""type"":""turn_start""}
{""type"":""message_start"",""message"":{""role"":""user"",""content"":[{""type"":""text"",""text"":""NeedlemanWunsch and MLIPNS classes missing required methods after initialization changes\n\n#### Description\n\nAfter recent changes, the `NeedlemanWunsch` and `MLIPNS` classes are throwing `AttributeError` when trying to access basic methods. The classes seem to be missing their initialization or inheritance setup.\n\n#### Steps/Code to Reproduce\n\n```python\nimport textdistance\n\n# NeedlemanWunsch fails\nnw = textdistance.NeedlemanWunsch()\nresult = nw.distance('GATTACA', 'GCATGCU')  # AttributeError: 'NeedlemanWunsch' object has no attribute 'gap_cost'\n\n# MLIPNS also fails  \nmlipns = textdistance.MLIPNS()\nresult = mlipns.distance('abc', 'abc')  # AttributeError: 'MLIPNS' object has no attribute 'distance'\n```\n\nThe error occurs when trying to use these algorithms for basic distance calculations. Both classes appear to be missing essential attributes and methods that should be available after instantiation.\n\nThe repository is checked out in your current working directory, at the state before this issue was fixed. Use your available tools to explore the codebase, understand the issue, and make the necessary changes directly using your edit/write tools — actually modify the files; do not just describe or show the fix in your response. Your final message does not need to include any code or diff — the changes you make to the files are the submission. Keep your change as small and targeted as possible — modify only what's strictly necessary to fix the described issue; do not update changelogs, CI configuration, documentation, test files, or unrelated code as part of this fix.""}],""timestamp"":1789759544321}}
{""type"":""message_end"", ...[7087 more chars]",1645,0,0,0.0,0
lincolnloop__python-qrcode.456b01d4.combine_file__f7vjesoc,swe-smith,22,calibration,google/gemma-4-31b-it,openrouter,error_harness,"402: {""message"":""This request would exceed your available credits given your current in-flight requests. Retry after in-flight requests settle, or add credits."",""code"":402,""metadata"":{""reason"":""in_flight_budget_exhausted"",""limit_source"":""openrouter_in_flight_budget"",""remedy_hint"":""Retry after your in-flight requests settle (see the Retry-After header). Adding credits at https://openrouter.ai/settings/credits raises your in-flight budget, up to a capped ceiling."",""headers"":{""Retry-After"":""120""},""provider_name"":null}}","{""type"":""session"",""version"":3,""id"":""01a0b5fb-6283-7eb5-844d-9e66e4299a61"",""timestamp"":""2026-09-18T19:25:45.987Z"",""cwd"":""/private/var/folders/nw/6_9204g535s835kn__nfthxh0000gn/T/router-repo-context-90mr_oj1""}
{""type"":""agent_start""}
{""type"":""turn_start""}
{""type"":""message_start"",""message"":{""role"":""user"",""content"":[{""type"":""text"",""text"":""QRCode image generation fails with TypeError when using styled images and drawers\n\n#### Description\n\nWhen trying to generate QR codes with styled images or custom drawers, the code raises TypeErrors related to drawer initialization. This affects various image factories including StyledPilImage, PyPNGImage, and SVG-based images.\n\n#### Steps/Code to Reproduce\n\n```python\nimport qrcode\nfrom qrcode.image.styledpil import StyledPilImage\nfrom qrcode.image.styles import moduledrawers\n\n# Basic styled image generation fails\nqr = qrcode.QRCode(error_correction=qrcode.ERROR_CORRECT_L)\nqr.add_data(\""test data\"")\nimg = qr.make_image(image_factory=StyledPilImage, module_drawer=moduledrawers.CircleModuleDrawer())\n```\n\nThis raises a TypeError during drawer initialization. The same issue occurs with other module drawers like `GappedSquareModuleDrawer`, `RoundedModuleDrawer`, etc.\n\nSimilarly, using PyPNG image factory:\n\n```python\nfrom qrcode.image.pure import PyPNGImage\n\nqr = qrcode.QRCode()\nqr.add_data(\""test data\"") \nimg = qr.make_image(image_factory=PyPNGImage)\nimg.get_image()  # AttributeError occurs here\n```\n\nAnd with SVG images:\n\n```python\nfrom qrcode.image.svg import SvgSquareDrawer\n\nqr = qrcode.QRCode()\nqr.add_data(\""test data\"")\nimg = qr.make_image(image_factory=SvgSquareDrawer)\n```\n\nThis also results in TypeError during initialization.\n\nThe errors seem to be related to how drawers are being initialized and how the image objects are being passed around during the rendering process.\n\nThe repository is checked out in your current working directory, at the state before this issue was fixed. Use your avai ...[8917 more chars]",1713,0,0,0.0,0
mahmoud__boltons.3bfcfdd0.func_pm_remove_cond__rmebptxw,swe-smith,10,calibration,google/gemma-4-31b-it,openrouter,error_harness,"402: {""message"":""This request would exceed your available credits given your current in-flight requests. Retry after in-flight requests settle, or add credits."",""code"":402,""metadata"":{""reason"":""in_flight_budget_exhausted"",""limit_source"":""openrouter_in_flight_budget"",""remedy_hint"":""Retry after your in-flight requests settle (see the Retry-After header). Adding credits at https://openrouter.ai/settings/credits raises your in-flight budget, up to a capped ceiling."",""headers"":{""Retry-After"":""120""},""provider_name"":null}}","{""type"":""session"",""version"":3,""id"":""01a0b5fb-6924-7448-86d7-2dd9e77d1df9"",""timestamp"":""2026-09-18T19:25:47.684Z"",""cwd"":""/private/var/folders/nw/6_9204g535s835kn__nfthxh0000gn/T/router-repo-context-jtwc3fp_""}
{""type"":""agent_start""}
{""type"":""turn_start""}
{""type"":""message_start"",""message"":{""role"":""user"",""content"":[{""type"":""text"",""text"":""URL.to_text() returns incomplete URLs missing authority, path, and fragment components\n\n#### Description\n\nThe `URL.to_text()` method is not properly reconstructing URLs, returning only the scheme and query string while omitting critical components like authority, path, and fragment.\n\n#### Steps/Code to Reproduce\n\n```python\nfrom boltons.urlutils import URL\n\n# Basic URL with authority and path\nurl = URL('http://localhost/foo')\nprint(f\""Original: {url}\"")\nprint(f\""to_text(): {url.to_text()}\"")\n# Expected: http://localhost/foo\n# Actual: http:\n\n# URL with fragment\nurl = URL('http://tools.ietf.org/html/rfc3986#section-3.4')\nprint(f\""Original: {url}\"")\nprint(f\""to_text(): {url.to_text()}\"")\n# Expected: http://tools.ietf.org/html/rfc3986#section-3.4\n# Actual: http:\n\n# URL with query parameters\nurl = URL('http://localhost/foo?n=v')\nprint(f\""Original: {url}\"")\nprint(f\""to_text(): {url.to_text()}\"")\n# Expected: http://localhost/foo?n=v\n# Actual: http:?n=v\n```\n\nThe method appears to only include the scheme and query string components, completely ignoring the authority (host/port), path, and fragment portions of the URL.\n\nThe repository is checked out in your current working directory, at the state before this issue was fixed. Use your available tools to explore the codebase, understand the issue, and make the necessary changes directly using your edit/write tools — actually modify the files; do not just describe or show the fix in your response. Your final message does not need to include any code or diff — the changes you make to the files are the submission. Keep your change as small and targeted as possible — m ...[7771 more chars]",1727,0,0,0.0,0
mahmoud__glom.fb3c4e76.lm_rewrite__iok0udsh,swe-smith,9,calibration,google/gemma-4-31b-it,openrouter,error_harness,"402: {""message"":""This request would exceed your available credits given your current in-flight requests. Retry after in-flight requests settle, or add credits."",""code"":402,""metadata"":{""reason"":""in_flight_budget_exhausted"",""limit_source"":""openrouter_in_flight_budget"",""remedy_hint"":""Retry after your in-flight requests settle (see the Retry-After header). Adding credits at https://openrouter.ai/settings/credits raises your in-flight budget, up to a capped ceiling."",""headers"":{""Retry-After"":""120""},""provider_name"":null}}","{""type"":""session"",""version"":3,""id"":""01a0b5fb-6fbd-7029-b5ef-2f0c0a417561"",""timestamp"":""2026-09-18T19:25:49.373Z"",""cwd"":""/private/var/folders/nw/6_9204g535s835kn__nfthxh0000gn/T/router-repo-context-ol49mp5q""}
{""type"":""agent_start""}
{""type"":""turn_start""}
{""type"":""message_start"",""message"":{""role"":""user"",""content"":[{""type"":""text"",""text"":""### Unexpected Behavior in Scope Variable Assignment\n\n**Describe the bug**\nIt seems there's an issue with assigning scope variables using the `S` object. The expected behavior is not being met, and this is causing unexpected failures in certain scenarios.\n\n**To Reproduce**\nHere's a minimal example to reproduce the issue:\n\n```python\nfrom glom import glom, S\n\ndata = {'key': 'value'}\nresult = glom(data, S['key'] == 'value')\n```\n\n### Current behavior\nThe above code snippet should evaluate to `True`, but it raises an error instead.\n\n### Expected behavior\nThe expression `S['key'] == 'value'` should correctly evaluate to `True` without any errors.\n\n### Additional context\nThis issue seems to have surfaced after recent changes to the `TType` class in `glom/core.py`. It might be related to how method calls are being handled on the target.\n\nThe repository is checked out in your current working directory, at the state before this issue was fixed. Use your available tools to explore the codebase, understand the issue, and make the necessary changes directly using your edit/write tools — actually modify the files; do not just describe or show the fix in your response. Your final message does not need to include any code or diff — the changes you make to the files are the submission. Keep your change as small and targeted as possible — modify only what's strictly necessary to fix the described issue; do not update changelogs, CI configuration, documentation, test files, or unrelated code as part of this fix.""}],""timestamp"":1789759549420}}
{""type"":""message_end"",""message"":{""role"":""user"",""content"":[{""type"":""text"",""text"":""### Unexp ...[6883 more chars]",1789,0,0,0.0,0
mahmoud__glom.fb3c4e76.lm_rewrite__c5tayn7a,swe-smith,19,calibration,google/gemma-4-31b-it,openrouter,error_harness,"402: {""message"":""This request would exceed your available credits given your current in-flight requests. Retry after in-flight requests settle, or add credits."",""code"":402,""metadata"":{""reason"":""in_flight_budget_exhausted"",""limit_source"":""openrouter_in_flight_budget"",""remedy_hint"":""Retry after your in-flight requests settle (see the Retry-After header). Adding credits at https://openrouter.ai/settings/credits raises your in-flight budget, up to a capped ceiling."",""headers"":{""Retry-After"":""120""},""provider_name"":null}}","{""type"":""session"",""version"":3,""id"":""01a0b5fb-76ca-7b41-9639-a4753a1990b4"",""timestamp"":""2026-09-18T19:25:51.178Z"",""cwd"":""/private/var/folders/nw/6_9204g535s835kn__nfthxh0000gn/T/router-repo-context-sv4mcc30""}
{""type"":""agent_start""}
{""type"":""turn_start""}
{""type"":""message_start"",""message"":{""role"":""user"",""content"":[{""type"":""text"",""text"":""# Dictionary matching in glom is broken for nested dictionaries\n\nI found a bug in the dictionary matching functionality. When using `Match` with nested dictionaries, the keys are not being properly matched and preserved in the result.\n\n```python\nfrom glom import glom, Match, A, S\n\n# This should return {1: 1} but returns {}\nresult = glom({1: 2}, Match({A.t: S.t}))\nprint(result)  # Returns {} instead of {1: 1}\n```\n\nThe issue seems to be in how dictionary keys are matched and processed. When using scope variables like `A.t` and `S.t` in a nested dictionary pattern, the keys are not being properly preserved in the result.\n\nHere's another example showing the issue with more complex nested structures:\n\n```python\nimport json\nfrom glom import glom, Match, Auto, M\n\n# This should work but fails\nsquished_json = Match({\n    'smooshed_json': Auto((\n        json.loads, \n        Match({'sub': Auto((json.loads, M == 1))})\n    ))\n})\n\n# This fails with a MatchError\nglom(\n    {'smooshed_json': json.dumps({'sub': json.dumps(1)})}, \n    squished_json\n)\n```\n\nThe issue appears to be in how dictionary keys are matched and processed in the matching module. This affects any code that relies on nested dictionary matching with scope variables or complex patterns.\n\nThe repository is checked out in your current working directory, at the state before this issue was fixed. Use your available tools to explore the codebase, understand the issue, and make the necessary changes directly using your edit/write tools — actually modify the files; do not just describe or show the fix in your response. Your final message does not need to inc ...[8167 more chars]",1635,0,0,0.0,0
mahmoud__glom.fb3c4e76.func_pm_remove_assign__ra86rkh7,swe-smith,21,calibration,google/gemma-4-31b-it,openrouter,error_harness,"402: {""message"":""This request would exceed your available credits given your current in-flight requests. Retry after in-flight requests settle, or add credits."",""code"":402,""metadata"":{""reason"":""in_flight_budget_exhausted"",""limit_source"":""openrouter_in_flight_budget"",""remedy_hint"":""Retry after your in-flight requests settle (see the Retry-After header). Adding credits at https://openrouter.ai/settings/credits raises your in-flight budget, up to a capped ceiling."",""headers"":{""Retry-After"":""120""},""provider_name"":null}}","{""type"":""session"",""version"":3,""id"":""01a0b5fb-7d1d-72c5-b5ea-08330178152b"",""timestamp"":""2026-09-18T19:25:52.797Z"",""cwd"":""/private/var/folders/nw/6_9204g535s835kn__nfthxh0000gn/T/router-repo-context-ruo_6hpm""}
{""type"":""agent_start""}
{""type"":""turn_start""}
{""type"":""message_start"",""message"":{""role"":""user"",""content"":[{""type"":""text"",""text"":""CLI returns empty output when no spec provided\n\nWhen running `glom` command without any arguments, it should return `{}` but instead returns nothing.\n\n#### Steps to Reproduce\n\n```bash\nglom\n```\n\nExpected output:\n```\n{}\n```\n\nActual output:\n```\n(empty/blank)\n```\n\nThe command should default to returning an empty dict when no spec is provided, but currently produces no output at all.\n\nThe repository is checked out in your current working directory, at the state before this issue was fixed. Use your available tools to explore the codebase, understand the issue, and make the necessary changes directly using your edit/write tools — actually modify the files; do not just describe or show the fix in your response. Your final message does not need to include any code or diff — the changes you make to the files are the submission. Keep your change as small and targeted as possible — modify only what's strictly necessary to fix the described issue; do not update changelogs, CI configuration, documentation, test files, or unrelated code as part of this fix.""}],""timestamp"":1789759552846}}
{""type"":""message_end"",""message"":{""role"":""user"",""content"":[{""type"":""text"",""text"":""CLI returns empty output when no spec provided\n\nWhen running `glom` command without any arguments, it should return `{}` but instead returns nothing.\n\n#### Steps to Reproduce\n\n```bash\nglom\n```\n\nExpected output:\n```\n{}\n```\n\nActual output:\n```\n(empty/blank)\n```\n\nThe command should default to returning an empty dict when no spec is provided, but currently produces no output at all.\n\nThe repository is checked out in your current working directory,  ...[5500 more chars]",1631,0,0,0.0,0
marshmallow-code__apispec.8b421526.combine_module__x5749lu3,swe-smith,2,calibration,google/gemma-4-31b-it,openrouter,error_harness,"402: {""message"":""This request would exceed your available credits given your current in-flight requests. Retry after in-flight requests settle, or add credits."",""code"":402,""metadata"":{""reason"":""in_flight_budget_exhausted"",""limit_source"":""openrouter_in_flight_budget"",""remedy_hint"":""Retry after your in-flight requests settle (see the Retry-After header). Adding credits at https://openrouter.ai/settings/credits raises your in-flight budget, up to a capped ceiling."",""headers"":{""Retry-After"":""120""},""provider_name"":null}}","{""type"":""session"",""version"":3,""id"":""01a0b5fb-837e-7dbe-b71d-d61dcecdb0b2"",""timestamp"":""2026-09-18T19:25:54.430Z"",""cwd"":""/private/var/folders/nw/6_9204g535s835kn__nfthxh0000gn/T/router-repo-context-rymyuk2b""}
{""type"":""agent_start""}
{""type"":""turn_start""}
{""type"":""message_start"",""message"":{""role"":""user"",""content"":[{""type"":""text"",""text"":""Field validation min/max attributes swapped in OpenAPI spec generation\n\n#### Description\n\nWhen generating OpenAPI specifications from Marshmallow schemas, the minimum and maximum validation attributes are being swapped. Fields with Range validators are producing incorrect OpenAPI specs where the minimum value appears as maximum and vice versa.\n\n#### Steps/Code to Reproduce\n\n```python\nfrom marshmallow import Schema, fields, validate\nfrom apispec import APISpec\nfrom apispec.ext.marshmallow import MarshmallowPlugin\n\n# Create a simple schema with range validation\nclass TestSchema(Schema):\n    number_field = fields.Integer(validate=validate.Range(min=1, max=10))\n    string_field = fields.String(validate=validate.Length(min=2, max=20))\n\n# Generate OpenAPI spec\nspec = APISpec(\n    title=\""Test API\"",\n    version=\""1.0.0\"",\n    openapi_version=\""3.0.0\"",\n    plugins=[MarshmallowPlugin()]\n)\n\nspec.components.schema(\""TestSchema\"", schema=TestSchema)\nresult = spec.to_dict()\n\n# Check the generated properties\nprops = result['components']['schemas']['TestSchema']['properties']\nprint(\""Number field properties:\"", props['number_field'])\nprint(\""String field properties:\"", props['string_field'])\n```\n\nExpected output should show minimum=1, maximum=10 for the number field and minLength=2, maxLength=20 for the string field, but the values are swapped.\n\nAlso affects required field detection in partial schemas where required fields are incorrectly marked as not required and vice versa.\n\nThe repository is checked out in your current working directory, at the state before this issue was fixed. Use your available tools to  ...[8872 more chars]",1752,0,0,0.0,0
marshmallow-code__apispec.8b421526.func_pm_remove_cond__029nh1ia,swe-smith,2,calibration,google/gemma-4-31b-it,openrouter,error_harness,"402: {""message"":""This request would exceed your available credits given your current in-flight requests. Retry after in-flight requests settle, or add credits."",""code"":402,""metadata"":{""reason"":""in_flight_budget_exhausted"",""limit_source"":""openrouter_in_flight_budget"",""remedy_hint"":""Retry after your in-flight requests settle (see the Retry-After header). Adding credits at https://openrouter.ai/settings/credits raises your in-flight budget, up to a capped ceiling."",""headers"":{""Retry-After"":""120""},""provider_name"":null}}","{""type"":""session"",""version"":3,""id"":""01a0b5fb-8a49-79ed-b3f8-8c9887d13f44"",""timestamp"":""2026-09-18T19:25:56.169Z"",""cwd"":""/private/var/folders/nw/6_9204g535s835kn__nfthxh0000gn/T/router-repo-context-j4tgdtcf""}
{""type"":""agent_start""}
{""type"":""turn_start""}
{""type"":""message_start"",""message"":{""role"":""user"",""content"":[{""type"":""text"",""text"":""Schema resolver not handling dict schemas with nested structures\n\n#### Description\n\nWhen using dict schemas with nested structures like arrays, objects, or combinators (oneOf, anyOf, allOf), the schema resolver is not properly resolving nested schema references. This affects schemas that contain `type: \""array\""` with `items`, `type: \""object\""` with `properties`, or combinators like `oneOf`/`anyOf`/`allOf`.\n\n#### Steps/Code to Reproduce\n\n```python\nfrom apispec import APISpec\nfrom apispec.ext.marshmallow import MarshmallowPlugin\nfrom marshmallow import Schema, fields\n\nclass PetSchema(Schema):\n    name = fields.Str()\n\n# Create spec with marshmallow plugin\nspec = APISpec(\n    title='Test API',\n    version='1.0.0',\n    openapi_version='3.0.0',\n    plugins=[MarshmallowPlugin()]\n)\n\n# Register the schema\nspec.components.schema('Pet', schema=PetSchema)\n\n# Try to use a dict schema with array items\nspec.path(\n    path='/pets',\n    operations={\n        'get': {\n            'responses': {\n                '200': {\n                    'content': {\n                        'application/json': {\n                            'schema': {\n                                'type': 'array',\n                                'items': PetSchema  # This should resolve to a $ref\n                            }\n                        }\n                    }\n                }\n            }\n        }\n    }\n)\n\n# The items should be resolved to {\""$ref\"": \""#/components/schemas/Pet\""}\n# but instead remains as the raw schema object\n```\n\nThe same issue occurs with:\n- Object schemas with properties containing nested schema ...[10009 more chars]",1841,0,0,0.0,0
marshmallow-code__marshmallow.9716fc62.func_basic__6gtmidyo,swe-smith,2,calibration,google/gemma-4-31b-it,openrouter,error_harness,"pi exit 1: , and make the necessary changes directly using your edit/write tools — actually modify the files; do not just describe or show the fix in your response. Your final message does not need to include any code or diff — the changes you make to the files are the submission. Keep your change as small and targeted as possible — modify only what's strictly necessary to fix the described issue; do not update changelogs, CI configuration, documentation, test files, or unrelated code as part of this fix.
",,852,0,0,0.0,0
marshmallow-code__marshmallow.9716fc62.lm_rewrite__173siroi,swe-smith,2,calibration,google/gemma-4-31b-it,openrouter,error_harness,"402: {""message"":""This request would exceed your available credits given your current in-flight requests. Retry after in-flight requests settle, or add credits."",""code"":402,""metadata"":{""reason"":""in_flight_budget_exhausted"",""limit_source"":""openrouter_in_flight_budget"",""remedy_hint"":""Retry after your in-flight requests settle (see the Retry-After header). Adding credits at https://openrouter.ai/settings/credits raises your in-flight budget, up to a capped ceiling."",""headers"":{""Retry-After"":""120""},""provider_name"":null}}","{""type"":""session"",""version"":3,""id"":""01a0b5fb-94ce-7a4b-8def-71ed3ba42f2d"",""timestamp"":""2026-09-18T19:25:58.862Z"",""cwd"":""/private/var/folders/nw/6_9204g535s835kn__nfthxh0000gn/T/router-repo-context-pk9jrnby""}
{""type"":""agent_start""}
{""type"":""turn_start""}
{""type"":""message_start"",""message"":{""role"":""user"",""content"":[{""type"":""text"",""text"":""AttributeError in Dict Field Initialization\n\nDescription\n\nAfter the recent changes to the `Mapping` class in `fields.py`, it seems that the `Dict` object is encountering issues with attribute access. Specifically, when attempting to use the `only` and `exclude` attributes, an `AttributeError` is raised, indicating that these attributes do not exist on the `Dict` object.\n\nSteps to Reproduce:\n\n1. Initialize a `Dict` field with nested fields that utilize `only` or `exclude` attributes.\n2. Attempt to serialize or deserialize data using this field configuration.\n3. Observe the `AttributeError` indicating the absence of `only` or `exclude` attributes on the `Dict` object.\n\nThis issue seems to affect scenarios where nested fields are expected to propagate `only` and `exclude` attributes, leading to unexpected failures in data processing. Further investigation is needed to ensure that the `Dict` field correctly handles these attributes as intended.\n\nThe repository is checked out in your current working directory, at the state before this issue was fixed. Use your available tools to explore the codebase, understand the issue, and make the necessary changes directly using your edit/write tools — actually modify the files; do not just describe or show the fix in your response. Your final message does not need to include any code or diff — the changes you make to the files are the submission. Keep your change as small and targeted as possible — modify only what's strictly necessary to fix the described issue; do not update changelogs, CI configuration, documentation, test files, or unrelated code as part of this fix.""}],""timestamp"":17 ...[7195 more chars]",1605,0,0,0.0,0
marshmallow-code__marshmallow.9716fc62.func_basic__7kw95lxv,swe-smith,19,calibration,google/gemma-4-31b-it,openrouter,error_harness,"402: {""message"":""This request would exceed your available credits given your current in-flight requests. Retry after in-flight requests settle, or add credits."",""code"":402,""metadata"":{""reason"":""in_flight_budget_exhausted"",""limit_source"":""openrouter_in_flight_budget"",""remedy_hint"":""Retry after your in-flight requests settle (see the Retry-After header). Adding credits at https://openrouter.ai/settings/credits raises your in-flight budget, up to a capped ceiling."",""headers"":{""Retry-After"":""120""},""provider_name"":null}}","{""type"":""session"",""version"":3,""id"":""01a0b5fb-9b21-751a-9382-9f67f122f85b"",""timestamp"":""2026-09-18T19:26:00.481Z"",""cwd"":""/private/var/folders/nw/6_9204g535s835kn__nfthxh0000gn/T/router-repo-context-mxpnhjgn""}
{""type"":""agent_start""}
{""type"":""turn_start""}
{""type"":""message_start"",""message"":{""role"":""user"",""content"":[{""type"":""text"",""text"":""set_value function swaps key and value parameters\n\n#### Description\n\nThe `set_value` utility function in `marshmallow.utils` appears to be swapping the key and value parameters when setting dictionary values. This causes unexpected behavior where keys become values and values become keys.\n\n#### Steps/Code to Reproduce\n\n```python\nfrom marshmallow.utils import set_value\n\n# Simple case\ndct = {}\nset_value(dct, 'foo', 42)\nprint(dct)  # Expected: {'foo': 42}, Actual: {42: 'foo'}\n\n# Nested case  \ndct = {}\nset_value(dct, 'nested.key', 'value')\nprint(dct)  # Expected: {'nested': {'key': 'value'}}, but gets errors due to list/dict type mismatch\n```\n\nThe function seems to be setting `dct[value] = key` instead of `dct[key] = value`, which completely breaks the expected behavior of setting dictionary values by key.\n\nThe repository is checked out in your current working directory, at the state before this issue was fixed. Use your available tools to explore the codebase, understand the issue, and make the necessary changes directly using your edit/write tools — actually modify the files; do not just describe or show the fix in your response. Your final message does not need to include any code or diff — the changes you make to the files are the submission. Keep your change as small and targeted as possible — modify only what's strictly necessary to fix the described issue; do not update changelogs, CI configuration, documentation, test files, or unrelated code as part of this fix.""}],""timestamp"":1789759560533}}
{""type"":""message_end"",""message"":{""role"":""user"",""content"":[{""type"":""text"",""text"":""set_value function swaps key and val ...[6802 more chars]",1739,0,0,0.0,0
matthewwithanm__python-markdownify.6258f5c3.lm_rewrite__7zbomkh9,swe-smith,17,calibration,google/gemma-4-31b-it,openrouter,error_harness,"402: {""message"":""This request would exceed your available credits given your current in-flight requests. Retry after in-flight requests settle, or add credits."",""code"":402,""metadata"":{""reason"":""in_flight_budget_exhausted"",""limit_source"":""openrouter_in_flight_budget"",""remedy_hint"":""Retry after your in-flight requests settle (see the Retry-After header). Adding credits at https://openrouter.ai/settings/credits raises your in-flight budget, up to a capped ceiling."",""headers"":{""Retry-After"":""120""},""provider_name"":null}}","{""type"":""session"",""version"":3,""id"":""01a0b5fb-a1e3-7534-9924-a37b5139e059"",""timestamp"":""2026-09-18T19:26:02.211Z"",""cwd"":""/private/var/folders/nw/6_9204g535s835kn__nfthxh0000gn/T/router-repo-context-5bg780kn""}
{""type"":""agent_start""}
{""type"":""turn_start""}
{""type"":""message_start"",""message"":{""role"":""user"",""content"":[{""type"":""text"",""text"":""REGRESSION: Table formatting broken in HTML to Markdown conversion\n\nWhen converting HTML tables to Markdown, the table formatting is incorrect. The issue appears to be in the `convert_tr` method which is not properly handling table rows.\n\nHere's a simple reproduction case:\n\n```python\nfrom markdownify import markdownify as md\n\nhtml_table = \""\""\""\n<table>\n  <thead>\n    <tr>\n      <th>Firstname</th>\n      <th>Lastname</th>\n      <th>Age</th>\n    </tr>\n  </thead>\n  <tbody>\n    <tr>\n      <td>Jill</td>\n      <td>Smith</td>\n      <td>50</td>\n    </tr>\n    <tr>\n      <td>Eve</td>\n      <td>Jackson</td>\n      <td>94</td>\n    </tr>\n  </tbody>\n</table>\n\""\""\""\n\nprint(md(html_table))\n```\n\nExpected output:\n```\n| Firstname | Lastname | Age |\n| --- | --- | --- |\n| Jill | Smith | 50 |\n| Eve | Jackson | 94 |\n```\n\nActual output:\n```\n|\n| --- | --- | --- |\n| Firstname | Lastname | Age |\n| --- | --- | --- |\n| Jill | Smith | 50 |\n| Eve | Jackson | 94 |\n```\n\nThe issue is that the table separator rows are being added incorrectly, resulting in duplicate separator rows and misplaced headers. This affects all table conversions, including tables with HTML content, tables with paragraphs, and tables with colspan attributes.\n\nThe repository is checked out in your current working directory, at the state before this issue was fixed. Use your available tools to explore the codebase, understand the issue, and make the necessary changes directly using your edit/write tools — actually modify the files; do not just describe or show the fix in your response. Your final message does not need to include any code or diff  ...[8101 more chars]",1714,0,0,0.0,0
mozilla__bleach.73871d76.lm_rewrite__gf39cr4o,swe-smith,17,calibration,google/gemma-4-31b-it,openrouter,error_harness,"402: {""message"":""This request would exceed your available credits given your current in-flight requests. Retry after in-flight requests settle, or add credits."",""code"":402,""metadata"":{""reason"":""in_flight_budget_exhausted"",""limit_source"":""openrouter_in_flight_budget"",""remedy_hint"":""Retry after your in-flight requests settle (see the Retry-After header). Adding credits at https://openrouter.ai/settings/credits raises your in-flight budget, up to a capped ceiling."",""headers"":{""Retry-After"":""120""},""provider_name"":null}}","{""type"":""session"",""version"":3,""id"":""01a0b5fb-a8ef-7778-9f09-3bdfc840520a"",""timestamp"":""2026-09-18T19:26:04.015Z"",""cwd"":""/private/var/folders/nw/6_9204g535s835kn__nfthxh0000gn/T/router-repo-context-l4g8t4wv""}
{""type"":""agent_start""}
{""type"":""turn_start""}
{""type"":""message_start"",""message"":{""role"":""user"",""content"":[{""type"":""text"",""text"":""#### Description\n\nThe `linkify` function seems to have an issue with handling URLs that are wrapped in parentheses. When a URL is enclosed in multiple parentheses, the function does not correctly balance them, leading to incorrect URL parsing. This behavior is unexpected and causes the URLs to be improperly formatted.\n\n#### Steps/Code to Reproduce\n\n```python\nfrom bleach.linkifier import linkify\n\n# Example with multiple parentheses\ndata = \""(((example.com/))))\""\nexpected_output = \""((<a href=\\\""http://example.com/\\\"" rel=\\\""nofollow\\\"">example.com/</a>)))\""\n\n# This should correctly parse the URL and balance the parentheses\noutput = linkify(data)\nprint(output)  # => ((<a href=\""http://example.com/\"" rel=\""nofollow\"">example.com/</a>)))\n```\n\n#### Expected Results\n\nThe URL should be correctly identified and wrapped with `<a>` tags, with the parentheses balanced around it.\n\n#### Actual Results\n\nThe URL is not correctly parsed, and the parentheses are not balanced as expected.\n\n#### Versions\n\n```\nSystem:\n    python: 3.10.15\n    bleach: 5.0.0\n    html5lib: 1.1\n```\n\nThe repository is checked out in your current working directory, at the state before this issue was fixed. Use your available tools to explore the codebase, understand the issue, and make the necessary changes directly using your edit/write tools — actually modify the files; do not just describe or show the fix in your response. Your final message does not need to include any code or diff — the changes you make to the files are the submission. Keep your change as small and targeted as possible — modify only what's strictly necessary to fix the  ...[7627 more chars]",1769,0,0,0.0,0
oauthlib__oauthlib.1fd52536.func_basic__z9ez9yvn,swe-smith,5,calibration,google/gemma-4-31b-it,openrouter,error_harness,"402: {""message"":""This request would exceed your available credits given your current in-flight requests. Retry after in-flight requests settle, or add credits."",""code"":402,""metadata"":{""reason"":""in_flight_budget_exhausted"",""limit_source"":""openrouter_in_flight_budget"",""remedy_hint"":""Retry after your in-flight requests settle (see the Retry-After header). Adding credits at https://openrouter.ai/settings/credits raises your in-flight budget, up to a capped ceiling."",""headers"":{""Retry-After"":""120""},""provider_name"":null}}","{""type"":""session"",""version"":3,""id"":""01a0b5fb-afde-7d52-8cfc-8eefda616899"",""timestamp"":""2026-09-18T19:26:05.790Z"",""cwd"":""/private/var/folders/nw/6_9204g535s835kn__nfthxh0000gn/T/router-repo-context-h4bajpmg""}
{""type"":""agent_start""}
{""type"":""turn_start""}
{""type"":""message_start"",""message"":{""role"":""user"",""content"":[{""type"":""text"",""text"":""RSA-SHA512 signature function uses wrong hash algorithm\n\n#### Description\n\nThe `sign_rsa_sha512_with_client` function is incorrectly using SHA-256 instead of SHA-512 for signing, causing signature verification to fail.\n\n#### Steps/Code to Reproduce\n\n```python\nfrom oauthlib.oauth1.rfc5849.signature import sign_rsa_sha512_with_client, verify_rsa_sha512\nfrom oauthlib.oauth1 import Client\n\n# Create a client with RSA key\nclient = Client('client_key', rsa_key=\""\""\""-----BEGIN RSA PRIVATE KEY-----\nMIICXgIBAAKBgQDk1/bxyS8Q8jiheHeYYp/4rEKJopeQRRKKpZI4s5i+UPwVpupG\nAlwXWfzXwSMaKPAoKJNdu7tqKRniqst5uoHXw98gj0M9SqWDfNzBCe/+8TiJt9+b\n8nAFw/+4qiXfksuHnSz1VwXcqRsAaJmhJhGJJKJKJKJKJKJKJKJKJKJKJKJKJKJK\nJKJKJKJKJKJKJKJKJKJKJKJKJKJKJKJKJKJKJKJKJKJKJKJKJKJKJKJKJKJKJKJK\nJKJKJKJKJKJKJKJKJKJKJKJKJKJKJKJKJKJKJKJKJKJKJKJKJKJKJKJKJKJKJKJK\nJKJKJKJKJKJKJKJKJKJKJKJKJKJKJKJKJKJKJKJKJKJKJKJKJKJKJKJKJKJKJKJK\nJKJKJKJKJKJKJKJKJKJKJKJKJKJKJKJKJKJKJKJKJKJKJKJKJKJKJKJKJKJKJKJK\nJKJKJKJKJKJKJKJKJKJKJKJKJKJKJKJKJKJKJKJKJKJKJKJKJKJKJKJKJKJKJKJK\nJKJKJKJKJKJKJKJKJKJKJKJKJKJKJKJKJKJKJKJKJKJKJKJKJKJKJKJKJKJKJKJK\nJKJKJKJKJKJKJKJKJKJKJKJKJKJKJKJKJKJKJKJKJKJKJKJKJKJKJKJKJKJKJKJK\nJKJKJKJKJKJKJKJKJKJKJKJKJKJKJKJKJKJKJKJKJKJKJKJKJKJKJKJKJKJKJKJK\nJKJKJKJKJKJKJKJKJKJKJKJKJKJKJKJKJKJKJKJKJKJKJKJKJKJKJKJKJKJKJKJK\nJKJKJKJKJKJKJKJKJKJKJKJKJKJKJKJKJKJKJKJKJKJKJKJKJKJKJKJKJKJKJKJK\nJKJKJKJKJKJKJKJKJKJKJKJKJKJKJKJKJKJKJKJKJKJKJKJKJKJKJKJKJKJKJKJK\nJKJKJKJKJKJKJKJKJKJKJKJKJKJKJKJKJKJKJKJKJKJKJKJKJKJKJKJKJKJKJKJK\nJKJKJKJKJKJKJKJKJKJKJKJKJKJKJKJKJKJKJKJKJKJKJKJKJKJKJKJKJKJKJKJK\nJKJKJKJKJKJKJKJKJKJKJKJKJKJKJKJKJKJKJKJKJKJKJKJKJKJKJKJKJKJKJKJK\nJKJKJKJKJKJKJKJKJKJKJKJKJKJKJKJK ...[17722 more chars]",1780,0,0,0.0,0
oauthlib__oauthlib.1fd52536.lm_rewrite__wu7rhd9m,swe-smith,10,calibration,google/gemma-4-31b-it,openrouter,error_harness,"402: {""message"":""This request would exceed your available credits given your current in-flight requests. Retry after in-flight requests settle, or add credits."",""code"":402,""metadata"":{""reason"":""in_flight_budget_exhausted"",""limit_source"":""openrouter_in_flight_budget"",""remedy_hint"":""Retry after your in-flight requests settle (see the Retry-After header). Adding credits at https://openrouter.ai/settings/credits raises your in-flight budget, up to a capped ceiling."",""headers"":{""Retry-After"":""120""},""provider_name"":null}}","{""type"":""session"",""version"":3,""id"":""01a0b5fb-b69e-7874-83fe-3b883a2d70bd"",""timestamp"":""2026-09-18T19:26:07.518Z"",""cwd"":""/private/var/folders/nw/6_9204g535s835kn__nfthxh0000gn/T/router-repo-context-us0__4s3""}
{""type"":""agent_start""}
{""type"":""turn_start""}
{""type"":""message_start"",""message"":{""role"":""user"",""content"":[{""type"":""text"",""text"":""# Refresh token functionality broken after initialization changes\n\nI've encountered an issue with the refresh token functionality in oauthlib. After a recent change to the initialization code in `GrantTypeBase`, refresh tokens no longer work properly.\n\n## Reproduction\n\nWhen trying to use refresh tokens, the functionality completely breaks. Here's a simple example to reproduce:\n\n```python\nfrom oauthlib.oauth2 import RequestValidator, RefreshTokenGrant\n\n# Create a validator\nvalidator = RequestValidator()\n\n# Create a refresh token grant\nrefresh_grant = RefreshTokenGrant(validator)\n\n# Try to use it to create a token response\nrequest_body = 'grant_type=refresh_token&refresh_token=abc123'\nheaders, body, status = refresh_grant.create_token_response('', body=request_body)\n\n# This fails - refresh token functionality doesn't work\n```\n\n## Expected behavior\n\nThe refresh token grant should properly process the request and return a valid token response.\n\n## Actual behavior\n\nThe refresh token functionality doesn't work at all. When trying to use refresh tokens, the code fails to process the request properly. This affects all OAuth2 flows that rely on refresh tokens.\n\nThe issue seems to be related to the initialization of grant types. The class variables that were previously transformed into instance variables during initialization are no longer being set properly.\n\n## Environment\n\n- Python version: 3.10\n- oauthlib version: latest\n\nThis is a regression from previous versions where refresh tokens worked correctly.\n\nThe repository is checked out in your current working directory, at the state before this issue was ...[8980 more chars]",1733,0,0,0.0,0
oauthlib__oauthlib.1fd52536.lm_rewrite__90y8ho2d,swe-smith,10,calibration,google/gemma-4-31b-it,openrouter,error_harness,"402: {""message"":""This request would exceed your available credits given your current in-flight requests. Retry after in-flight requests settle, or add credits."",""code"":402,""metadata"":{""reason"":""in_flight_budget_exhausted"",""limit_source"":""openrouter_in_flight_budget"",""remedy_hint"":""Retry after your in-flight requests settle (see the Retry-After header). Adding credits at https://openrouter.ai/settings/credits raises your in-flight budget, up to a capped ceiling."",""headers"":{""Retry-After"":""120""},""provider_name"":null}}","{""type"":""session"",""version"":3,""id"":""01a0b5fb-bd5f-75ae-847d-046ebbeea9a4"",""timestamp"":""2026-09-18T19:26:09.247Z"",""cwd"":""/private/var/folders/nw/6_9204g535s835kn__nfthxh0000gn/T/router-repo-context-u9hptdno""}
{""type"":""agent_start""}
{""type"":""turn_start""}
{""type"":""message_start"",""message"":{""role"":""user"",""content"":[{""type"":""text"",""text"":""Authorization code grant type fails when using 'openid' grant type or missing parameters\n\n## Problem\nWhen using the OAuth2 authorization code flow with 'openid' as the grant type, the token endpoint fails to process the request. Additionally, there are issues with parameter validation in the authorization code grant flow.\n\n## Versions\nOAuthLib: 3.2.0\nPython: 3.10.15\n\n## Example\n\n```python\nfrom oauthlib.oauth2 import WebApplicationClient\nfrom oauthlib.oauth2.rfc6749.endpoints import TokenEndpoint\n\n# Server setup\ntoken_endpoint = TokenEndpoint(...)\n\n# Client request with 'openid' grant type\nbody = 'grant_type=openid&code=abc123&client_id=client123&redirect_uri=https://example.com/callback'\nheaders, body, status_code = token_endpoint.create_token_response('', body=body)\n# This fails with UnsupportedGrantTypeError\n```\n\n## Reproduction\n\nThe issue can also be reproduced when:\n\n1. Using 'openid' as the grant_type instead of 'authorization_code'\n2. Missing required parameters in the request:\n\n```python\n# Missing redirect_uri parameter\nbody = 'grant_type=authorization_code&code=abc123&client_id=client123'\nheaders, body, status_code = token_endpoint.create_token_response('', body=body)\n# Fails with InvalidRequestError\n\n# Missing client_id parameter\nbody = 'grant_type=authorization_code&code=abc123&redirect_uri=https://example.com/callback'\nheaders, body, status_code = token_endpoint.create_token_response('', body=body)\n# Fails with InvalidRequestError\n```\n\nAdditionally, there are issues with PKCE validation when code_verifier is provided but no code_challenge was stored during the authorization request.\ ...[9862 more chars]",1727,0,0,0.0,0
oauthlib__oauthlib.1fd52536.func_pm_ctrl_shuffle__lreffuh3,swe-smith,10,calibration,google/gemma-4-31b-it,openrouter,error_harness,"402: {""message"":""This request would exceed your available credits given your current in-flight requests. Retry after in-flight requests settle, or add credits."",""code"":402,""metadata"":{""reason"":""in_flight_budget_exhausted"",""limit_source"":""openrouter_in_flight_budget"",""remedy_hint"":""Retry after your in-flight requests settle (see the Retry-After header). Adding credits at https://openrouter.ai/settings/credits raises your in-flight budget, up to a capped ceiling."",""headers"":{""Retry-After"":""120""},""provider_name"":null}}","{""type"":""session"",""version"":3,""id"":""01a0b5fb-c421-7639-82a8-ff8793ca0eda"",""timestamp"":""2026-09-18T19:26:10.977Z"",""cwd"":""/private/var/folders/nw/6_9204g535s835kn__nfthxh0000gn/T/router-repo-context-jgtszebf""}
{""type"":""agent_start""}
{""type"":""turn_start""}
{""type"":""message_start"",""message"":{""role"":""user"",""content"":[{""type"":""text"",""text"":""BearerToken initialization order causes AttributeError with custom refresh_token_generator\n\n#### Description\n\nWhen creating a BearerToken instance with a custom refresh_token_generator, an AttributeError is raised because the refresh_token_generator tries to reference self.token_generator before it's been assigned.\n\n#### Steps/Code to Reproduce\n\n```python\nfrom oauthlib.oauth2.rfc6749.tokens import BearerToken\n\ndef custom_refresh_token_generator():\n    return \""custom_refresh_token\""\n\n# This raises AttributeError: 'BearerToken' object has no attribute 'token_generator'\ntoken = BearerToken(refresh_token_generator=custom_refresh_token_generator)\n```\n\nThe issue occurs because in the `__init__` method, `self.refresh_token_generator` is assigned before `self.token_generator`, but the default fallback logic tries to access `self.token_generator` when no custom refresh_token_generator is provided.\n\nThe repository is checked out in your current working directory, at the state before this issue was fixed. Use your available tools to explore the codebase, understand the issue, and make the necessary changes directly using your edit/write tools — actually modify the files; do not just describe or show the fix in your response. Your final message does not need to include any code or diff — the changes you make to the files are the submission. Keep your change as small and targeted as possible — modify only what's strictly necessary to fix the described issue; do not update changelogs, CI configuration, documentation, test files, or unrelated code as part of this fix.""}],""timestamp"":1789759571027}}
{""type"":""message_end"",""message"": ...[7057 more chars]",1711,0,0,0.0,0
pallets__click.fde47b4b.func_basic__0cdbc2a2,swe-smith,18,calibration,google/gemma-4-31b-it,openrouter,error_harness,"402: {""message"":""This request would exceed your available credits given your current in-flight requests. Retry after in-flight requests settle, or add credits."",""code"":402,""metadata"":{""reason"":""in_flight_budget_exhausted"",""limit_source"":""openrouter_in_flight_budget"",""remedy_hint"":""Retry after your in-flight requests settle (see the Retry-After header). Adding credits at https://openrouter.ai/settings/credits raises your in-flight budget, up to a capped ceiling."",""headers"":{""Retry-After"":""120""},""provider_name"":null}}","{""type"":""session"",""version"":3,""id"":""01a0b5fb-cab0-7232-a8d7-de5166803982"",""timestamp"":""2026-09-18T19:26:12.657Z"",""cwd"":""/private/var/folders/nw/6_9204g535s835kn__nfthxh0000gn/T/router-repo-context-ngask3s5""}
{""type"":""agent_start""}
{""type"":""turn_start""}
{""type"":""message_start"",""message"":{""role"":""user"",""content"":[{""type"":""text"",""text"":""KeepOpenFile iterator returns lines in reverse order\n\n#### Description\n\nWhen iterating over a `KeepOpenFile` object, the lines are returned in reverse order instead of the expected forward order.\n\n#### Steps/Code to Reproduce\n\n```python\nimport click\nimport tempfile\nimport os\n\n# Create a temporary file with some content\nwith tempfile.NamedTemporaryFile(mode='w', delete=False) as f:\n    f.write(\""line 1\\nline 2\\nline 3\\n\"")\n    temp_file = f.name\n\ntry:\n    # Open the file and wrap it with KeepOpenFile\n    with open(temp_file, 'r') as f:\n        keep_open_file = click.utils.KeepOpenFile(f)\n        \n        # Iterate over the lines\n        lines = list(keep_open_file)\n        print(\""Actual output:\"", [line.strip() for line in lines])\n        print(\""Expected output: ['line 1', 'line 2', 'line 3']\"")\n        \nfinally:\n    os.unlink(temp_file)\n```\n\nThe output shows lines in reverse order when they should be in forward order.\n\nThe repository is checked out in your current working directory, at the state before this issue was fixed. Use your available tools to explore the codebase, understand the issue, and make the necessary changes directly using your edit/write tools — actually modify the files; do not just describe or show the fix in your response. Your final message does not need to include any code or diff — the changes you make to the files are the submission. Keep your change as small and targeted as possible — modify only what's strictly necessary to fix the described issue; do not update changelogs, CI configuration, documentation, test files, or unrelated code as part of this fix.""}],""timestamp"": ...[7201 more chars]",1639,0,0,0.0,0
pallets__click.fde47b4b.lm_rewrite__ytci3086,swe-smith,21,calibration,google/gemma-4-31b-it,openrouter,error_harness,"402: {""message"":""This request would exceed your available credits given your current in-flight requests. Retry after in-flight requests settle, or add credits."",""code"":402,""metadata"":{""reason"":""in_flight_budget_exhausted"",""limit_source"":""openrouter_in_flight_budget"",""remedy_hint"":""Retry after your in-flight requests settle (see the Retry-After header). Adding credits at https://openrouter.ai/settings/credits raises your in-flight budget, up to a capped ceiling."",""headers"":{""Retry-After"":""120""},""provider_name"":null}}","{""type"":""session"",""version"":3,""id"":""01a0b5fb-d13f-7de4-8f75-2364382be808"",""timestamp"":""2026-09-18T19:26:14.335Z"",""cwd"":""/private/var/folders/nw/6_9204g535s835kn__nfthxh0000gn/T/router-repo-context-f5zi4jj_""}
{""type"":""agent_start""}
{""type"":""turn_start""}
{""type"":""message_start"",""message"":{""role"":""user"",""content"":[{""type"":""text"",""text"":""# Flag options with prompt_required=False crash when no value is provided\n\n## Description\n\nWhen using a flag option with `prompt_required=False` and no value is provided, the application crashes. This happens because the flag value is not properly handled in the parser.\n\n## Steps to reproduce\n\nCreate a command with an option that has `prompt_required=False`:\n\n```python\nimport click\n\n@click.command()\n@click.option('-v', prompt=True, prompt_required=False)\ndef cli(v):\n    click.echo(str(v))\n\nif __name__ == '__main__':\n    cli()\n```\n\nRun the command with the flag but no value:\n\n```\n$ python script.py -v\n```\n\n## Expected behavior\n\nThe command should use the flag value without prompting for input.\n\n## Actual behavior\n\nThe application crashes with an error similar to:\n\n```\nTraceback (most recent call last):\n  File \""script.py\"", line 9, in <module>\n    cli()\n  File \""/path/to/click/core.py\"", line 1128, in __call__\n    return self.main(*args, **kwargs)\n  File \""/path/to/click/core.py\"", line 1053, in main\n    rv = self.invoke(ctx)\n  File \""/path/to/click/core.py\"", line 1659, in invoke\n    return _process_result(sub_ctx.command.invoke(sub_ctx))\n  File \""/path/to/click/core.py\"", line 1395, in invoke\n    return ctx.invoke(self.callback, **ctx.params)\n  File \""/path/to/click/core.py\"", line 754, in invoke\n    return callback(*args, **kwargs)\nValueError: unknown action 'unknown'\n```\n\nThe issue is in the parser.py file where flag values are processed.\n\nThe repository is checked out in your current working directory, at the state before this issue was fixed. Use your available tools to explore ...[8851 more chars]",1689,0,0,0.0,0
pallets__click.fde47b4b.combine_file__1ycr9n01,swe-smith,21,calibration,google/gemma-4-31b-it,openrouter,error_harness,"402: {""message"":""This request would exceed your available credits given your current in-flight requests. Retry after in-flight requests settle, or add credits."",""code"":402,""metadata"":{""reason"":""in_flight_budget_exhausted"",""limit_source"":""openrouter_in_flight_budget"",""remedy_hint"":""Retry after your in-flight requests settle (see the Retry-After header). Adding credits at https://openrouter.ai/settings/credits raises your in-flight budget, up to a capped ceiling."",""headers"":{""Retry-After"":""120""},""provider_name"":null}}","{""type"":""session"",""version"":3,""id"":""01a0b5fb-d7bc-7a1c-bc39-0dc3f5d32f2a"",""timestamp"":""2026-09-18T19:26:15.996Z"",""cwd"":""/private/var/folders/nw/6_9204g535s835kn__nfthxh0000gn/T/router-repo-context-n1hu41v5""}
{""type"":""agent_start""}
{""type"":""turn_start""}
{""type"":""message_start"",""message"":{""role"":""user"",""content"":[{""type"":""text"",""text"":""Help text formatting broken for options\n\n#### Description\n\nThe help text generation for command-line options is completely broken. Options that should be visible are hidden, help text formatting is reversed, and default values are not displayed correctly.\n\n#### Steps/Code to Reproduce\n\n```python\nimport click\n\n@click.command()\n@click.option('--verbose', '-v', is_flag=True, help='Enable verbose output')\n@click.option('--count', '-c', default=1, help='Number of iterations')\ndef cli(verbose, count):\n    pass\n\nif __name__ == '__main__':\n    ctx = click.Context(cli)\n    for param in cli.params:\n        if hasattr(param, 'get_help_record'):\n            record = param.get_help_record(ctx)\n            print(f\""Option: {record}\"")\n```\n\nExpected: Should show help records for both options with proper formatting\nActual: Returns None for visible options or shows malformed help text\n\nAlso affects basic help display:\n\n```python\nimport click\n\n@click.command()\n@click.option('--name', default='World', help='Name to greet')\ndef hello(name):\n    click.echo(f'Hello {name}!')\n\nif __name__ == '__main__':\n    hello(['--help'])\n```\n\nThe help output shows incorrect formatting and missing information for options.\n\nThe repository is checked out in your current working directory, at the state before this issue was fixed. Use your available tools to explore the codebase, understand the issue, and make the necessary changes directly using your edit/write tools — actually modify the files; do not just describe or show the fix in your response. Your final message does not need to include any code or diff — the changes you make ...[8035 more chars]",1728,0,0,0.0,0
pallets__jinja.ada0a9a6.lm_rewrite__oly1tnri,swe-smith,20,calibration,google/gemma-4-31b-it,openrouter,error_harness,"402: {""message"":""This request would exceed your available credits given your current in-flight requests. Retry after in-flight requests settle, or add credits."",""code"":402,""metadata"":{""reason"":""in_flight_budget_exhausted"",""limit_source"":""openrouter_in_flight_budget"",""remedy_hint"":""Retry after your in-flight requests settle (see the Retry-After header). Adding credits at https://openrouter.ai/settings/credits raises your in-flight budget, up to a capped ceiling."",""headers"":{""Retry-After"":""120""},""provider_name"":null}}","{""type"":""session"",""version"":3,""id"":""01a0b5fb-deb0-7287-92b8-aaf3f1c4e7eb"",""timestamp"":""2026-09-18T19:26:17.776Z"",""cwd"":""/private/var/folders/nw/6_9204g535s835kn__nfthxh0000gn/T/router-repo-context-sa3jh7uq""}
{""type"":""agent_start""}
{""type"":""turn_start""}
{""type"":""message_start"",""message"":{""role"":""user"",""content"":[{""type"":""text"",""text"":""### AttributeError in If-Else Conditions\n\n#### Description\n\nIt seems there's an issue with handling `if-elif-else` conditions in the latest update. When using `if`, `elif`, or `else` blocks, an `AttributeError` is raised unexpectedly. This affects templates that rely on conditional logic, causing them to fail.\n\n#### Steps to Reproduce\n\n1. Create a Jinja2 template with an `if-elif-else` structure.\n2. Attempt to render the template with any context that should trigger the `elif` or `else` block.\n3. Observe the `AttributeError` being raised.\n\n#### Example\n\n```jinja\n{% if condition %}\n  Condition is true\n{% elif other_condition %}\n  Other condition is true\n{% else %}\n  Neither condition is true\n{% endif %}\n```\n\n#### Expected Behavior\n\nThe template should render correctly, displaying the appropriate block based on the conditions.\n\n#### Actual Behavior\n\nAn `AttributeError` is raised, preventing the template from rendering as expected.\n\nThis issue seems to be affecting multiple test cases related to conditional logic and needs to be addressed to restore expected functionality.\n\nThe repository is checked out in your current working directory, at the state before this issue was fixed. Use your available tools to explore the codebase, understand the issue, and make the necessary changes directly using your edit/write tools — actually modify the files; do not just describe or show the fix in your response. Your final message does not need to include any code or diff — the changes you make to the files are the submission. Keep your change as small and targeted as possible — modify only what's strictly necessary to  ...[7651 more chars]",1707,0,0,0.0,0
pallets__jinja.ada0a9a6.lm_rewrite__unk516xe,swe-smith,20,calibration,google/gemma-4-31b-it,openrouter,error_harness,"402: {""message"":""This request would exceed your available credits given your current in-flight requests. Retry after in-flight requests settle, or add credits."",""code"":402,""metadata"":{""reason"":""in_flight_budget_exhausted"",""limit_source"":""openrouter_in_flight_budget"",""remedy_hint"":""Retry after your in-flight requests settle (see the Retry-After header). Adding credits at https://openrouter.ai/settings/credits raises your in-flight budget, up to a capped ceiling."",""headers"":{""Retry-After"":""120""},""provider_name"":null}}","{""type"":""session"",""version"":3,""id"":""01a0b5fb-e537-71ab-80aa-f10f2a66efdf"",""timestamp"":""2026-09-18T19:26:19.448Z"",""cwd"":""/private/var/folders/nw/6_9204g535s835kn__nfthxh0000gn/T/router-repo-context-i99lh5cz""}
{""type"":""agent_start""}
{""type"":""turn_start""}
{""type"":""message_start"",""message"":{""role"":""user"",""content"":[{""type"":""text"",""text"":""### Issue: TypeError in Block Handling with Async Templates\n\n#### Description\n\nIt seems there's a problem with how blocks are being handled in async templates. When trying to render templates with nested blocks, a `TypeError` is raised, indicating an issue with unpacking values. This error occurs in various scenarios, including when using inheritance and scoped blocks.\n\n#### Steps to Reproduce\n\n1. Create a template with nested blocks and enable async rendering.\n2. Attempt to render the template using the `generate_async` method.\n3. Observe the `TypeError` during the rendering process.\n\n#### Example\n\nHere's a minimal example to reproduce the issue:\n\n```python\nfrom jinja2 import Template\n\nt = Template('{% block foo %}<Test>{% endblock %}{{ self.foo() }}', enable_async=True, autoescape=True)\n\nasync def func():\n    agen = t.generate_async()\n    try:\n        return await agen.__anext__()\n    finally:\n        await agen.aclose()\n\n# Run the async function and check the output\nresult = run_async_fn(func)\nassert result == '<Test>'\n```\n\n#### Expected Behavior\n\nThe template should render without errors, producing the expected output for nested blocks.\n\n#### Actual Behavior\n\nA `TypeError` is raised, preventing the template from rendering correctly.\n\nThis issue affects templates with complex inheritance and block structures, particularly when using async rendering.\n\nThe repository is checked out in your current working directory, at the state before this issue was fixed. Use your available tools to explore the codebase, understand the issue, and make the necessary changes directly using your edit/write tool ...[8542 more chars]",1642,0,0,0.0,0
pallets__jinja.ada0a9a6.lm_rewrite__qej2fkbn,swe-smith,20,calibration,google/gemma-4-31b-it,openrouter,error_harness,"402: {""message"":""This request would exceed your available credits given your current in-flight requests. Retry after in-flight requests settle, or add credits."",""code"":402,""metadata"":{""reason"":""in_flight_budget_exhausted"",""limit_source"":""openrouter_in_flight_budget"",""remedy_hint"":""Retry after your in-flight requests settle (see the Retry-After header). Adding credits at https://openrouter.ai/settings/credits raises your in-flight budget, up to a capped ceiling."",""headers"":{""Retry-After"":""120""},""provider_name"":null}}","{""type"":""session"",""version"":3,""id"":""01a0b5fb-ebaf-7ec0-80f1-f7b6401ebe8a"",""timestamp"":""2026-09-18T19:26:21.103Z"",""cwd"":""/private/var/folders/nw/6_9204g535s835kn__nfthxh0000gn/T/router-repo-context-vsvnunrj""}
{""type"":""agent_start""}
{""type"":""turn_start""}
{""type"":""message_start"",""message"":{""role"":""user"",""content"":[{""type"":""text"",""text"":""### Issue: Template Compilation Logging and Path Handling\n\n#### Description\n\nAfter the recent changes, there seems to be an issue with the template compilation process in the Jinja2 environment. The logging of compiled templates and handling of paths using `pathlib` are not functioning as expected.\n\n#### Steps to Reproduce\n\n1. **Logging Issue**: When compiling templates using a prefix loader, the expected log messages are not appearing. Specifically, the log should contain messages indicating successful compilation and any encountered syntax errors. However, these messages are missing or incomplete.\n\n   Example:\n   ```python\n   log = self.compile_down(prefix_loader)\n   assert 'Compiled \""a/foo/test.html\"" as tmpl_a790caf9d669e39ea4d280d597ec891c4ef0404a' in log\n   assert 'Finished compiling templates' in log\n   assert 'Could not compile \""a/syntaxerror.html\"": Encountered unknown tag \\'endif\\'' in log\n   ```\n\n2. **Path Handling Issue**: When using `pathlib.Path` for module paths, the environment does not correctly handle the path, leading to errors in template loading and rendering.\n\n   Example:\n   ```python\n   mod_path = self.mod_env.loader.module.__path__[0]\n   mod_loader = loaders.ModuleLoader(Path(mod_path))\n   self.mod_env = Environment(loader=mod_loader)\n   ```\n\n3. **Choice and Prefix Loader Issues**: The choice and prefix loaders are not correctly resolving templates, resulting in unexpected rendering outputs.\n\n   Example:\n   ```python\n   self.mod_env.loader = loaders.ChoiceLoader([self.mod_env.loader, loaders.DictLoader({'DICT_SOURCE': 'DICT_TEMPLATE'})])\n   tmpl1 = self.mod_env.get_template('a/ ...[11383 more chars]",1798,0,0,0.0,0
pallets__jinja.ada0a9a6.func_basic__en9y7pxk,swe-smith,20,calibration,google/gemma-4-31b-it,openrouter,error_harness,"402: {""message"":""This request would exceed your available credits given your current in-flight requests. Retry after in-flight requests settle, or add credits."",""code"":402,""metadata"":{""reason"":""in_flight_budget_exhausted"",""limit_source"":""openrouter_in_flight_budget"",""remedy_hint"":""Retry after your in-flight requests settle (see the Retry-After header). Adding credits at https://openrouter.ai/settings/credits raises your in-flight budget, up to a capped ceiling."",""headers"":{""Retry-After"":""120""},""provider_name"":null}}","{""type"":""session"",""version"":3,""id"":""01a0b5fb-f2a0-78f9-8daa-08b80dbe12d5"",""timestamp"":""2026-09-18T19:26:22.880Z"",""cwd"":""/private/var/folders/nw/6_9204g535s835kn__nfthxh0000gn/T/router-repo-context-rr0mo3j1""}
{""type"":""agent_start""}
{""type"":""turn_start""}
{""type"":""message_start"",""message"":{""role"":""user"",""content"":[{""type"":""text"",""text"":""Template compilation fails with encoding and file mode errors\n\n#### Description\n\nWhen compiling templates to files or zip archives, the compilation process fails with encoding and file mode errors. This affects both filesystem and zip-based template compilation.\n\n#### Steps/Code to Reproduce\n\n```python\nfrom jinja2 import Environment, FileSystemLoader\nimport tempfile\nimport os\n\n# Create a simple template\ntemplate_content = \""Hello {{ name }}!\""\n\nwith tempfile.TemporaryDirectory() as temp_dir:\n    # Create template file\n    template_path = os.path.join(temp_dir, \""test.html\"")\n    with open(template_path, \""w\"") as f:\n        f.write(template_content)\n    \n    # Set up environment\n    env = Environment(loader=FileSystemLoader(temp_dir))\n    \n    # Try to compile templates\n    output_dir = os.path.join(temp_dir, \""compiled\"")\n    os.makedirs(output_dir)\n    \n    # This should work but fails\n    env.compile_templates(output_dir)\n```\n\nThe compilation process encounters issues when writing compiled template files, resulting in encoding errors and incorrect file handling.\n\nThe repository is checked out in your current working directory, at the state before this issue was fixed. Use your available tools to explore the codebase, understand the issue, and make the necessary changes directly using your edit/write tools — actually modify the files; do not just describe or show the fix in your response. Your final message does not need to include any code or diff — the changes you make to the files are the submission. Keep your change as small and targeted as possible — modify only what's strictly necessary to fix  ...[7639 more chars]",1674,0,0,0.0,0
pallets__jinja.ada0a9a6.func_basic__xbkj5v4d,swe-smith,20,calibration,google/gemma-4-31b-it,openrouter,error_harness,"402: {""message"":""This request would exceed your available credits given your current in-flight requests. Retry after in-flight requests settle, or add credits."",""code"":402,""metadata"":{""reason"":""in_flight_budget_exhausted"",""limit_source"":""openrouter_in_flight_budget"",""remedy_hint"":""Retry after your in-flight requests settle (see the Retry-After header). Adding credits at https://openrouter.ai/settings/credits raises your in-flight budget, up to a capped ceiling."",""headers"":{""Retry-After"":""120""},""provider_name"":null}}","{""type"":""session"",""version"":3,""id"":""01a0b5fb-f93c-7d23-972e-31ba2ddf50ef"",""timestamp"":""2026-09-18T19:26:24.573Z"",""cwd"":""/private/var/folders/nw/6_9204g535s835kn__nfthxh0000gn/T/router-repo-context-2f3bsbqe""}
{""type"":""agent_start""}
{""type"":""turn_start""}
{""type"":""message_start"",""message"":{""role"":""user"",""content"":[{""type"":""text"",""text"":""Environment.overlay() method creates broken overlay environments\n\n#### Description\n\nWhen creating an overlay environment using `Environment.overlay()`, the resulting environment has incorrect configuration that breaks extension binding and other functionality.\n\n#### Steps/Code to Reproduce\n\n```python\nfrom jinja2 import Environment\n\n# Create a base environment with extensions\noriginal = Environment(extensions=['jinja2.ext.do'])\noverlay = original.overlay()\n\n# Check if extensions are properly bound\nfor env in (original, overlay):\n    for ext in env.extensions.values():\n        print(f\""Extension {ext} bound to environment: {ext.environment is env}\"")\n```\n\nThe overlay environment should have extensions properly bound to itself, but instead they may be bound incorrectly or missing entirely.\n\n#### Expected Behavior\n\nThe overlay environment should:\n- Share data with the original environment\n- Have extensions properly bound to the overlay environment\n- Maintain the `overlayed` and `linked_to` attributes correctly\n- Preserve async settings when specified\n\n#### Actual Behavior\n\nThe overlay environment appears to have inverted logic for several configuration options, causing extensions and other features to not work as expected.\n\nThe repository is checked out in your current working directory, at the state before this issue was fixed. Use your available tools to explore the codebase, understand the issue, and make the necessary changes directly using your edit/write tools — actually modify the files; do not just describe or show the fix in your response. Your final message does not need to include any code or di ...[8110 more chars]",1856,0,0,0.0,0
pandas-dev__pandas.95280573.func_pm_class_rm_funcs__7p90dl3f,swe-smith,6,calibration,google/gemma-4-31b-it,openrouter,error_harness,"402: {""message"":""This request would exceed your available credits given your current in-flight requests. Retry after in-flight requests settle, or add credits."",""code"":402,""metadata"":{""reason"":""in_flight_budget_exhausted"",""limit_source"":""openrouter_in_flight_budget"",""remedy_hint"":""Retry after your in-flight requests settle (see the Retry-After header). Adding credits at https://openrouter.ai/settings/credits raises your in-flight budget, up to a capped ceiling."",""headers"":{""Retry-After"":""120""},""provider_name"":null}}","{""type"":""session"",""version"":3,""id"":""01a0b5fc-0754-76cd-802b-a7ca429656da"",""timestamp"":""2026-09-18T19:26:28.180Z"",""cwd"":""/private/var/folders/nw/6_9204g535s835kn__nfthxh0000gn/T/router-repo-context-zljeg_s8""}
{""type"":""agent_start""}
{""type"":""turn_start""}
{""type"":""message_start"",""message"":{""role"":""user"",""content"":[{""type"":""text"",""text"":""Plotting methods fail when using colormap parameter\n\n#### Description\n\nWhen trying to use the `colormap` parameter with scatter or hexbin plots, the plotting methods fail with an AttributeError. This appears to be related to missing methods in the plotting core module.\n\n#### Steps/Code to Reproduce\n\n```python\nimport pandas as pd\nimport matplotlib as mpl\n\n# Create sample data\ndf = pd.DataFrame({'A': [1, 2, 3], 'B': [4, 5, 6]})\ndf['c'] = df.A + df.B\n\n# Create a colormap\ncmap = mpl.colors.ListedColormap([[1, 1, 1], [0, 0, 0]])\n\n# Try scatter plot with colormap - this fails\ndf.plot.scatter(x='A', y='B', c='c', colormap=cmap)\n\n# Try hexbin plot with colormap - this also fails  \ndf.plot.hexbin(x='A', y='B', C='c', colormap=cmap)\n```\n\nBoth plotting calls raise AttributeError indicating that certain methods are missing from the plotting infrastructure.\n\nThe repository is checked out in your current working directory, at the state before this issue was fixed. Use your available tools to explore the codebase, understand the issue, and make the necessary changes directly using your edit/write tools — actually modify the files; do not just describe or show the fix in your response. Your final message does not need to include any code or diff — the changes you make to the files are the submission. Keep your change as small and targeted as possible — modify only what's strictly necessary to fix the described issue; do not update changelogs, CI configuration, documentation, test files, or unrelated code as part of this fix.""}],""timestamp"":1789759588229}}
{""type"":""message_end"",""message"":{""role"":""user"",""content"":[{""type"":""tex ...[6943 more chars]",3694,0,0,0.0,0
pandas-dev__pandas.95280573.func_pm_remove_assign__gpjanvq9,swe-smith,6,calibration,google/gemma-4-31b-it,openrouter,error_harness,"402: {""message"":""This request would exceed your available credits given your current in-flight requests. Retry after in-flight requests settle, or add credits."",""code"":402,""metadata"":{""reason"":""in_flight_budget_exhausted"",""limit_source"":""openrouter_in_flight_budget"",""remedy_hint"":""Retry after your in-flight requests settle (see the Retry-After header). Adding credits at https://openrouter.ai/settings/credits raises your in-flight budget, up to a capped ceiling."",""headers"":{""Retry-After"":""120""},""provider_name"":null}}","{""type"":""session"",""version"":3,""id"":""01a0b5fc-13a4-7aa2-a44f-e93c52b97be3"",""timestamp"":""2026-09-18T19:26:31.332Z"",""cwd"":""/private/var/folders/nw/6_9204g535s835kn__nfthxh0000gn/T/router-repo-context-srw0bqfe""}
{""type"":""agent_start""}
{""type"":""turn_start""}
{""type"":""message_start"",""message"":{""role"":""user"",""content"":[{""type"":""text"",""text"":""Styler background_gradient and text_gradient methods broken after recent changes\n\n#### Description\n\nThe `background_gradient` and `text_gradient` methods on DataFrame styler are not working properly. When trying to apply these styling methods, they fail to generate the expected styling context.\n\n#### Steps/Code to Reproduce\n\n```python\nimport pandas as pd\n\n# Create a simple DataFrame\ndf = pd.DataFrame([[1, 2], [3, 4]], columns=[False, True])\n\n# Try to apply background gradient styling\nstyled = df.style.background_gradient()\nstyled._compute()\n\n# Check the styling context - this should contain styling for all cells\nprint(set(styled.ctx))  # Expected: {(0, 0), (0, 1), (1, 0), (1, 1)}\n```\n\nThe same issue occurs with `text_gradient()`:\n\n```python\nstyled = df.style.text_gradient()\nstyled._compute()\nprint(set(styled.ctx))  # Expected: {(0, 0), (0, 1), (1, 0), (1, 1)}\n```\n\nBoth methods should apply styling to all cells in the DataFrame but currently fail to do so.\n\nThe repository is checked out in your current working directory, at the state before this issue was fixed. Use your available tools to explore the codebase, understand the issue, and make the necessary changes directly using your edit/write tools — actually modify the files; do not just describe or show the fix in your response. Your final message does not need to include any code or diff — the changes you make to the files are the submission. Keep your change as small and targeted as possible — modify only what's strictly necessary to fix the described issue; do not update changelogs, CI configuration, documentation, test files, or unrelated code as pa ...[7294 more chars]",3288,0,0,0.0,0
pandas-dev__pandas.95280573.func_pm_class_rm_funcs__6vkh01hk,swe-smith,6,calibration,google/gemma-4-31b-it,openrouter,error_harness,"402: {""message"":""This request would exceed your available credits given your current in-flight requests. Retry after in-flight requests settle, or add credits."",""code"":402,""metadata"":{""reason"":""in_flight_budget_exhausted"",""limit_source"":""openrouter_in_flight_budget"",""remedy_hint"":""Retry after your in-flight requests settle (see the Retry-After header). Adding credits at https://openrouter.ai/settings/credits raises your in-flight budget, up to a capped ceiling."",""headers"":{""Retry-After"":""120""},""provider_name"":null}}","{""type"":""session"",""version"":3,""id"":""01a0b5fc-1e4a-79dd-a803-d7f3f24766f5"",""timestamp"":""2026-09-18T19:26:34.058Z"",""cwd"":""/private/var/folders/nw/6_9204g535s835kn__nfthxh0000gn/T/router-repo-context-dt_yt5nw""}
{""type"":""agent_start""}
{""type"":""turn_start""}
{""type"":""message_start"",""message"":{""role"":""user"",""content"":[{""type"":""text"",""text"":""StylerRenderer missing __init__ method after refactoring\n\n#### Description\n\nAfter recent changes to the StylerRenderer class, the `__init__` method has been removed, causing a TypeError when trying to instantiate the class.\n\n#### Steps/Code to Reproduce\n\n```python\nimport pandas as pd\nfrom pandas.io.formats.style_render import StylerRenderer\n\n# Create a simple DataFrame\ndf = pd.DataFrame({'A': [1, 2, 3], 'B': [4, 5, 6]})\n\n# Try to create a StylerRenderer instance\nrenderer = StylerRenderer(df)\n```\n\nThis raises:\n```\nTypeError: StylerRenderer.__init__() missing 1 required positional argument: 'data'\n```\n\nThe same error occurs when using DataFrame.style which internally creates a StylerRenderer:\n\n```python\nimport pandas as pd\n\ndf = pd.DataFrame({'A': [1, 2, 3], 'B': [4, 5, 6]})\nstyled = df.style  # This should work but fails\n```\n\n#### Expected Behavior\n\nThe StylerRenderer should be properly instantiated with the DataFrame data and default parameters, allowing styling operations to work as expected.\n\nThe repository is checked out in your current working directory, at the state before this issue was fixed. Use your available tools to explore the codebase, understand the issue, and make the necessary changes directly using your edit/write tools — actually modify the files; do not just describe or show the fix in your response. Your final message does not need to include any code or diff — the changes you make to the files are the submission. Keep your change as small and targeted as possible — modify only what's strictly necessary to fix the described issue; do not update changelogs, CI configuration, docume ...[7426 more chars]",2644,0,0,0.0,0
pandas-dev__pandas.95280573.func_pm_remove_cond__b2o5z0ni,swe-smith,6,calibration,google/gemma-4-31b-it,openrouter,error_harness,"402: {""message"":""This request would exceed your available credits given your current in-flight requests. Retry after in-flight requests settle, or add credits."",""code"":402,""metadata"":{""reason"":""in_flight_budget_exhausted"",""limit_source"":""openrouter_in_flight_budget"",""remedy_hint"":""Retry after your in-flight requests settle (see the Retry-After header). Adding credits at https://openrouter.ai/settings/credits raises your in-flight budget, up to a capped ceiling."",""headers"":{""Retry-After"":""120""},""provider_name"":null}}","{""type"":""session"",""version"":3,""id"":""01a0b5fc-2ad9-7549-a8f8-96c1e9e26251"",""timestamp"":""2026-09-18T19:26:37.273Z"",""cwd"":""/private/var/folders/nw/6_9204g535s835kn__nfthxh0000gn/T/router-repo-context-8iv0dptp""}
{""type"":""agent_start""}
{""type"":""turn_start""}
{""type"":""message_start"",""message"":{""role"":""user"",""content"":[{""type"":""text"",""text"":""from_dummies function broken - returns empty DataFrame\n\n#### Description\n\nThe `from_dummies` function is completely broken and returns an empty DataFrame instead of the expected categorical data. This affects all use cases of the function regardless of whether separators are used or not.\n\n#### Steps/Code to Reproduce\n\n```python\nimport pandas as pd\nfrom pandas import DataFrame, get_dummies\nfrom pandas.core.reshape.encoding import from_dummies\n\n# Basic case without separator\ndummies = DataFrame({'a': [1, 0, 0, 1], 'b': [0, 1, 0, 0], 'c': [0, 0, 1, 0]})\nresult = from_dummies(dummies)\nprint(\""Result:\"", result)\nprint(\""Expected: DataFrame with single column containing ['a', 'b', 'c', 'a']\"")\n\n# Case with separator\ndummies_with_prefix = DataFrame({'cat_a': [1, 0, 0], 'cat_b': [0, 1, 0], 'cat_c': [0, 0, 1]})\nresult_with_sep = from_dummies(dummies_with_prefix, sep='_')\nprint(\""Result with sep:\"", result_with_sep)\nprint(\""Expected: DataFrame with 'cat' column containing ['a', 'b', 'c']\"")\n\n# Roundtrip test that should work\ncategories = DataFrame({'': ['a', 'b', 'c', 'a']})\ndummies_roundtrip = get_dummies(categories)\nresult_roundtrip = from_dummies(dummies_roundtrip, sep='_')\nprint(\""Roundtrip result:\"", result_roundtrip)\nprint(\""Expected: Original categories DataFrame\"")\n```\n\nAll of these return empty DataFrames instead of the expected categorical data.\n\nThe repository is checked out in your current working directory, at the state before this issue was fixed. Use your available tools to explore the codebase, understand the issue, and make the necessary changes directly using your edit/write tools — actually mo ...[8497 more chars]",3334,0,0,0.0,0
pandas-dev__pandas.95280573.func_pm_remove_assign__8x29qwov,swe-smith,12,calibration,google/gemma-4-31b-it,openrouter,error_harness,"402: {""message"":""This request would exceed your available credits given your current in-flight requests. Retry after in-flight requests settle, or add credits."",""code"":402,""metadata"":{""reason"":""in_flight_budget_exhausted"",""limit_source"":""openrouter_in_flight_budget"",""remedy_hint"":""Retry after your in-flight requests settle (see the Retry-After header). Adding credits at https://openrouter.ai/settings/credits raises your in-flight budget, up to a capped ceiling."",""headers"":{""Retry-After"":""120""},""provider_name"":null}}","{""type"":""session"",""version"":3,""id"":""01a0b5fc-3567-7865-b86a-f31cd6553824"",""timestamp"":""2026-09-18T19:26:39.975Z"",""cwd"":""/private/var/folders/nw/6_9204g535s835kn__nfthxh0000gn/T/router-repo-context-swxnzf78""}
{""type"":""agent_start""}
{""type"":""turn_start""}
{""type"":""message_start"",""message"":{""role"":""user"",""content"":[{""type"":""text"",""text"":""DataFrame string formatting broken after recent changes\n\n#### Description\n\nDataFrame string representation and `to_string()` method are producing incorrect output. The formatting appears to be broken when displaying DataFrames, particularly affecting line width calculations and column wrapping.\n\n#### Steps/Code to Reproduce\n\n```python\nimport pandas as pd\n\n# Create a simple DataFrame\ndf = pd.DataFrame(123, index=range(10, 15), columns=range(30))\n\n# Try to format with line width\nresult = df.to_string(line_width=80)\nprint(\""Max line length:\"", max(len(line) for line in result.split('\\n')))\n\n# Also affects regular repr\nprint(repr(df))\n```\n\nThe `to_string(line_width=80)` method should respect the line width limit, but it's not working correctly. Additionally, DataFrame representations in interactive mode are not displaying properly.\n\n#### Expected vs Actual Behavior\n\nExpected: `to_string(line_width=80)` should produce output where no line exceeds 80 characters\nActual: Line width constraint is not being respected\n\nThe issue also affects various DataFrame display scenarios including:\n- Wide DataFrames with `expand_frame_repr` option\n- MultiIndex DataFrames \n- Named index DataFrames\n- General string representation formatting\n\n#### Environment\n\npandas version: latest development version\n\nThe repository is checked out in your current working directory, at the state before this issue was fixed. Use your available tools to explore the codebase, understand the issue, and make the necessary changes directly using your edit/write tools — actually modify the files; do not just describe or show the fix in your res ...[8305 more chars]",2522,0,0,0.0,0
pandas-dev__pandas.95280573.func_pm_remove_assign__qyskjzxy,swe-smith,12,calibration,google/gemma-4-31b-it,openrouter,error_harness,"402: {""message"":""This request would exceed your available credits given your current in-flight requests. Retry after in-flight requests settle, or add credits."",""code"":402,""metadata"":{""reason"":""in_flight_budget_exhausted"",""limit_source"":""openrouter_in_flight_budget"",""remedy_hint"":""Retry after your in-flight requests settle (see the Retry-After header). Adding credits at https://openrouter.ai/settings/credits raises your in-flight budget, up to a capped ceiling."",""headers"":{""Retry-After"":""120""},""provider_name"":null}}","{""type"":""session"",""version"":3,""id"":""01a0b5fc-41b3-78c1-8c80-e5b1d9274740"",""timestamp"":""2026-09-18T19:26:43.123Z"",""cwd"":""/private/var/folders/nw/6_9204g535s835kn__nfthxh0000gn/T/router-repo-context-4reqjilv""}
{""type"":""agent_start""}
{""type"":""turn_start""}
{""type"":""message_start"",""message"":{""role"":""user"",""content"":[{""type"":""text"",""text"":""DataFrame string formatting broken when line_width is set\n\n#### Description\n\nWhen using `to_string()` with a `line_width` parameter, DataFrames fail to render properly and raise a `NameError` for undefined variable `col_bins`.\n\n#### Steps/Code to Reproduce\n\n```python\nimport pandas as pd\n\ndf = pd.DataFrame({'x': [1, 2, 3], 'y': [4, 5, 6]})\nresult = df.to_string(line_width=1)\nprint(result)\n```\n\nThis should produce a formatted string representation of the DataFrame that fits within the specified line width, but instead raises:\n\n```\nNameError: name 'col_bins' is not defined\n```\n\nThe same error occurs with various DataFrame configurations and line_width values. For example:\n\n```python\ndf = pd.DataFrame({'x': [11, 22, 33], 'y': [4, 5, 6]})\nresult = df.to_string(line_width=1, header=False)\n```\n\nAlso fails with the same error.\n\nThe repository is checked out in your current working directory, at the state before this issue was fixed. Use your available tools to explore the codebase, understand the issue, and make the necessary changes directly using your edit/write tools — actually modify the files; do not just describe or show the fix in your response. Your final message does not need to include any code or diff — the changes you make to the files are the submission. Keep your change as small and targeted as possible — modify only what's strictly necessary to fix the described issue; do not update changelogs, CI configuration, documentation, test files, or unrelated code as part of this fix.""}],""timestamp"":1789759603170}}
{""type"":""message_end"",""message"":{""role"":""user"",""content"":[{""type"":""text"",""text"":""DataFrame st ...[6874 more chars]",3171,0,0,0.0,0
pandas-dev__pandas.95280573.func_pm_ctrl_shuffle__7z769728,swe-smith,14,calibration,google/gemma-4-31b-it,openrouter,error_harness,"402: {""message"":""This request would exceed your available credits given your current in-flight requests. Retry after in-flight requests settle, or add credits."",""code"":402,""metadata"":{""reason"":""in_flight_budget_exhausted"",""limit_source"":""openrouter_in_flight_budget"",""remedy_hint"":""Retry after your in-flight requests settle (see the Retry-After header). Adding credits at https://openrouter.ai/settings/credits raises your in-flight budget, up to a capped ceiling."",""headers"":{""Retry-After"":""120""},""provider_name"":null}}","{""type"":""session"",""version"":3,""id"":""01a0b5fc-4e20-72fb-bb35-a1fb29e2ea59"",""timestamp"":""2026-09-18T19:26:46.304Z"",""cwd"":""/private/var/folders/nw/6_9204g535s835kn__nfthxh0000gn/T/router-repo-context-l4881kew""}
{""type"":""agent_start""}
{""type"":""turn_start""}
{""type"":""message_start"",""message"":{""role"":""user"",""content"":[{""type"":""text"",""text"":""DatetimeIndex.map() returns undefined variable when mapping with empty dict/Series\n\n#### Description\n\nWhen using the `map()` method on DatetimeIndex (and other datetime-like indexes) with an empty dictionary or Series, the method fails with a `NameError` because it tries to return an undefined variable `res`.\n\n#### Steps/Code to Reproduce\n\n```python\nimport pandas as pd\nimport numpy as np\n\n# Create a simple DatetimeIndex\nindex = pd.date_range('2020-01-01', periods=3, freq='D')\n\n# Try to map with empty dictionary - this should return NaN values\nresult = index.map({})\n```\n\nThis raises:\n```\nNameError: name 'res' is not defined\n```\n\nThe same issue occurs with TimedeltaIndex and PeriodIndex when mapping with empty dictionaries or Series.\n\n#### Expected Behavior\n\nThe mapping should return an Index filled with NaN values when no matches are found, similar to how other pandas mapping operations work.\n\n#### Versions\n\n```\npandas: 1.5.0+\npython: 3.10.16\n```\n\nThe repository is checked out in your current working directory, at the state before this issue was fixed. Use your available tools to explore the codebase, understand the issue, and make the necessary changes directly using your edit/write tools — actually modify the files; do not just describe or show the fix in your response. Your final message does not need to include any code or diff — the changes you make to the files are the submission. Keep your change as small and targeted as possible — modify only what's strictly necessary to fix the described issue; do not update changelogs, CI configuration, documentation, test files, or unrelated code as part of ...[7279 more chars]",3172,0,0,0.0,0
pandas-dev__pandas.95280573.func_pm_remove_assign__9uubeplx,swe-smith,14,calibration,google/gemma-4-31b-it,openrouter,error_harness,"402: {""message"":""This request would exceed your available credits given your current in-flight requests. Retry after in-flight requests settle, or add credits."",""code"":402,""metadata"":{""reason"":""in_flight_budget_exhausted"",""limit_source"":""openrouter_in_flight_budget"",""remedy_hint"":""Retry after your in-flight requests settle (see the Retry-After header). Adding credits at https://openrouter.ai/settings/credits raises your in-flight budget, up to a capped ceiling."",""headers"":{""Retry-After"":""120""},""provider_name"":null}}","{""type"":""session"",""version"":3,""id"":""01a0b5fc-5a89-7240-89a6-810103975e5c"",""timestamp"":""2026-09-18T19:26:49.481Z"",""cwd"":""/private/var/folders/nw/6_9204g535s835kn__nfthxh0000gn/T/router-repo-context-05xf022l""}
{""type"":""agent_start""}
{""type"":""turn_start""}
{""type"":""message_start"",""message"":{""role"":""user"",""content"":[{""type"":""text"",""text"":""NameError when writing Stata files with object columns\n\n#### Description\n\nWhen trying to write a DataFrame with object columns to Stata format, a `NameError` is raised because of undefined variables in the conversion process.\n\n#### Steps/Code to Reproduce\n\n```python\nimport pandas as pd\nimport numpy as np\n\n# Create a DataFrame with object column\ndf = pd.DataFrame({\n    'string_col': ['hello', 'world', 'test'],\n    'numeric_col': [1, 2, 3]\n})\n\n# Try to write to Stata format\ndf.to_stata('test.dta')\n```\n\nThis raises:\n```\nNameError: name 'inferred_dtype' is not defined\n```\n\nThe error also occurs when trying to write DataFrames with mixed object types or when the object column validation fails, resulting in additional undefined variable errors like `name 'col' is not defined`.\n\n#### Expected Behavior\n\nThe DataFrame should be successfully written to Stata format without any NameError exceptions.\n\nThe repository is checked out in your current working directory, at the state before this issue was fixed. Use your available tools to explore the codebase, understand the issue, and make the necessary changes directly using your edit/write tools — actually modify the files; do not just describe or show the fix in your response. Your final message does not need to include any code or diff — the changes you make to the files are the submission. Keep your change as small and targeted as possible — modify only what's strictly necessary to fix the described issue; do not update changelogs, CI configuration, documentation, test files, or unrelated code as part of this fix.""}],""timestamp"":1789759609537}}
{""type"":""message_end ...[668462 more chars]",12876,0,0,0.0,0
pandas-dev__pandas.95280573.func_pm_ctrl_invert_if__8o2fuod2,swe-smith,14,calibration,google/gemma-4-31b-it,openrouter,error_harness,"402: {""message"":""This request would exceed your available credits given your current in-flight requests. Retry after in-flight requests settle, or add credits."",""code"":402,""metadata"":{""reason"":""in_flight_budget_exhausted"",""limit_source"":""openrouter_in_flight_budget"",""remedy_hint"":""Retry after your in-flight requests settle (see the Retry-After header). Adding credits at https://openrouter.ai/settings/credits raises your in-flight budget, up to a capped ceiling."",""headers"":{""Retry-After"":""120""},""provider_name"":null}}","{""type"":""session"",""version"":3,""id"":""01a0b5fc-8cce-7dea-8d58-09a4a6683a74"",""timestamp"":""2026-09-18T19:27:02.350Z"",""cwd"":""/private/var/folders/nw/6_9204g535s835kn__nfthxh0000gn/T/router-repo-context-vil__8dv""}
{""type"":""agent_start""}
{""type"":""turn_start""}
{""type"":""message_start"",""message"":{""role"":""user"",""content"":[{""type"":""text"",""text"":""fillna returns original array when no values need filling\n\n#### Description\n\nWhen calling `fillna` on masked arrays (IntegerArray, FloatingArray, BooleanArray) with no missing values, the method incorrectly returns the original array instead of a copy when `copy=True` is specified.\n\n#### Steps/Code to Reproduce\n\n```python\nimport pandas as pd\nimport numpy as np\n\n# Create an IntegerArray with no missing values\narr = pd.array([1, 2, 3], dtype=\""Int64\"")\nprint(\""Original array:\"", arr)\n\n# Call fillna with copy=True - should return a copy\nresult = arr.fillna(999, copy=True)\nprint(\""Result after fillna:\"", result)\n\n# Modify the result to see if it affects the original\nresult[0] = 999\nprint(\""Original after modifying result:\"", arr)\nprint(\""Result after modification:\"", result)\n\n# Expected: Original should remain [1, 2, 3]\n# Actual: Original gets modified to [999, 2, 3]\n```\n\nThe same issue occurs with other masked array types:\n\n```python\n# FloatingArray\nfloat_arr = pd.array([1.0, 2.0, 3.0], dtype=\""Float64\"")\nfloat_result = float_arr.fillna(999.0, copy=True)\n\n# BooleanArray  \nbool_arr = pd.array([True, False, True], dtype=\""boolean\"")\nbool_result = bool_arr.fillna(False, copy=True)\n```\n\nWhen there are no missing values to fill, `fillna` should still respect the `copy` parameter and return a proper copy of the array.\n\nThe repository is checked out in your current working directory, at the state before this issue was fixed. Use your available tools to explore the codebase, understand the issue, and make the necessary changes directly using your edit/write tools — actually modify the files; do not just d ...[46405 more chars]",4707,0,0,0.0,0
pandas-dev__pandas.95280573.func_pm_ctrl_invert_if__rvesdjos,swe-smith,14,calibration,google/gemma-4-31b-it,openrouter,error_harness,"402: {""message"":""This request would exceed your available credits given your current in-flight requests. Retry after in-flight requests settle, or add credits."",""code"":402,""metadata"":{""reason"":""in_flight_budget_exhausted"",""limit_source"":""openrouter_in_flight_budget"",""remedy_hint"":""Retry after your in-flight requests settle (see the Retry-After header). Adding credits at https://openrouter.ai/settings/credits raises your in-flight budget, up to a capped ceiling."",""headers"":{""Retry-After"":""120""},""provider_name"":null}}","{""type"":""session"",""version"":3,""id"":""01a0b5fc-9f38-7bed-b007-1550120088d7"",""timestamp"":""2026-09-18T19:27:07.064Z"",""cwd"":""/private/var/folders/nw/6_9204g535s835kn__nfthxh0000gn/T/router-repo-context-qfj4c3t4""}
{""type"":""agent_start""}
{""type"":""turn_start""}
{""type"":""message_start"",""message"":{""role"":""user"",""content"":[{""type"":""text"",""text"":""nargsort raises ValueError for na_position=\""first\"" instead of handling NaN placement\n\n#### Description\n\nWhen using `nargsort` with `na_position=\""first\""`, the function incorrectly raises a ValueError instead of placing NaN values at the beginning of the sorted array.\n\n#### Steps/Code to Reproduce\n\n```python\nimport numpy as np\nfrom pandas.core.sorting import nargsort\n\n# Create array with NaN values\nitems = np.array([np.nan] * 5 + list(range(100)) + [np.nan] * 5, dtype='O')\n\n# This works fine\nresult_last = nargsort(items, kind='mergesort', ascending=True, na_position='last')\nprint(\""na_position='last' works:\"", len(result_last))\n\n# This raises ValueError\ntry:\n    result_first = nargsort(items, kind='mergesort', ascending=True, na_position='first')\n    print(\""na_position='first' works:\"", len(result_first))\nexcept ValueError as e:\n    print(\""Error with na_position='first':\"", e)\n```\n\nExpected behavior: `na_position=\""first\""` should place NaN values at the beginning of the sorted indices, similar to how `na_position=\""last\""` places them at the end.\n\nActual behavior: ValueError is raised with message \""invalid na_position: first\""\n\nThe repository is checked out in your current working directory, at the state before this issue was fixed. Use your available tools to explore the codebase, understand the issue, and make the necessary changes directly using your edit/write tools — actually modify the files; do not just describe or show the fix in your response. Your final message does not need to include any code or diff — the changes you make to the files are the submission. Keep your change as small and tar ...[291933 more chars]",20104,0,0,0.0,0
paramiko__paramiko.23f92003.func_basic__6eqlk0bm,swe-smith,4,calibration,google/gemma-4-31b-it,openrouter,error_harness,"402: {""message"":""This request would exceed your available credits given your current in-flight requests. Retry after in-flight requests settle, or add credits."",""code"":402,""metadata"":{""reason"":""in_flight_budget_exhausted"",""limit_source"":""openrouter_in_flight_budget"",""remedy_hint"":""Retry after your in-flight requests settle (see the Retry-After header). Adding credits at https://openrouter.ai/settings/credits raises your in-flight budget, up to a capped ceiling."",""headers"":{""Retry-After"":""120""},""provider_name"":null}}","{""type"":""session"",""version"":3,""id"":""01a0b5fc-e8c9-7bb1-a196-898adbf96e79"",""timestamp"":""2026-09-18T19:27:25.897Z"",""cwd"":""/private/var/folders/nw/6_9204g535s835kn__nfthxh0000gn/T/router-repo-context-moz_2mxr""}
{""type"":""agent_start""}
{""type"":""turn_start""}
{""type"":""message_start"",""message"":{""role"":""user"",""content"":[{""type"":""text"",""text"":""Agent.close() fails when called on disconnected agent\n\n#### Description\n\nWhen calling `close()` on an SSH agent that is already disconnected, an AttributeError is raised because the method tries to access attributes that don't exist on a disconnected agent.\n\n#### Steps/Code to Reproduce\n\n```python\nimport paramiko\n\n# Create an agent connection\nagent = paramiko.Agent()\n\n# Simulate disconnection or close the agent\nagent._close()  # This disconnects the agent\n\n# Try to close again - this should not raise an error\nagent.close()  # AttributeError is raised here\n```\n\nThe error occurs because `close()` unconditionally calls `_close()` without checking if the agent is still connected. When the agent is already disconnected, the internal state may not have the expected attributes, leading to an AttributeError.\n\n#### Expected Behavior\n\nCalling `close()` on an already disconnected agent should be a no-op and not raise any exceptions. This is consistent with typical resource management patterns where closing an already closed resource is safe.\n\nThe repository is checked out in your current working directory, at the state before this issue was fixed. Use your available tools to explore the codebase, understand the issue, and make the necessary changes directly using your edit/write tools — actually modify the files; do not just describe or show the fix in your response. Your final message does not need to include any code or diff — the changes you make to the files are the submission. Keep your change as small and targeted as possible — modify only what's strictly necessary to fix the described issue; do not update changelo ...[31647 more chars]",2800,0,0,0.0,0
paramiko__paramiko.23f92003.func_pm_ctrl_shuffle__b0o2afet,swe-smith,4,calibration,google/gemma-4-31b-it,openrouter,error_harness,"402: {""message"":""This request would exceed your available credits given your current in-flight requests. Retry after in-flight requests settle, or add credits."",""code"":402,""metadata"":{""reason"":""in_flight_budget_exhausted"",""limit_source"":""openrouter_in_flight_budget"",""remedy_hint"":""Retry after your in-flight requests settle (see the Retry-After header). Adding credits at https://openrouter.ai/settings/credits raises your in-flight budget, up to a capped ceiling."",""headers"":{""Retry-After"":""120""},""provider_name"":null}}","{""type"":""session"",""version"":3,""id"":""01a0b5fc-f3bb-7570-8129-57dd4903220d"",""timestamp"":""2026-09-18T19:27:28.699Z"",""cwd"":""/private/var/folders/nw/6_9204g535s835kn__nfthxh0000gn/T/router-repo-context-r0zm_rze""}
{""type"":""agent_start""}
{""type"":""turn_start""}
{""type"":""message_start"",""message"":{""role"":""user"",""content"":[{""type"":""text"",""text"":""SFTPClient.from_transport method is broken\n\nThe SFTPClient.from_transport method is not working correctly. When trying to create an SFTP client from a transport, it fails with an UnboundLocalError because it's trying to use a variable before it's defined.\n\nTo reproduce:\n\n```python\nimport paramiko\n\n# Create a transport\ntransport = paramiko.Transport(('hostname', 22))\ntransport.connect(username='user', password='password')\n\n# This will fail\nsftp = paramiko.SFTPClient.from_transport(transport)\n```\n\nThe error you'll see is:\n```\nUnboundLocalError: local variable 'chan' referenced before assignment\n```\n\nThis happens because the code is trying to return a value using a variable that hasn't been initialized yet. The method is trying to use 'chan' at the beginning of the function before it's created.\n\nThe repository is checked out in your current working directory, at the state before this issue was fixed. Use your available tools to explore the codebase, understand the issue, and make the necessary changes directly using your edit/write tools — actually modify the files; do not just describe or show the fix in your response. Your final message does not need to include any code or diff — the changes you make to the files are the submission. Keep your change as small and targeted as possible — modify only what's strictly necessary to fix the described issue; do not update changelogs, CI configuration, documentation, test files, or unrelated code as part of this fix.""}],""timestamp"":1789759648750}}
{""type"":""message_end"",""message"":{""role"":""user"",""content"":[{""type"":""text"",""text"":""SFTPClient.from_transport method is broken\n\nT ...[6769 more chars]",1914,0,0,0.0,0
paramiko__paramiko.23f92003.func_basic__4s7qfjkl,swe-smith,4,calibration,google/gemma-4-31b-it,openrouter,error_harness,"402: {""message"":""This request would exceed your available credits given your current in-flight requests. Retry after in-flight requests settle, or add credits."",""code"":402,""metadata"":{""reason"":""in_flight_budget_exhausted"",""limit_source"":""openrouter_in_flight_budget"",""remedy_hint"":""Retry after your in-flight requests settle (see the Retry-After header). Adding credits at https://openrouter.ai/settings/credits raises your in-flight budget, up to a capped ceiling."",""headers"":{""Retry-After"":""120""},""provider_name"":null}}","{""type"":""session"",""version"":3,""id"":""01a0b5fc-fb41-7d40-ac20-93e90f18aaf2"",""timestamp"":""2026-09-18T19:27:30.625Z"",""cwd"":""/private/var/folders/nw/6_9204g535s835kn__nfthxh0000gn/T/router-repo-context-gdfdbmag""}
{""type"":""agent_start""}
{""type"":""turn_start""}
{""type"":""message_start"",""message"":{""role"":""user"",""content"":[{""type"":""text"",""text"":""Channel event handling broken after recent changes\n\n#### Description\n\nSSH channels are not working properly - commands hang indefinitely and X11 forwarding fails. The issue appears to be related to event synchronization in the Channel class.\n\n#### Steps/Code to Reproduce\n\n```python\nimport paramiko\n\n# Basic SSH connection and command execution\nclient = paramiko.SSHClient()\nclient.set_missing_host_key_policy(paramiko.AutoAddPolicy())\nclient.connect('localhost', username='user', password='pass')\n\n# This will hang indefinitely\nstdin, stdout, stderr = client.exec_command('echo hello')\nprint(stdout.read())  # Never returns\n\nclient.close()\n```\n\nAlso affects X11 forwarding:\n\n```python\nimport paramiko\n\nclient = paramiko.SSHClient()\nclient.set_missing_host_key_policy(paramiko.AutoAddPolicy())\nclient.connect('localhost', username='user', password='pass')\n\n# X11 forwarding setup fails\ntransport = client.get_transport()\nchan = transport.open_session()\nchan.request_x11(0)  # Fails with AttributeError\n\nclient.close()\n```\n\nThe commands that used to work fine now either hang or throw errors. Environment variable setting through exec_command also seems affected.\n\nThe repository is checked out in your current working directory, at the state before this issue was fixed. Use your available tools to explore the codebase, understand the issue, and make the necessary changes directly using your edit/write tools — actually modify the files; do not just describe or show the fix in your response. Your final message does not need to include any code or diff — the changes you make to the files are the submission. Keep your  ...[7903 more chars]",1818,0,0,0.0,0
paramiko__paramiko.23f92003.func_basic__sl6qx946,swe-smith,4,calibration,google/gemma-4-31b-it,openrouter,error_harness,"402: {""message"":""This request would exceed your available credits given your current in-flight requests. Retry after in-flight requests settle, or add credits."",""code"":402,""metadata"":{""reason"":""in_flight_budget_exhausted"",""limit_source"":""openrouter_in_flight_budget"",""remedy_hint"":""Retry after your in-flight requests settle (see the Retry-After header). Adding credits at https://openrouter.ai/settings/credits raises your in-flight budget, up to a capped ceiling."",""headers"":{""Retry-After"":""120""},""provider_name"":null}}","{""type"":""session"",""version"":3,""id"":""01a0b5fd-0299-7a1c-ba71-64f6942812e9"",""timestamp"":""2026-09-18T19:27:32.505Z"",""cwd"":""/private/var/folders/nw/6_9204g535s835kn__nfthxh0000gn/T/router-repo-context-m6g042t_""}
{""type"":""agent_start""}
{""type"":""turn_start""}
{""type"":""message_start"",""message"":{""role"":""user"",""content"":[{""type"":""text"",""text"":""UnknownKeyType exception attributes swapped in constructor\n\n#### Description\n\nThe `UnknownKeyType` exception constructor has its parameters swapped - `key_type` and `key_bytes` are being assigned to the wrong instance attributes.\n\n#### Steps/Code to Reproduce\n\n```python\nfrom paramiko.pkey import UnknownKeyType\n\n# Create an UnknownKeyType exception\nexc = UnknownKeyType(key_type=\""rsa-sha2-256\"", key_bytes=b\""some_key_data\"")\n\n# Check the attributes - they should match what was passed in\nprint(f\""Expected key_type: 'rsa-sha2-256', got: {exc.key_type!r}\"")\nprint(f\""Expected key_bytes: b'some_key_data', got: {exc.key_bytes!r}\"")\n\n# The string representation will also be wrong\nprint(str(exc))\n```\n\nExpected output:\n```\nExpected key_type: 'rsa-sha2-256', got: 'rsa-sha2-256'\nExpected key_bytes: b'some_key_data', got: b'some_key_data'\nUnknownKeyType(type='rsa-sha2-256', bytes=<13>)\n```\n\nActual output:\n```\nExpected key_type: 'rsa-sha2-256', got: b'some_key_data'\nExpected key_bytes: b'some_key_data', got: 'rsa-sha2-256'\nUnknownKeyType(type=b'some_key_data', bytes=<13>)\n```\n\nThe constructor is assigning `key_bytes` to `self.key_type` and `key_type` to `self.key_bytes`, which causes the exception's string representation and attribute access to be incorrect.\n\nThe repository is checked out in your current working directory, at the state before this issue was fixed. Use your available tools to explore the codebase, understand the issue, and make the necessary changes directly using your edit/write tools — actually modify the files; do not just describe or show the fix in your response. Your final message does not n ...[8197 more chars]",1949,0,0,0.0,0
paramiko__paramiko.23f92003.func_basic__h4bmbv3s,swe-smith,4,calibration,google/gemma-4-31b-it,openrouter,error_harness,"402: {""message"":""This request would exceed your available credits given your current in-flight requests. Retry after in-flight requests settle, or add credits."",""code"":402,""metadata"":{""reason"":""in_flight_budget_exhausted"",""limit_source"":""openrouter_in_flight_budget"",""remedy_hint"":""Retry after your in-flight requests settle (see the Retry-After header). Adding credits at https://openrouter.ai/settings/credits raises your in-flight budget, up to a capped ceiling."",""headers"":{""Retry-After"":""120""},""provider_name"":null}}","{""type"":""session"",""version"":3,""id"":""01a0b5fd-0a1d-79af-a983-a9716d329535"",""timestamp"":""2026-09-18T19:27:34.429Z"",""cwd"":""/private/var/folders/nw/6_9204g535s835kn__nfthxh0000gn/T/router-repo-context-_2ye119f""}
{""type"":""agent_start""}
{""type"":""turn_start""}
{""type"":""message_start"",""message"":{""role"":""user"",""content"":[{""type"":""text"",""text"":""EXT_INFO parsing reads one extra extension entry\n\n#### Description\n\nWhen parsing EXT_INFO messages, the transport layer reads one more extension entry than specified in the message count, causing incorrect parsing behavior.\n\n#### Steps/Code to Reproduce\n\n```python\nimport paramiko\nimport threading\nimport socket\n\n# Create a simple SSH connection that triggers EXT_INFO parsing\nclient = paramiko.SSHClient()\nclient.set_missing_host_key_policy(paramiko.AutoAddPolicy())\n\n# This will fail when the server sends EXT_INFO with the expected number of extensions\n# The client tries to read count+1 extensions instead of count extensions\ntry:\n    client.connect('localhost', username='test', password='test')\nexcept Exception as e:\n    print(f\""Connection failed: {e}\"")\n```\n\nThe issue occurs during the SSH handshake when the server sends an EXT_INFO message. The client incorrectly attempts to read one additional extension beyond what the message count specifies, leading to parsing errors or unexpected behavior.\n\n#### Expected Behavior\n\nThe EXT_INFO parser should read exactly the number of extensions specified in the message count field.\n\n#### Actual Behavior\n\nThe parser reads count+1 extensions, which can cause the connection to fail or result in corrupted extension data.\n\nThe repository is checked out in your current working directory, at the state before this issue was fixed. Use your available tools to explore the codebase, understand the issue, and make the necessary changes directly using your edit/write tools — actually modify the files; do not just describe or show the fix in your response. Your final message doe ...[8218 more chars]",1658,0,0,0.0,0
pyasn1__pyasn1.0f07d724.func_basic__cj9o25ur,swe-smith,19,calibration,google/gemma-4-31b-it,openrouter,error_harness,"402: {""message"":""This request would exceed your available credits given your current in-flight requests. Retry after in-flight requests settle, or add credits."",""code"":402,""metadata"":{""reason"":""in_flight_budget_exhausted"",""limit_source"":""openrouter_in_flight_budget"",""remedy_hint"":""Retry after your in-flight requests settle (see the Retry-After header). Adding credits at https://openrouter.ai/settings/credits raises your in-flight budget, up to a capped ceiling."",""headers"":{""Retry-After"":""120""},""provider_name"":null}}","{""type"":""session"",""version"":3,""id"":""01a0b5fd-1074-7a65-a173-04051d529382"",""timestamp"":""2026-09-18T19:27:36.052Z"",""cwd"":""/private/var/folders/nw/6_9204g535s835kn__nfthxh0000gn/T/router-repo-context-1tk8po2i""}
{""type"":""agent_start""}
{""type"":""turn_start""}
{""type"":""message_start"",""message"":{""role"":""user"",""content"":[{""type"":""text"",""text"":""NamedValues.clone() method returns incorrect result\n\n#### Description\n\nThe `clone()` method in `NamedValues` class is not working as expected. When cloning a `NamedValues` instance with additional values, it returns an incorrect result.\n\n#### Steps/Code to Reproduce\n\n```python\nfrom pyasn1.type import namedval\n\n# This should return {'off': 0, 'on': 1} but doesn't work correctly\nnv = namedval.NamedValues(off=0)\nresult = nv.clone(('on', 1))\nprint(result)  # Expected: {'off': 0, 'on': 1}\n\n# Also fails with keyword arguments\nresult2 = nv.clone(on=1)\nprint(result2)  # Expected: {'off': 0, 'on': 1}\n```\n\nThis also affects usage in other parts of the codebase:\n\n```python\nfrom pyasn1.type import univ\n\nclass Integer(univ.Integer):\n    namedValues = univ.Integer.namedValues.clone(('asn1', 1))\n\n# This should work but raises TypeError\nval = Integer('asn1')\n```\n\nThe clone method should combine the original named values with the new ones provided as arguments, but currently it's producing unexpected behavior.\n\nThe repository is checked out in your current working directory, at the state before this issue was fixed. Use your available tools to explore the codebase, understand the issue, and make the necessary changes directly using your edit/write tools — actually modify the files; do not just describe or show the fix in your response. Your final message does not need to include any code or diff — the changes you make to the files are the submission. Keep your change as small and targeted as possible — modify only what's strictly necessary to fix the described issue; do not update changelogs, CI configuration, document ...[7420 more chars]",1654,0,0,0.0,0
pyasn1__pyasn1.0f07d724.func_pm_remove_cond__yw02f11g,swe-smith,22,calibration,google/gemma-4-31b-it,openrouter,error_harness,"402: {""message"":""This request would exceed your available credits given your current in-flight requests. Retry after in-flight requests settle, or add credits."",""code"":402,""metadata"":{""reason"":""in_flight_budget_exhausted"",""limit_source"":""openrouter_in_flight_budget"",""remedy_hint"":""Retry after your in-flight requests settle (see the Retry-After header). Adding credits at https://openrouter.ai/settings/credits raises your in-flight budget, up to a capped ceiling."",""headers"":{""Retry-After"":""120""},""provider_name"":null}}","{""type"":""session"",""version"":3,""id"":""01a0b5fd-16df-724c-a741-9177b6d33af4"",""timestamp"":""2026-09-18T19:27:37.695Z"",""cwd"":""/private/var/folders/nw/6_9204g535s835kn__nfthxh0000gn/T/router-repo-context-55p4zd09""}
{""type"":""agent_start""}
{""type"":""turn_start""}
{""type"":""message_start"",""message"":{""role"":""user"",""content"":[{""type"":""text"",""text"":""CER encoding of GeneralizedTime doesn't properly handle subseconds\n\nDescription\n\nWhen encoding GeneralizedTime values using the CER encoder, there are issues with how subseconds are handled:\n\n1. Trailing zeros in subseconds are not being removed\n2. Dangling fraction dots are not being removed\n3. Zero subseconds are not being removed completely\n\nFor example, when encoding these GeneralizedTime values:\n```python\nuseful.GeneralizedTime('20170801120112.099Z')  # works correctly\nuseful.GeneralizedTime('20170801120112.000Z')  # should remove .000\nuseful.GeneralizedTime('20170801120112.Z')     # should remove the dangling dot\n```\n\nThe CER encoding rules for GeneralizedTime require:\n- subseconds must NOT contain meaningless zeros\n- no hanging fraction dot\n- time in UTC (Z)\n- only dot is allowed for fractions\n\nTo reproduce:\n\n```python\nfrom pyasn1.codec.cer import encoder\nfrom pyasn1.type import useful\n\n# This works correctly\ntime1 = useful.GeneralizedTime('20170801120112.099Z')\nencoded1 = encoder.encode(time1)\nprint(encoded1)  # Expected output\n\n# This fails - should remove trailing zeros\ntime2 = useful.GeneralizedTime('20170801120112.000Z')\nencoded2 = encoder.encode(time2)\n# Should encode without the .000 part\n\n# This fails - should remove dangling dot\ntime3 = useful.GeneralizedTime('20170801120112.Z')\nencoded3 = encoder.encode(time3)\n# Should encode without the dot\n```\n\nThe repository is checked out in your current working directory, at the state before this issue was fixed. Use your available tools to explore the codebase, understand the issue, and make the necessary changes directly using your edi ...[8578 more chars]",1711,0,0,0.0,0
PyCQA__flake8.cf1542ce.func_basic__swv5simh,swe-smith,1,calibration,google/gemma-4-31b-it,openrouter,error_harness,"402: {""message"":""This request would exceed your available credits given your current in-flight requests. Retry after in-flight requests settle, or add credits."",""code"":402,""metadata"":{""reason"":""in_flight_budget_exhausted"",""limit_source"":""openrouter_in_flight_budget"",""remedy_hint"":""Retry after your in-flight requests settle (see the Retry-After header). Adding credits at https://openrouter.ai/settings/credits raises your in-flight budget, up to a capped ceiling."",""headers"":{""Retry-After"":""120""},""provider_name"":null}}","{""type"":""session"",""version"":3,""id"":""01a0b5fd-1d82-746d-b96d-ac3bb97eb0c3"",""timestamp"":""2026-09-18T19:27:39.394Z"",""cwd"":""/private/var/folders/nw/6_9204g535s835kn__nfthxh0000gn/T/router-repo-context-8itq8o3g""}
{""type"":""agent_start""}
{""type"":""turn_start""}
{""type"":""message_start"",""message"":{""role"":""user"",""content"":[{""type"":""text"",""text"":""Flake8 crashes with IndexError when processing certain Python files\n\n#### Description\n\nWhen running flake8 on certain Python files, it crashes with an IndexError related to token processing. The error seems to occur during the file checking phase when handling tokens and parentheses counting.\n\n#### Steps/Code to Reproduce\n\nCreate a simple Python file and run flake8 on it:\n\n```python\n# test_file.py\ndef example_function():\n    x = (1 + 2)\n    return x\n```\n\nThen run:\n```bash\nflake8 test_file.py\n```\n\n#### Expected Behavior\n\nFlake8 should process the file normally and report any style violations without crashing.\n\n#### Actual Behavior\n\nFlake8 crashes with an IndexError when trying to access token elements, particularly when processing tokens with parentheses or when handling the final tokens in a file.\n\nThe crash appears to be related to incorrect indexing when accessing token tuple elements and improper handling of the tokens list state during file processing.\n\nThe repository is checked out in your current working directory, at the state before this issue was fixed. Use your available tools to explore the codebase, understand the issue, and make the necessary changes directly using your edit/write tools — actually modify the files; do not just describe or show the fix in your response. Your final message does not need to include any code or diff — the changes you make to the files are the submission. Keep your change as small and targeted as possible — modify only what's strictly necessary to fix the described issue; do not update changelogs, CI configuration, documentation, test files, or unrelated code as p ...[7297 more chars]",1625,0,0,0.0,0
PyCQA__flake8.cf1542ce.func_pm_ctrl_invert_if__l1ly30lw,swe-smith,16,calibration,google/gemma-4-31b-it,openrouter,error_harness,"402: {""message"":""This request would exceed your available credits given your current in-flight requests. Retry after in-flight requests settle, or add credits."",""code"":402,""metadata"":{""reason"":""in_flight_budget_exhausted"",""limit_source"":""openrouter_in_flight_budget"",""remedy_hint"":""Retry after your in-flight requests settle (see the Retry-After header). Adding credits at https://openrouter.ai/settings/credits raises your in-flight budget, up to a capped ceiling."",""headers"":{""Retry-After"":""120""},""provider_name"":null}}","{""type"":""session"",""version"":3,""id"":""01a0b5fd-23d6-7215-900b-d765998e1043"",""timestamp"":""2026-09-18T19:27:41.014Z"",""cwd"":""/private/var/folders/nw/6_9204g535s835kn__nfthxh0000gn/T/router-repo-context-iw_msbd4""}
{""type"":""agent_start""}
{""type"":""turn_start""}
{""type"":""message_start"",""message"":{""role"":""user"",""content"":[{""type"":""text"",""text"":""Plugin parameter handling broken for required parameters\n\nWhen a plugin requests a required parameter that doesn't exist, flake8 now logs a warning instead of raising an AttributeError. This breaks plugins that depend on required parameters being validated properly.\n\n#### Steps/Code to Reproduce\n\n```python\nfrom flake8.processor import FileProcessor\n\n# Create a file processor with default options\noptions = type('Options', (), {})()\nfile_processor = FileProcessor('-', options, lines=['Line 1'])\n\n# Try to get a required parameter that doesn't exist\n# This should raise AttributeError but now logs a warning instead\ntry:\n    file_processor.keyword_arguments_for({'fake': True}, {})\n    print(\""ERROR: Should have raised AttributeError\"")\nexcept AttributeError:\n    print(\""CORRECT: AttributeError was raised as expected\"")\n```\n\nThe above code should raise an `AttributeError` when a plugin requests a required parameter that doesn't exist on the file processor, but it now incorrectly logs a warning message instead.\n\nThe repository is checked out in your current working directory, at the state before this issue was fixed. Use your available tools to explore the codebase, understand the issue, and make the necessary changes directly using your edit/write tools — actually modify the files; do not just describe or show the fix in your response. Your final message does not need to include any code or diff — the changes you make to the files are the submission. Keep your change as small and targeted as possible — modify only what's strictly necessary to fix the described issue; do not update changelogs, CI configuration, documenta ...[7417 more chars]",1596,0,0,0.0,0
PyCQA__flake8.cf1542ce.lm_rewrite__hvj9yvxx,swe-smith,16,calibration,google/gemma-4-31b-it,openrouter,error_harness,"402: {""message"":""This request would exceed your available credits given your current in-flight requests. Retry after in-flight requests settle, or add credits."",""code"":402,""metadata"":{""reason"":""in_flight_budget_exhausted"",""limit_source"":""openrouter_in_flight_budget"",""remedy_hint"":""Retry after your in-flight requests settle (see the Retry-After header). Adding credits at https://openrouter.ai/settings/credits raises your in-flight budget, up to a capped ceiling."",""headers"":{""Retry-After"":""120""},""provider_name"":null}}","{""type"":""session"",""version"":3,""id"":""01a0b5fd-2a10-741a-bf75-4cca2e51bf2e"",""timestamp"":""2026-09-18T19:27:42.608Z"",""cwd"":""/private/var/folders/nw/6_9204g535s835kn__nfthxh0000gn/T/router-repo-context-bjdn3u7z""}
{""type"":""agent_start""}
{""type"":""turn_start""}
{""type"":""message_start"",""message"":{""role"":""user"",""content"":[{""type"":""text"",""text"":""## Unexpected Behavior with StyleGuide Initialization\n\nHello!\n\nI've encountered an issue after a recent update that seems to affect the initialization of the StyleGuide in our application. When running the application, it appears that the StyleGuide is not being set up correctly, leading to unexpected behavior.\n\n### Steps to Reproduce\n\n1. Ensure you have the latest version of the application.\n2. Run the application with a configuration that includes plugins.\n3. Observe the behavior when the StyleGuide is supposed to be initialized.\n\n### Expected Behavior\n\nThe application should initialize the StyleGuide without any issues, allowing it to process files and apply the necessary style checks.\n\n### Actual Behavior\n\nThe application fails to initialize the StyleGuide properly, which results in errors during execution. This seems to be related to the handling of plugins during the initialization process.\n\n### Additional Information\n\n- The issue seems to be related to the recent changes in the application code.\n- The problem is reproducible with configurations that involve plugins.\n\nAny insights or suggestions on how to address this would be greatly appreciated! Thank you!\n\nThe repository is checked out in your current working directory, at the state before this issue was fixed. Use your available tools to explore the codebase, understand the issue, and make the necessary changes directly using your edit/write tools — actually modify the files; do not just describe or show the fix in your response. Your final message does not need to include any code or diff — the changes you make to the files are the submission. Keep  ...[7918 more chars]",1665,0,0,0.0,0
pydata__patsy.a5d16484.combine_file__nmsgzk5t,swe-smith,1,calibration,google/gemma-4-31b-it,openrouter,error_harness,"402: {""message"":""This request would exceed your available credits given your current in-flight requests. Retry after in-flight requests settle, or add credits."",""code"":402,""metadata"":{""reason"":""in_flight_budget_exhausted"",""limit_source"":""openrouter_in_flight_budget"",""remedy_hint"":""Retry after your in-flight requests settle (see the Retry-After header). Adding credits at https://openrouter.ai/settings/credits raises your in-flight budget, up to a capped ceiling."",""headers"":{""Retry-After"":""120""},""provider_name"":null}}","{""type"":""session"",""version"":3,""id"":""01a0b5fd-310e-75e0-8739-8a63b565e267"",""timestamp"":""2026-09-18T19:27:44.398Z"",""cwd"":""/private/var/folders/nw/6_9204g535s835kn__nfthxh0000gn/T/router-repo-context-4ha5tm05""}
{""type"":""agent_start""}
{""type"":""turn_start""}
{""type"":""message_start"",""message"":{""role"":""user"",""content"":[{""type"":""text"",""text"":""Infix parser fails with \""operators must be unary or binary\"" error\n\n#### Description\n\nThe infix parser is incorrectly classifying operators, causing a ValueError when trying to parse expressions. The error message \""operators must be unary or binary\"" suggests that the arity check logic has been inverted.\n\n#### Steps/Code to Reproduce\n\n```python\nfrom patsy import dmatrix\n\n# Simple formula parsing fails\ndata = {'x': [1, 2, 3], 'y': [4, 5, 6]}\nresult = dmatrix('x + y', data)\n```\n\nThis should work but instead raises:\n```\nValueError: operators must be unary or binary\n```\n\nThe same error occurs with any formula containing operators:\n\n```python\nfrom patsy import dmatrices\n\n# This also fails\nx = [1, 2, 3]\ny = [4, 5, 6] \nlhs, rhs = dmatrices('y ~ x')\n```\n\n#### Expected Behavior\n\nFormula parsing should work normally and return design matrices without errors.\n\n#### Actual Behavior\n\nAll formula parsing operations fail with \""ValueError: operators must be unary or binary\"" during the infix parsing stage.\n\nThe repository is checked out in your current working directory, at the state before this issue was fixed. Use your available tools to explore the codebase, understand the issue, and make the necessary changes directly using your edit/write tools — actually modify the files; do not just describe or show the fix in your response. Your final message does not need to include any code or diff — the changes you make to the files are the submission. Keep your change as small and targeted as possible — modify only what's strictly necessary to fix the described issue; do not update changelogs, CI configuration, doc ...[7435 more chars]",1773,0,0,0.0,0
pydata__patsy.a5d16484.func_pm_remove_assign__84rjir41,swe-smith,9,calibration,google/gemma-4-31b-it,openrouter,error_harness,"402: {""message"":""This request would exceed your available credits given your current in-flight requests. Retry after in-flight requests settle, or add credits."",""code"":402,""metadata"":{""reason"":""in_flight_budget_exhausted"",""limit_source"":""openrouter_in_flight_budget"",""remedy_hint"":""Retry after your in-flight requests settle (see the Retry-After header). Adding credits at https://openrouter.ai/settings/credits raises your in-flight budget, up to a capped ceiling."",""headers"":{""Retry-After"":""120""},""provider_name"":null}}","{""type"":""session"",""version"":3,""id"":""01a0b5fd-37ac-7f55-8f95-361655accc51"",""timestamp"":""2026-09-18T19:27:46.092Z"",""cwd"":""/private/var/folders/nw/6_9204g535s835kn__nfthxh0000gn/T/router-repo-context-e8ervp3y""}
{""type"":""agent_start""}
{""type"":""turn_start""}
{""type"":""message_start"",""message"":{""role"":""user"",""content"":[{""type"":""text"",""text"":""NameError in test_EvalFactor_end_to_end after variable removal\n\n#### Description\n\nWhen running the `test_EvalFactor_end_to_end` function, a `NameError` occurs because the variable `passes` is referenced but not defined. It looks like some variable declarations were accidentally removed.\n\n#### Steps/Code to Reproduce\n\n```python\nfrom patsy.eval import EvalFactor, EvalEnvironment\nfrom patsy.state import stateful_transform\n\nclass _MockTransform:\n    def __init__(self):\n        self._memorize_chunk_called = 0\n        self._memorize_finish_called = 0\n    \n    def memorize_chunk(self, *args):\n        self._memorize_chunk_called += 1\n    \n    def memorize_finish(self, *args):\n        self._memorize_finish_called += 1\n\nfoo = stateful_transform(_MockTransform)\ne = EvalFactor(\""foo(x) + foo(foo(y))\"")\neval_env = EvalEnvironment.capture(0)\nprint(passes)  # This will fail\n```\n\nThe error occurs because `passes` is used in a print statement but the variable is never defined. The same issue affects the `state` variable which is also referenced but not initialized.\n\nThe repository is checked out in your current working directory, at the state before this issue was fixed. Use your available tools to explore the codebase, understand the issue, and make the necessary changes directly using your edit/write tools — actually modify the files; do not just describe or show the fix in your response. Your final message does not need to include any code or diff — the changes you make to the files are the submission. Keep your change as small and targeted as possible — modify only what's strictly necessary to fix the described issue;  ...[7576 more chars]",1615,0,0,0.0,0
pydata__patsy.a5d16484.func_basic__56f8gx5j,swe-smith,15,calibration,google/gemma-4-31b-it,openrouter,error_harness,"402: {""message"":""This request would exceed your available credits given your current in-flight requests. Retry after in-flight requests settle, or add credits."",""code"":402,""metadata"":{""reason"":""in_flight_budget_exhausted"",""limit_source"":""openrouter_in_flight_budget"",""remedy_hint"":""Retry after your in-flight requests settle (see the Retry-After header). Adding credits at https://openrouter.ai/settings/credits raises your in-flight budget, up to a capped ceiling."",""headers"":{""Retry-After"":""120""},""provider_name"":null}}","{""type"":""session"",""version"":3,""id"":""01a0b5fd-3ded-71b9-b815-d3a090f7f62c"",""timestamp"":""2026-09-18T19:27:47.693Z"",""cwd"":""/private/var/folders/nw/6_9204g535s835kn__nfthxh0000gn/T/router-repo-context-0bkc4gl6""}
{""type"":""agent_start""}
{""type"":""turn_start""}
{""type"":""message_start"",""message"":{""role"":""user"",""content"":[{""type"":""text"",""text"":""Redundancy handling produces incorrect results for factor signs and subterm ordering\n\n#### Description\n\nWhen processing subterms for redundancy elimination, the factor signs are being inverted and the subterm order is being reversed, causing incorrect simplification results.\n\n#### Steps/Code to Reproduce\n\n```python\nfrom patsy.redundancy import _expand_test_abbrevs, _simplify_subterms\n\n# Test basic subterm expansion\ngiven = [('a-',)]\nexpected = [('a-',)]\ngiven_expanded = _expand_test_abbrevs(given)\nexpected_expanded = _expand_test_abbrevs(expected)\n\nprint(\""Given:\"", given_expanded)\nprint(\""Expected:\"", expected_expanded)\nprint(\""Match:\"", given_expanded == expected_expanded)\n\n# Test subterm simplification\ngiven = [(), ('a-',)]\nexpected = [('a+',)]\ngiven_expanded = _expand_test_abbrevs(given)\nexpected_expanded = _expand_test_abbrevs(expected)\n\nprint(\""\\nBefore simplification:\"", given_expanded)\n_simplify_subterms(given_expanded)\nprint(\""After simplification:\"", given_expanded)\nprint(\""Expected:\"", expected_expanded)\nprint(\""Match:\"", given_expanded == expected_expanded)\n```\n\nThe factor signs are getting flipped (- becomes + and vice versa) and the subterm order is being reversed, which breaks the redundancy elimination logic.\n\nThe repository is checked out in your current working directory, at the state before this issue was fixed. Use your available tools to explore the codebase, understand the issue, and make the necessary changes directly using your edit/write tools — actually modify the files; do not just describe or show the fix in your response. Your final message does not need to include any co ...[8134 more chars]",1685,0,0,0.0,0
pydata__patsy.a5d16484.func_basic__cbjs5g3l,swe-smith,15,calibration,google/gemma-4-31b-it,openrouter,error_harness,"402: {""message"":""This request would exceed your available credits given your current in-flight requests. Retry after in-flight requests settle, or add credits."",""code"":402,""metadata"":{""reason"":""in_flight_budget_exhausted"",""limit_source"":""openrouter_in_flight_budget"",""remedy_hint"":""Retry after your in-flight requests settle (see the Retry-After header). Adding credits at https://openrouter.ai/settings/credits raises your in-flight budget, up to a capped ceiling."",""headers"":{""Retry-After"":""120""},""provider_name"":null}}","{""type"":""session"",""version"":3,""id"":""01a0b5fd-4491-773a-a940-ba20c3b1fa98"",""timestamp"":""2026-09-18T19:27:49.393Z"",""cwd"":""/private/var/folders/nw/6_9204g535s835kn__nfthxh0000gn/T/router-repo-context-t6l0cj9j""}
{""type"":""agent_start""}
{""type"":""turn_start""}
{""type"":""message_start"",""message"":{""role"":""user"",""content"":[{""type"":""text"",""text"":""Iterator in _examine_factor_types produces incorrect results\n\n#### Description\n\nWhen using custom iterators with the `_examine_factor_types` function, the iterator logic is broken and produces unexpected behavior. The iterator counter decrements instead of incrementing, causing incorrect iteration counts.\n\n#### Steps/Code to Reproduce\n\n```python\nimport numpy as np\nfrom patsy.build import _examine_factor_types\nfrom patsy.missing import NAAction\n\nclass MockFactor(object):\n    def __init__(self):\n        from patsy.origin import Origin\n        self.origin = Origin('MOCK', 1, 2)\n    \n    def eval(self, state, data):\n        return state[data]\n    \n    def name(self):\n        return 'MOCK MOCK'\n\nclass DataIterMaker(object):\n    def __init__(self):\n        self.i = -1\n    \n    def __call__(self):\n        return self\n    \n    def __iter__(self):\n        return self\n    \n    def next(self):\n        self.i += 1\n        if self.i > 1:\n            raise StopIteration\n        return self.i\n    __next__ = next\n\nnum_1dim = MockFactor()\nfactor_states = {num_1dim: ([1, 2, 3], [4, 5, 6])}\nit = DataIterMaker()\n\nnum_column_counts, cat_levels_contrasts = _examine_factor_types(\n    factor_states.keys(), factor_states, it, NAAction()\n)\n\nprint(f\""Iterator counter after processing: {it.i}\"")\n# Expected: 2, but gets different value due to incorrect iterator logic\n```\n\nThe iterator should increment properly and reach the expected final count, but the current implementation causes the counter to behave unexpectedly.\n\nThe repository is checked out in your current working directory, at the state before this iss ...[8998 more chars]",1788,0,0,0.0,0
pydata__patsy.a5d16484.func_pm_ctrl_invert_if__i9tbpt45,swe-smith,15,calibration,google/gemma-4-31b-it,openrouter,error_harness,"402: {""message"":""This request would exceed your available credits given your current in-flight requests. Retry after in-flight requests settle, or add credits."",""code"":402,""metadata"":{""reason"":""in_flight_budget_exhausted"",""limit_source"":""openrouter_in_flight_budget"",""remedy_hint"":""Retry after your in-flight requests settle (see the Retry-After header). Adding credits at https://openrouter.ai/settings/credits raises your in-flight budget, up to a capped ceiling."",""headers"":{""Retry-After"":""120""},""provider_name"":null}}","{""type"":""session"",""version"":3,""id"":""01a0b5fd-4b96-79c5-9643-e9414c5d160c"",""timestamp"":""2026-09-18T19:27:51.190Z"",""cwd"":""/private/var/folders/nw/6_9204g535s835kn__nfthxh0000gn/T/router-repo-context-8tng93qx""}
{""type"":""agent_start""}
{""type"":""turn_start""}
{""type"":""message_start"",""message"":{""role"":""user"",""content"":[{""type"":""text"",""text"":""Numerical factors incorrectly processed as categorical\n\n#### Description\n\nWhen evaluating numerical factors, the code incorrectly processes them as categorical factors, causing assertion errors and unexpected behavior.\n\n#### Steps/Code to Reproduce\n\n```python\nimport numpy as np\nimport patsy\n\n# Simple numerical data\ndata = {'x': [1, 2, 3], 'y': [4, 5, 6]}\n\n# This should work but fails\nmatrix = patsy.dmatrix('x + y', data)\n```\n\nThe issue also occurs with more complex formulas:\n\n```python\n# This also fails\ndata = {'a': ['a1', 'a2'], 'X': [[1, 2], [3, 4]], 'Y': [[1, 3], [2, 4]]}\nmatrix = patsy.dmatrix('X*Y', data)\n```\n\n#### Expected vs Actual Behavior\n\nExpected: Numerical factors should be processed correctly and return appropriate design matrices.\n\nActual: AssertionError is raised because the code incorrectly assumes numerical factors are categorical, leading to failed assertions like `assert factor_info.type == \""categorical\""` when the factor type is actually \""numerical\"".\n\nThe repository is checked out in your current working directory, at the state before this issue was fixed. Use your available tools to explore the codebase, understand the issue, and make the necessary changes directly using your edit/write tools — actually modify the files; do not just describe or show the fix in your response. Your final message does not need to include any code or diff — the changes you make to the files are the submission. Keep your change as small and targeted as possible — modify only what's strictly necessary to fix the described issue; do not update changelogs, CI configuration, documentation, test files, or u ...[7351 more chars]",1774,0,0,0.0,0
pydicom__pydicom.7d361b3d.func_basic__w9pyig3l,swe-smith,7,calibration,google/gemma-4-31b-it,openrouter,error_harness,"402: {""message"":""This request would exceed your available credits given your current in-flight requests. Retry after in-flight requests settle, or add credits."",""code"":402,""metadata"":{""reason"":""in_flight_budget_exhausted"",""limit_source"":""openrouter_in_flight_budget"",""remedy_hint"":""Retry after your in-flight requests settle (see the Retry-After header). Adding credits at https://openrouter.ai/settings/credits raises your in-flight budget, up to a capped ceiling."",""headers"":{""Retry-After"":""120""},""provider_name"":null}}","{""type"":""session"",""version"":3,""id"":""01a0b5fd-5360-79c2-bd67-5c44e9bc2659"",""timestamp"":""2026-09-18T19:27:53.184Z"",""cwd"":""/private/var/folders/nw/6_9204g535s835kn__nfthxh0000gn/T/router-repo-context-8c_8tpzx""}
{""type"":""agent_start""}
{""type"":""turn_start""}
{""type"":""message_start"",""message"":{""role"":""user"",""content"":[{""type"":""text"",""text"":""get_testdata_files returns file stems instead of full paths\n\n#### Description\n\nThe `get_testdata_files` function is returning file stems (filenames without extensions) instead of full file paths. This breaks existing code that expects full paths to DICOM files.\n\n#### Steps/Code to Reproduce\n\n```python\nfrom pydicom.data import get_testdata_files\n\n# This should return full paths to test files\nfiles = get_testdata_files('CT_small*')\nprint(files)\n# Expected: ['path/to/CT_small.dcm']  \n# Actual: ['CT_small']\n```\n\nThe function also incorrectly raises ValueError for relative paths when it should raise for absolute paths:\n\n```python\n# This should work but raises ValueError\nfiles = get_testdata_files('**/*')\n\n# This should raise ValueError but doesn't  \nfiles = get_testdata_files('/absolute/path/*')\n```\n\nThe repository is checked out in your current working directory, at the state before this issue was fixed. Use your available tools to explore the codebase, understand the issue, and make the necessary changes directly using your edit/write tools — actually modify the files; do not just describe or show the fix in your response. Your final message does not need to include any code or diff — the changes you make to the files are the submission. Keep your change as small and targeted as possible — modify only what's strictly necessary to fix the described issue; do not update changelogs, CI configuration, documentation, test files, or unrelated code as part of this fix.""}],""timestamp"":1789759673233}}
{""type"":""message_end"",""message"":{""role"":""user"",""content"":[{""type"":""text"",""text"":""get_testdata_files returns file stems in ...[6790 more chars]",2072,0,0,0.0,0
pydicom__pydicom.7d361b3d.func_basic__cvionhyi,swe-smith,22,calibration,google/gemma-4-31b-it,openrouter,error_harness,"402: {""message"":""This request would exceed your available credits given your current in-flight requests. Retry after in-flight requests settle, or add credits."",""code"":402,""metadata"":{""reason"":""in_flight_budget_exhausted"",""limit_source"":""openrouter_in_flight_budget"",""remedy_hint"":""Retry after your in-flight requests settle (see the Retry-After header). Adding credits at https://openrouter.ai/settings/credits raises your in-flight budget, up to a capped ceiling."",""headers"":{""Retry-After"":""120""},""provider_name"":null}}","{""type"":""session"",""version"":3,""id"":""01a0b5fd-5afa-7535-bf4b-53ad543dbe91"",""timestamp"":""2026-09-18T19:27:55.130Z"",""cwd"":""/private/var/folders/nw/6_9204g535s835kn__nfthxh0000gn/T/router-repo-context-050l_01v""}
{""type"":""agent_start""}
{""type"":""turn_start""}
{""type"":""message_start"",""message"":{""role"":""user"",""content"":[{""type"":""text"",""text"":""Data sequence decoding stops after 10 items and adds empty bytes\n\n#### Description\n\nWhen decoding encapsulated data sequences, the decoder now incorrectly limits processing to only 10 items and appends an empty byte string to the result when reaching the sequence delimiter.\n\n#### Steps/Code to Reproduce\n\n```python\nimport pydicom.encaps\n\n# Test data with more than 10 fragments\nbytestream = b'\\xfe\\xff\\x00\\xe0\\x0c\\x00\\x00\\x00\\x00\\x00\\x00\\x00 \\x00\\x00\\x00@\\x00\\x00\\x00\\xfe\\xff\\x00\\xe0\\x04\\x00\\x00\\x00\\x01\\x00\\x00\\x00\\xfe\\xff\\x00\\xe0\\x04\\x00\\x00\\x00\\x02\\x00\\x00\\x00\\xfe\\xff\\x00\\xe0\\x04\\x00\\x00\\x00\\x03\\x00\\x00\\x00\\xfe\\xff\\x00\\xe0\\x04\\x00\\x00\\x00\\x02\\x00\\x00\\x00\\xfe\\xff\\x00\\xe0\\x04\\x00\\x00\\x00\\x02\\x00\\x00\\x00\\xfe\\xff\\x00\\xe0\\x04\\x00\\x00\\x00\\x03\\x00\\x00\\x00\\xfe\\xff\\x00\\xe0\\x04\\x00\\x00\\x00\\x03\\x00\\x00\\x00\\xfe\\xff\\x00\\xe0\\x04\\x00\\x00\\x00\\x02\\x00\\x00\\x00\\xfe\\xff\\x00\\xe0\\x04\\x00\\x00\\x00\\x03\\x00\\x00\\x00'\n\nframes = pydicom.encaps._decode_data_sequence(bytestream)\nprint(\""Got frames:\"", len(frames))\nprint(\""Last frame:\"", frames[-1])\n\n# Expected: 9 frames, all with actual data\n# Actual: Only processes first 10 items (including BOT), adds empty bytes at end\n```\n\nThe function now stops processing after 10 iterations regardless of how much data remains, and when it encounters the sequence delimiter it incorrectly adds an empty byte string to the results instead of just breaking out of the loop.\n\nThe repository is checked out in your current working directory, at the state before this issue was fixed. Use your  ...[8929 more chars]",1928,0,0,0.0,0
pylint-dev__astroid.b114f6b5.func_pm_ctrl_invert_if__q0e2extu,swe-smith,12,calibration,google/gemma-4-31b-it,openrouter,error_harness,"402: {""message"":""This request would exceed your available credits given your current in-flight requests. Retry after in-flight requests settle, or add credits."",""code"":402,""metadata"":{""reason"":""in_flight_budget_exhausted"",""limit_source"":""openrouter_in_flight_budget"",""remedy_hint"":""Retry after your in-flight requests settle (see the Retry-After header). Adding credits at https://openrouter.ai/settings/credits raises your in-flight budget, up to a capped ceiling."",""headers"":{""Retry-After"":""120""},""provider_name"":null}}","{""type"":""session"",""version"":3,""id"":""01a0b5fd-6262-7894-871f-2f2c232631a4"",""timestamp"":""2026-09-18T19:27:57.026Z"",""cwd"":""/private/var/folders/nw/6_9204g535s835kn__nfthxh0000gn/T/router-repo-context-y_htw1pb""}
{""type"":""agent_start""}
{""type"":""turn_start""}
{""type"":""message_start"",""message"":{""role"":""user"",""content"":[{""type"":""text"",""text"":""String format inference fails when format is called on variable\n\n#### Description\n\nWhen calling `.format()` on a string variable (as opposed to a string literal), the inference fails and returns `Uninferable` instead of the expected formatted string result.\n\n#### Steps/Code to Reproduce\n\n```python\nimport astroid\n\n# This works fine - format called on string literal\ncode1 = '\""My name is {}, I\\'m {}\"".format(\""Daniel\"", 12)'\nnode1 = astroid.extract_node(code1)\nresult1 = next(node1.infer())\nprint(f\""Literal format result: {result1.value}\"")  # Works: \""My name is Daniel, I'm 12\""\n\n# This fails - format called on variable\ncode2 = '''\nstring = \""My name is {}, I'm {}\""\nstring.format(\""Daniel\"", 12)\n'''\nnode2 = astroid.extract_node(code2)\nresult2 = next(node2.infer())\nprint(f\""Variable format result: {result2}\"")  # Returns Uninferable instead of expected string\n```\n\nThe issue also affects more complex scenarios like in dataclasses:\n\n```python\nfrom dataclasses import dataclass\n\n@dataclass\nclass Number:\n    amount: int | float\n    round: int = 2\n\n    def __str__(self):\n        number_format = \""{:,.%sf}\"" % self.round\n        return number_format.format(self.amount).rstrip(\""0\"").rstrip(\"".\"")\n```\n\nWhen trying to infer the return value of the `__str__` method, it returns `Uninferable` instead of properly inferring the formatted string.\n\n#### Expected Behavior\n\nString format inference should work consistently whether `.format()` is called on a string literal or a variable containing a string.\n\nThe repository is checked out in your current working directory, at the state before this issue was fixe ...[8965 more chars]",1932,0,0,0.0,0
pylint-dev__astroid.b114f6b5.func_basic__hh1al916,swe-smith,16,calibration,google/gemma-4-31b-it,openrouter,error_harness,"402: {""message"":""This request would exceed your available credits given your current in-flight requests. Retry after in-flight requests settle, or add credits."",""code"":402,""metadata"":{""reason"":""in_flight_budget_exhausted"",""limit_source"":""openrouter_in_flight_budget"",""remedy_hint"":""Retry after your in-flight requests settle (see the Retry-After header). Adding credits at https://openrouter.ai/settings/credits raises your in-flight budget, up to a capped ceiling."",""headers"":{""Retry-After"":""120""},""provider_name"":null}}","{""type"":""session"",""version"":3,""id"":""01a0b5fd-69df-7f96-b9d5-06d27f55bcd3"",""timestamp"":""2026-09-18T19:27:58.943Z"",""cwd"":""/private/var/folders/nw/6_9204g535s835kn__nfthxh0000gn/T/router-repo-context-5vad9wzs""}
{""type"":""agent_start""}
{""type"":""turn_start""}
{""type"":""message_start"",""message"":{""role"":""user"",""content"":[{""type"":""text"",""text"":""Break node line/column positions swapped in AST rebuilder\n\n#### Description\n\nWhen parsing code containing `break` statements, the line and column position information gets swapped. The `lineno` and `col_offset` attributes contain the end position values, while `end_lineno` and `end_col_offset` contain the start position values.\n\n#### Steps/Code to Reproduce\n\n```python\nimport astroid\n\ncode = \""\""\""\nwhile True:\n    break\n\""\""\""\n\nmodule = astroid.parse(code)\nbreak_node = module.body[0].body[0]\n\nprint(f\""Break node positions:\"")\nprint(f\""lineno: {break_node.lineno}, col_offset: {break_node.col_offset}\"")\nprint(f\""end_lineno: {break_node.end_lineno}, end_col_offset: {break_node.end_col_offset}\"")\n\n# Expected: lineno=3, col_offset=4, end_lineno=3, end_col_offset=9\n# Actual: lineno=3, col_offset=9, end_lineno=3, end_col_offset=4\n```\n\nThe positions are backwards - the start position shows up as the end position and vice versa. This affects any code that relies on accurate position information for `break` statements.\n\nThe repository is checked out in your current working directory, at the state before this issue was fixed. Use your available tools to explore the codebase, understand the issue, and make the necessary changes directly using your edit/write tools — actually modify the files; do not just describe or show the fix in your response. Your final message does not need to include any code or diff — the changes you make to the files are the submission. Keep your change as small and targeted as possible — modify only what's strictly necessary to fix the described issue; do not update changelogs, CI configuration, ...[7447 more chars]",1840,0,0,0.0,0
pylint-dev__astroid.b114f6b5.lm_rewrite__tzv40icb,swe-smith,16,calibration,google/gemma-4-31b-it,openrouter,error_harness,"402: {""message"":""This request would exceed your available credits given your current in-flight requests. Retry after in-flight requests settle, or add credits."",""code"":402,""metadata"":{""reason"":""in_flight_budget_exhausted"",""limit_source"":""openrouter_in_flight_budget"",""remedy_hint"":""Retry after your in-flight requests settle (see the Retry-After header). Adding credits at https://openrouter.ai/settings/credits raises your in-flight budget, up to a capped ceiling."",""headers"":{""Retry-After"":""120""},""provider_name"":null}}","{""type"":""session"",""version"":3,""id"":""01a0b5fd-710c-752d-ab34-3d359d7fa2a6"",""timestamp"":""2026-09-18T19:28:00.780Z"",""cwd"":""/private/var/folders/nw/6_9204g535s835kn__nfthxh0000gn/T/router-repo-context-904nfhoa""}
{""type"":""agent_start""}
{""type"":""turn_start""}
{""type"":""message_start"",""message"":{""role"":""user"",""content"":[{""type"":""text"",""text"":""# [Bug]: Recursive line number resolution in NodeNG._fixed_source_line() causes infinite recursion\n\n## Bug summary\n\nI've discovered an issue with the `_fixed_source_line()` method in `NodeNG` class. The current implementation can cause infinite recursion when trying to determine the line number of a node.\n\n## Code for reproduction\n\n```python\nfrom astroid import extract_node\n\n# Create a pattern matching case with nested patterns\ncode = \""\""\""\nmatch x:\n    case {**rest}:\n        pass\n\""\""\""\n\n# Extract the node and try to access line numbers\nnode = extract_node(code)\npattern = node.cases[0].pattern\nrest_node = pattern.rest\nprint(f\""Line number: {rest_node.lineno}\"")\n```\n\n## Actual outcome\n\nThe code enters an infinite recursion loop when trying to determine the line number. This happens because the current implementation of `_fixed_source_line()` recursively calls itself through parent nodes without properly handling cases where the parent's line number is also None.\n\nIf you run the code with a recursion limit set, you'll get a RecursionError:\n\n```\nRecursionError: maximum recursion depth exceeded\n```\n\nThis issue particularly affects pattern matching nodes like `MatchMapping`, `MatchStar`, and `MatchAs` where line number resolution is needed but the current implementation fails to properly resolve them.\n\n## Expected outcome\n\nThe method should properly determine the line number without entering an infinite recursion, or return 0 if it cannot be determined.\n\n## Version information\n\nThis issue affects the current development version of astroid.\n\nThe repository is checked out in your current working d ...[9112 more chars]",1859,0,0,0.0,0
pyparsing__pyparsing.533adf47.func_basic__72p3rw7p,swe-smith,1,calibration,google/gemma-4-31b-it,openrouter,error_harness,"402: {""message"":""This request would exceed your available credits given your current in-flight requests. Retry after in-flight requests settle, or add credits."",""code"":402,""metadata"":{""reason"":""in_flight_budget_exhausted"",""limit_source"":""openrouter_in_flight_budget"",""remedy_hint"":""Retry after your in-flight requests settle (see the Retry-After header). Adding credits at https://openrouter.ai/settings/credits raises your in-flight budget, up to a capped ceiling."",""headers"":{""Retry-After"":""120""},""provider_name"":null}}","{""type"":""session"",""version"":3,""id"":""01a0b5fd-7831-78a9-99ca-fcb14cd0491d"",""timestamp"":""2026-09-18T19:28:02.609Z"",""cwd"":""/private/var/folders/nw/6_9204g535s835kn__nfthxh0000gn/T/router-repo-context-739bwmhx""}
{""type"":""agent_start""}
{""type"":""turn_start""}
{""type"":""message_start"",""message"":{""role"":""user"",""content"":[{""type"":""text"",""text"":""# Bug in matchPreviousLiteral when handling multiple tokens\n\nI found an issue with the `matchPreviousLiteral` function in pyparsing. When trying to match a previous literal that contains multiple tokens, it doesn't work correctly.\n\n## Reproduction\n\nHere's a simple example that demonstrates the issue:\n\n```python\nfrom pyparsing import Word, matchPreviousLiteral, nums\n\n# Define a parser with multiple tokens\nfirst = Word('a') + Word('d')\nbridge = Word(nums).setName('number')\nsecond = matchPreviousLiteral(first)\nseq = first + bridge + second\n\n# This should parse correctly\ntext = 'aaaddd12aaaddd'\n\n# But it fails with an error\nresult = seq.parseString(text, parseAll=True)\n```\n\nThe above code fails with a ValueError when trying to parse the input string.\n\n## Expected behavior\n\nThe `matchPreviousLiteral` function should correctly match the literal tokens that were previously parsed. In this case, it should match 'aaaddd' after the number.\n\n## Actual behavior\n\nThe function fails to correctly handle multiple tokens in the expression being matched. It seems that the internal logic for handling multiple tokens is not working as expected.\n\nThis also affects other similar cases where `matchPreviousLiteral` is used with expressions that produce multiple tokens.\n\nThe repository is checked out in your current working directory, at the state before this issue was fixed. Use your available tools to explore the codebase, understand the issue, and make the necessary changes directly using your edit/write tools — actually modify the files; do not just describe or show the fix in your response. Your final message does not ne ...[8194 more chars]",1819,0,0,0.0,0
pytest-dev__iniconfig.16793ead.combine_module__irzgribi,swe-smith,11,calibration,google/gemma-4-31b-it,openrouter,error_harness,"402: {""message"":""This request would exceed your available credits given your current in-flight requests. Retry after in-flight requests settle, or add credits."",""code"":402,""metadata"":{""reason"":""in_flight_budget_exhausted"",""limit_source"":""openrouter_in_flight_budget"",""remedy_hint"":""Retry after your in-flight requests settle (see the Retry-After header). Adding credits at https://openrouter.ai/settings/credits raises your in-flight budget, up to a capped ceiling."",""headers"":{""Retry-After"":""120""},""provider_name"":null}}","{""type"":""session"",""version"":3,""id"":""01a0b5fd-7efe-7553-af0f-3ad8636f4ab5"",""timestamp"":""2026-09-18T19:28:04.350Z"",""cwd"":""/private/var/folders/nw/6_9204g535s835kn__nfthxh0000gn/T/router-repo-context-n7y37p6b""}
{""type"":""agent_start""}
{""type"":""turn_start""}
{""type"":""message_start"",""message"":{""role"":""user"",""content"":[{""type"":""text"",""text"":""SectionWrapper constructor arguments swapped causing TypeError\n\nWhen accessing sections from an IniConfig object, a TypeError is raised due to incorrect argument order in the SectionWrapper constructor call.\n\n#### Steps/Code to Reproduce\n\n```python\nfrom iniconfig import IniConfig\n\n# Create a simple config\nconfig = IniConfig('test', data='[section]\\nkey=value')\n\n# Try to access a section\nsection = config['section']\n```\n\nThis raises a TypeError because the SectionWrapper constructor expects the config object as the first argument and the section name as the second, but they are being passed in the wrong order.\n\nThe issue also affects any code that tries to iterate over config sections or access section values:\n\n```python\nfrom iniconfig import IniConfig\n\nconfig = IniConfig('test', data='[section]\\nkey=value')\n\n# These will all fail:\nfor section in config:\n    print(section)\n\nprint(config['section']['key'])\n```\n\nThe repository is checked out in your current working directory, at the state before this issue was fixed. Use your available tools to explore the codebase, understand the issue, and make the necessary changes directly using your edit/write tools — actually modify the files; do not just describe or show the fix in your response. Your final message does not need to include any code or diff — the changes you make to the files are the submission. Keep your change as small and targeted as possible — modify only what's strictly necessary to fix the described issue; do not update changelogs, CI configuration, documentation, test files, or unrelated code as part of this fix.""}],""timestamp"":1789759684399}}
 ...[7153 more chars]",1574,0,0,0.0,0
python-hyper__h11.bed0dd4a.func_basic__yuitrakq,swe-smith,4,calibration,google/gemma-4-31b-it,openrouter,error_harness,"402: {""message"":""This request would exceed your available credits given your current in-flight requests. Retry after in-flight requests settle, or add credits."",""code"":402,""metadata"":{""reason"":""in_flight_budget_exhausted"",""limit_source"":""openrouter_in_flight_budget"",""remedy_hint"":""Retry after your in-flight requests settle (see the Retry-After header). Adding credits at https://openrouter.ai/settings/credits raises your in-flight budget, up to a capped ceiling."",""headers"":{""Retry-After"":""120""},""provider_name"":null}}","{""type"":""session"",""version"":3,""id"":""01a0b5fd-8595-7369-b775-e0a42d12d4a5"",""timestamp"":""2026-09-18T19:28:06.037Z"",""cwd"":""/private/var/folders/nw/6_9204g535s835kn__nfthxh0000gn/T/router-repo-context-n3iwxmtg""}
{""type"":""agent_start""}
{""type"":""turn_start""}
{""type"":""message_start"",""message"":{""role"":""user"",""content"":[{""type"":""text"",""text"":""ReceiveBuffer.__len__() returns incorrect length\n\n#### Description\n\nThe `ReceiveBuffer.__len__()` method is returning an incorrect length value, causing various operations to fail with `ValueError: __len__() should return >= 0`.\n\n#### Steps/Code to Reproduce\n\n```python\nfrom h11._receivebuffer import ReceiveBuffer\n\n# Create a receive buffer and add some data\nbuf = ReceiveBuffer()\nbuf += b\""hello\""\n\n# This should return 5, but returns 4\nprint(f\""Expected: 5, Got: {len(buf)}\"")\n\n# This causes issues when the buffer is empty\nempty_buf = ReceiveBuffer()\nprint(f\""Expected: 0, Got: {len(empty_buf)}\"")  # Returns -1, which is invalid\n```\n\nThe issue manifests when using h11 for HTTP parsing, where the receive buffer length is used internally for various operations. When the buffer reports an incorrect length, it can cause parsing failures and unexpected behavior throughout the HTTP connection handling.\n\nThe repository is checked out in your current working directory, at the state before this issue was fixed. Use your available tools to explore the codebase, understand the issue, and make the necessary changes directly using your edit/write tools — actually modify the files; do not just describe or show the fix in your response. Your final message does not need to include any code or diff — the changes you make to the files are the submission. Keep your change as small and targeted as possible — modify only what's strictly necessary to fix the described issue; do not update changelogs, CI configuration, documentation, test files, or unrelated code as part of this fix.""}],""timestamp"":1789759686085}}
{""type"":""message_end"","" ...[7084 more chars]",1680,0,0,0.0,0
python-openxml__python-docx.0cf6d71f.combine_file__jlince2w,swe-smith,3,calibration,google/gemma-4-31b-it,openrouter,error_harness,"402: {""message"":""This request would exceed your available credits given your current in-flight requests. Retry after in-flight requests settle, or add credits."",""code"":402,""metadata"":{""reason"":""in_flight_budget_exhausted"",""limit_source"":""openrouter_in_flight_budget"",""remedy_hint"":""Retry after your in-flight requests settle (see the Retry-After header). Adding credits at https://openrouter.ai/settings/credits raises your in-flight budget, up to a capped ceiling."",""headers"":{""Retry-After"":""120""},""provider_name"":null}}","{""type"":""session"",""version"":3,""id"":""01a0b5fd-8f8c-78e4-867a-5f1e30fa69c3"",""timestamp"":""2026-09-18T19:28:08.588Z"",""cwd"":""/private/var/folders/nw/6_9204g535s835kn__nfthxh0000gn/T/router-repo-context-bu1ycu58""}
{""type"":""agent_start""}
{""type"":""turn_start""}
{""type"":""message_start"",""message"":{""role"":""user"",""content"":[{""type"":""text"",""text"":""Content types XML generation produces corrupted output\n\n#### Description\n\nWhen generating Word documents, the content types XML stream appears to be corrupted, causing documents to be unreadable or malformed. The issue seems to affect the internal XML structure that defines how different parts of the document should be interpreted.\n\n#### Steps/Code to Reproduce\n\n```python\nfrom docx import Document\n\n# Create a simple document\ndoc = Document()\ndoc.add_paragraph(\""Hello World\"")\n\n# Save the document\ndoc.save(\""test_document.docx\"")\n\n# The resulting document may be corrupted or unreadable\n```\n\nWhen opening the generated document, you might encounter errors or the document may not display properly. The underlying issue appears to be in how the package writer handles content type mappings and XML generation.\n\n#### Expected Behavior\n\nThe document should save correctly and be readable in Word processors, with proper content type definitions in the internal XML structure.\n\n#### Actual Behavior\n\nThe generated document contains malformed content types XML, potentially causing the document to be unreadable or display incorrectly.\n\nThe repository is checked out in your current working directory, at the state before this issue was fixed. Use your available tools to explore the codebase, understand the issue, and make the necessary changes directly using your edit/write tools — actually modify the files; do not just describe or show the fix in your response. Your final message does not need to include any code or diff — the changes you make to the files are the submission. Keep your change as small and targeted as possib ...[7789 more chars]",2754,0,0,0.0,0
python-openxml__python-docx.0cf6d71f.func_basic__6h5z1ozn,swe-smith,3,calibration,google/gemma-4-31b-it,openrouter,error_harness,"402: {""message"":""This request would exceed your available credits given your current in-flight requests. Retry after in-flight requests settle, or add credits."",""code"":402,""metadata"":{""reason"":""in_flight_budget_exhausted"",""limit_source"":""openrouter_in_flight_budget"",""remedy_hint"":""Retry after your in-flight requests settle (see the Retry-After header). Adding credits at https://openrouter.ai/settings/credits raises your in-flight budget, up to a capped ceiling."",""headers"":{""Retry-After"":""120""},""provider_name"":null}}","{""type"":""session"",""version"":3,""id"":""01a0b5fd-989e-7651-a642-d57107903281"",""timestamp"":""2026-09-18T19:28:10.910Z"",""cwd"":""/private/var/folders/nw/6_9204g535s835kn__nfthxh0000gn/T/router-repo-context-sbyhhkwx""}
{""type"":""agent_start""}
{""type"":""turn_start""}
{""type"":""message_start"",""message"":{""role"":""user"",""content"":[{""type"":""text"",""text"":""StylesPart.default() creates incorrect partname and content_type\n\n#### Description\n\nWhen creating a default StylesPart using `StylesPart.default()`, the method generates an incorrect partname and content_type. The partname should be `/word/styles.xml` but it's being set to `/word/styles.doc`, and the content_type should be `CT.WML_STYLES` but it's being set to `CT.WML_FOOTNOTES`.\n\n#### Steps/Code to Reproduce\n\n```python\nfrom docx.opc.package import OpcPackage\nfrom docx.parts.styles import StylesPart\nfrom docx.opc.constants import CONTENT_TYPE as CT\n\npackage = OpcPackage()\nstyles_part = StylesPart.default(package)\n\nprint(f\""Expected partname: /word/styles.xml\"")\nprint(f\""Actual partname: {styles_part.partname}\"")\nprint(f\""Expected content_type: {CT.WML_STYLES}\"")\nprint(f\""Actual content_type: {styles_part.content_type}\"")\n```\n\nExpected output:\n```\nExpected partname: /word/styles.xml\nActual partname: /word/styles.xml\nExpected content_type: application/vnd.openxmlformats-officedocument.wordprocessingml.styles+xml\nActual content_type: application/vnd.openxmlformats-officedocument.wordprocessingml.styles+xml\n```\n\nActual output:\n```\nExpected partname: /word/styles.xml\nActual partname: /word/styles.doc\nExpected content_type: application/vnd.openxmlformats-officedocument.wordprocessingml.styles+xml\nActual content_type: application/vnd.openxmlformats-officedocument.wordprocessingml.footnotes+xml\n```\n\nThe repository is checked out in your current working directory, at the state before this issue was fixed. Use your available tools to explore the codebase, understand the issue, and make the necessary changes d ...[8644 more chars]",2418,0,0,0.0,0
python-openxml__python-docx.0cf6d71f.func_pm_ctrl_shuffle__f3sbuwz2,swe-smith,3,calibration,google/gemma-4-31b-it,openrouter,error_harness,"402: {""message"":""This request would exceed your available credits given your current in-flight requests. Retry after in-flight requests settle, or add credits."",""code"":402,""metadata"":{""reason"":""in_flight_budget_exhausted"",""limit_source"":""openrouter_in_flight_budget"",""remedy_hint"":""Retry after your in-flight requests settle (see the Retry-After header). Adding credits at https://openrouter.ai/settings/credits raises your in-flight budget, up to a capped ceiling."",""headers"":{""Retry-After"":""120""},""provider_name"":null}}","{""type"":""session"",""version"":3,""id"":""01a0b5fd-a31d-76a9-afe3-8c6009a59925"",""timestamp"":""2026-09-18T19:28:13.597Z"",""cwd"":""/private/var/folders/nw/6_9204g535s835kn__nfthxh0000gn/T/router-repo-context-qfq2x6xu""}
{""type"":""agent_start""}
{""type"":""turn_start""}
{""type"":""message_start"",""message"":{""role"":""user"",""content"":[{""type"":""text"",""text"":""Namespaced XML attributes not handled correctly in xmlchemy\n\n#### Description\n\nWhen working with XML attributes that contain namespace prefixes (e.g., `w:val`, `xml:space`), the attribute name resolution is not working as expected. The `_clark_name` property always returns the raw attribute name instead of properly handling namespaced attributes.\n\n#### Steps/Code to Reproduce\n\n```python\nfrom docx.oxml.xmlchemy import BaseAttribute\n\n# Create an attribute with namespace prefix\nattr = BaseAttribute()\nattr._attr_name = \""w:val\""\n\n# This should return the Clark notation for the namespaced attribute\n# but instead returns the raw attribute name\nclark_name = attr._clark_name\nprint(f\""Expected: Clark notation with namespace\"")\nprint(f\""Actual: {clark_name}\"")\n```\n\nThe issue affects any XML attribute that uses namespace prefixes, which are common in Office Open XML documents. This can cause problems when trying to access or manipulate attributes like `w:val`, `w:type`, etc.\n\nThe repository is checked out in your current working directory, at the state before this issue was fixed. Use your available tools to explore the codebase, understand the issue, and make the necessary changes directly using your edit/write tools — actually modify the files; do not just describe or show the fix in your response. Your final message does not need to include any code or diff — the changes you make to the files are the submission. Keep your change as small and targeted as possible — modify only what's strictly necessary to fix the described issue; do not update changelogs, CI configuration, documentation, test files, or unrelated code as p ...[7297 more chars]",2459,0,0,0.0,0
python-openxml__python-docx.0cf6d71f.func_basic__pmiovt10,swe-smith,3,calibration,google/gemma-4-31b-it,openrouter,error_harness,"402: {""message"":""This request would exceed your available credits given your current in-flight requests. Retry after in-flight requests settle, or add credits."",""code"":402,""metadata"":{""reason"":""in_flight_budget_exhausted"",""limit_source"":""openrouter_in_flight_budget"",""remedy_hint"":""Retry after your in-flight requests settle (see the Retry-After header). Adding credits at https://openrouter.ai/settings/credits raises your in-flight budget, up to a capped ceiling."",""headers"":{""Retry-After"":""120""},""provider_name"":null}}","{""type"":""session"",""version"":3,""id"":""01a0b5fd-abae-713c-a583-33dd5d4f40fd"",""timestamp"":""2026-09-18T19:28:15.790Z"",""cwd"":""/private/var/folders/nw/6_9204g535s835kn__nfthxh0000gn/T/router-repo-context-ysj_lmft""}
{""type"":""agent_start""}
{""type"":""turn_start""}
{""type"":""message_start"",""message"":{""role"":""user"",""content"":[{""type"":""text"",""text"":""Font imprint property returns inverted value\n\n#### Description\n\nThe `imprint` property on Font objects is returning the opposite of what it should. When the underlying XML has `w:imprint{w:val=false}`, the property returns `True` instead of `False`.\n\n#### Steps/Code to Reproduce\n\n```python\nfrom docx import Document\nfrom docx.text.font import Font\n\n# Create a document and add some text\ndoc = Document()\nparagraph = doc.add_paragraph(\""Test text\"")\nrun = paragraph.runs[0]\n\n# Set imprint to False\nrun.font.imprint = False\n\n# Check the value - this should return False but returns True\nprint(f\""Expected: False, Got: {run.font.imprint}\"")\n\n# Similarly, setting to True returns False\nrun.font.imprint = True\nprint(f\""Expected: True, Got: {run.font.imprint}\"")\n```\n\nThe imprint property should return `False` when the XML contains `w:imprint{w:val=false}` but it currently returns `True`.\n\nThe repository is checked out in your current working directory, at the state before this issue was fixed. Use your available tools to explore the codebase, understand the issue, and make the necessary changes directly using your edit/write tools — actually modify the files; do not just describe or show the fix in your response. Your final message does not need to include any code or diff — the changes you make to the files are the submission. Keep your change as small and targeted as possible — modify only what's strictly necessary to fix the described issue; do not update changelogs, CI configuration, documentation, test files, or unrelated code as part of this fix.""}],""timestamp"":1789759695839}}
{""type"":""message_end"",""message"":{""role ...[7039 more chars]",2184,0,0,0.0,0
python-openxml__python-docx.0cf6d71f.func_basic__jxdhmbcs,swe-smith,3,calibration,google/gemma-4-31b-it,openrouter,error_harness,"402: {""message"":""This request would exceed your available credits given your current in-flight requests. Retry after in-flight requests settle, or add credits."",""code"":402,""metadata"":{""reason"":""in_flight_budget_exhausted"",""limit_source"":""openrouter_in_flight_budget"",""remedy_hint"":""Retry after your in-flight requests settle (see the Retry-After header). Adding credits at https://openrouter.ai/settings/credits raises your in-flight budget, up to a capped ceiling."",""headers"":{""Retry-After"":""120""},""provider_name"":null}}","{""type"":""session"",""version"":3,""id"":""01a0b5fd-b432-7452-b009-0e2e20c3abc7"",""timestamp"":""2026-09-18T19:28:17.970Z"",""cwd"":""/private/var/folders/nw/6_9204g535s835kn__nfthxh0000gn/T/router-repo-context-_x6mm68y""}
{""type"":""agent_start""}
{""type"":""turn_start""}
{""type"":""message_start"",""message"":{""role"":""user"",""content"":[{""type"":""text"",""text"":""Paragraph text setter reverses text content\n\n#### Description\n\nWhen setting text on a paragraph using the `.text` property, the text content gets reversed unexpectedly.\n\n#### Steps/Code to Reproduce\n\n```python\nfrom docx import Document\n\n# Create a new document and add a paragraph\ndoc = Document()\nparagraph = doc.add_paragraph()\n\n# Set some text\nparagraph.text = \""Hello World\""\n\n# Check the text - it should be \""Hello World\"" but it's reversed\nprint(f\""Expected: Hello World\"")\nprint(f\""Actual: {paragraph.text}\"")\n```\n\nThe output shows the text is reversed:\n```\nExpected: Hello World\nActual: dlroW olleH\n```\n\nThis happens with any text content assigned to the paragraph's text property. The text gets stored in reverse order instead of the original order.\n\nThe repository is checked out in your current working directory, at the state before this issue was fixed. Use your available tools to explore the codebase, understand the issue, and make the necessary changes directly using your edit/write tools — actually modify the files; do not just describe or show the fix in your response. Your final message does not need to include any code or diff — the changes you make to the files are the submission. Keep your change as small and targeted as possible — modify only what's strictly necessary to fix the described issue; do not update changelogs, CI configuration, documentation, test files, or unrelated code as part of this fix.""}],""timestamp"":1789759698021}}
{""type"":""message_end"",""message"":{""role"":""user"",""content"":[{""type"":""text"",""text"":""Paragraph text setter reverses text content\n\n#### Description\n\nWhen setting tex ...[6661 more chars]",2467,0,0,0.0,0
python-trio__trio.cfbbe2c1.combine_file__hog985q7,swe-smith,16,calibration,google/gemma-4-31b-it,openrouter,error_harness,"402: {""message"":""This request would exceed your available credits given your current in-flight requests. Retry after in-flight requests settle, or add credits."",""code"":402,""metadata"":{""reason"":""in_flight_budget_exhausted"",""limit_source"":""openrouter_in_flight_budget"",""remedy_hint"":""Retry after your in-flight requests settle (see the Retry-After header). Adding credits at https://openrouter.ai/settings/credits raises your in-flight budget, up to a capped ceiling."",""headers"":{""Retry-After"":""120""},""provider_name"":null}}","{""type"":""session"",""version"":3,""id"":""01a0b5fd-bc05-77e6-8543-cbf39ac2638e"",""timestamp"":""2026-09-18T19:28:19.973Z"",""cwd"":""/private/var/folders/nw/6_9204g535s835kn__nfthxh0000gn/T/router-repo-context-fo85jxxn""}
{""type"":""agent_start""}
{""type"":""turn_start""}
{""type"":""message_start"",""message"":{""role"":""user"",""content"":[{""type"":""text"",""text"":""mypy_annotate tool produces incorrect output with swapped line/column values\n\n#### Description\n\nThe mypy annotation tool is producing incorrect GitHub Actions annotations with swapped line and column values. When processing mypy output, the start/end line and column positions are being assigned to the wrong fields, causing annotations to appear in incorrect locations.\n\n#### Steps/Code to Reproduce\n\n```python\nfrom trio._tools.mypy_annotate import process_line\n\n# Test with a typical mypy error line\nline = \""package/filename.py:42:1:46:3: error: Type error here [code]\\n\""\nresult = process_line(line)\n\nprint(f\""Expected: start_line=42, start_col=1, end_line=46, end_col=3\"")\nprint(f\""Actual: start_line={result.start_line}, start_col={result.start_col}, end_line={result.end_line}, end_col={result.end_col}\"")\n```\n\nThe output shows that line and column values are swapped - start_col gets the end_col value, end_line gets the start_line value, etc. This causes GitHub Actions annotations to point to completely wrong locations in the code.\n\nAdditionally, when no regex match is found, the tool now returns a default Result object instead of None, and message text gets reversed for some reason.\n\nThe repository is checked out in your current working directory, at the state before this issue was fixed. Use your available tools to explore the codebase, understand the issue, and make the necessary changes directly using your edit/write tools — actually modify the files; do not just describe or show the fix in your response. Your final message does not need to include any code or diff — the changes you make to the files are the submi ...[7954 more chars]",1849,0,0,0.0,0
python-trio__trio.cfbbe2c1.combine_file__b385y9fk,swe-smith,18,calibration,google/gemma-4-31b-it,openrouter,error_harness,"402: {""message"":""This request would exceed your available credits given your current in-flight requests. Retry after in-flight requests settle, or add credits."",""code"":402,""metadata"":{""reason"":""in_flight_budget_exhausted"",""limit_source"":""openrouter_in_flight_budget"",""remedy_hint"":""Retry after your in-flight requests settle (see the Retry-After header). Adding credits at https://openrouter.ai/settings/credits raises your in-flight budget, up to a capped ceiling."",""headers"":{""Retry-After"":""120""},""provider_name"":null}}","{""type"":""session"",""version"":3,""id"":""01a0b5fd-c338-7293-80f1-51d61ee61353"",""timestamp"":""2026-09-18T19:28:21.816Z"",""cwd"":""/private/var/folders/nw/6_9204g535s835kn__nfthxh0000gn/T/router-repo-context-i2ksqnxc""}
{""type"":""agent_start""}
{""type"":""turn_start""}
{""type"":""message_start"",""message"":{""role"":""user"",""content"":[{""type"":""text"",""text"":""CapacityLimiter total_tokens property returns unexpected float value\n\n#### Description\n\nThe `total_tokens` property of `CapacityLimiter` is returning a float value instead of the expected integer or `math.inf`. This breaks existing code that expects the property to return the same type that was set.\n\n#### Steps/Code to Reproduce\n\n```python\nimport trio\n\n# Create a CapacityLimiter with integer tokens\nlimiter = trio.CapacityLimiter(5)\n\n# Check the total_tokens property\nprint(f\""Expected: 5 (int)\"")\nprint(f\""Actual: {limiter.total_tokens} ({type(limiter.total_tokens).__name__})\"")\n\n# This should be 5, but returns 5.0\nassert limiter.total_tokens == 5  # This might still pass due to equality\nassert isinstance(limiter.total_tokens, int)  # This will fail\n```\n\nAlso, the `Condition.locked()` method appears to be returning inverted boolean values - it returns `True` when the lock is not held and `False` when it is held, which is the opposite of expected behavior.\n\n```python\nimport trio\n\nasync def test_condition_locked():\n    condition = trio.Condition()\n    \n    # Initially unlocked, should return False\n    print(f\""Initially locked: {condition.locked()}\"")  # Expected: False, Actual: True\n    \n    async with condition:\n        # Now locked, should return True  \n        print(f\""While locked: {condition.locked()}\"")  # Expected: True, Actual: False\n```\n\nThe repository is checked out in your current working directory, at the state before this issue was fixed. Use your available tools to explore the codebase, understand the issue, and make the necessary changes directly using your edit/write tools — actually m ...[8500 more chars]",1851,0,0,0.0,0
python-trio__trio.cfbbe2c1.combine_file__hzs0kcph,swe-smith,18,calibration,google/gemma-4-31b-it,openrouter,error_harness,"402: {""message"":""This request would exceed your available credits given your current in-flight requests. Retry after in-flight requests settle, or add credits."",""code"":402,""metadata"":{""reason"":""in_flight_budget_exhausted"",""limit_source"":""openrouter_in_flight_budget"",""remedy_hint"":""Retry after your in-flight requests settle (see the Retry-After header). Adding credits at https://openrouter.ai/settings/credits raises your in-flight budget, up to a capped ceiling."",""headers"":{""Retry-After"":""120""},""provider_name"":null}}","{""type"":""session"",""version"":3,""id"":""01a0b5fd-ca78-7c84-956f-9a2b84ecf67a"",""timestamp"":""2026-09-18T19:28:23.672Z"",""cwd"":""/private/var/folders/nw/6_9204g535s835kn__nfthxh0000gn/T/router-repo-context-ez_s2yah""}
{""type"":""agent_start""}
{""type"":""turn_start""}
{""type"":""message_start"",""message"":{""role"":""user"",""content"":[{""type"":""text"",""text"":""Process.poll() returns incorrect exit codes for successful processes\n\n#### Description\n\nWhen calling `poll()` on a subprocess that has exited successfully (exit code > 0), the method returns a negative value instead of the correct positive exit code.\n\n#### Steps/Code to Reproduce\n\n```python\nimport trio\nimport sys\n\nasync def main():\n    # Start a process that exits with code 1\n    proc = await trio.open_process([sys.executable, \""-c\"", \""import sys; sys.exit(1)\""])\n    \n    # Wait for it to finish\n    await proc.wait()\n    \n    # Check the exit code\n    exit_code = proc.poll()\n    print(f\""Expected: 1, Got: {exit_code}\"")\n\ntrio.run(main)\n```\n\nThe above code should print `Expected: 1, Got: 1` but instead prints `Expected: 1, Got: -1`.\n\nThis also affects `run_process` when `check=True` is used, causing it to incorrectly interpret successful non-zero exits as negative values.\n\n#### Additional Context\n\nThis seems to affect any subprocess that exits with a positive return code. The issue appears to be in the `poll()` method implementation where positive exit codes are being inverted to negative values.\n\nThe repository is checked out in your current working directory, at the state before this issue was fixed. Use your available tools to explore the codebase, understand the issue, and make the necessary changes directly using your edit/write tools — actually modify the files; do not just describe or show the fix in your response. Your final message does not need to include any code or diff — the changes you make to the files are the submission. Keep your change as small and targeted as possible — modify only wh ...[7732 more chars]",1827,0,0,0.0,0
python-trio__trio.cfbbe2c1.func_basic__fsobg1u0,swe-smith,18,calibration,google/gemma-4-31b-it,openrouter,error_harness,"402: {""message"":""This request would exceed your available credits given your current in-flight requests. Retry after in-flight requests settle, or add credits."",""code"":402,""metadata"":{""reason"":""in_flight_budget_exhausted"",""limit_source"":""openrouter_in_flight_budget"",""remedy_hint"":""Retry after your in-flight requests settle (see the Retry-After header). Adding credits at https://openrouter.ai/settings/credits raises your in-flight budget, up to a capped ceiling."",""headers"":{""Retry-After"":""120""},""provider_name"":null}}","{""type"":""session"",""version"":3,""id"":""01a0b5fd-d186-7961-a651-526ac7b0453b"",""timestamp"":""2026-09-18T19:28:25.478Z"",""cwd"":""/private/var/folders/nw/6_9204g535s835kn__nfthxh0000gn/T/router-repo-context-8fs216nn""}
{""type"":""agent_start""}
{""type"":""turn_start""}
{""type"":""message_start"",""message"":{""role"":""user"",""content"":[{""type"":""text"",""text"":""Condition.notify() wakes one extra task\n\n#### Description\n\nWhen using `Condition.notify(n)`, the method wakes `n+1` tasks instead of the expected `n` tasks. This causes unexpected behavior where more tasks are awakened than requested.\n\n#### Steps/Code to Reproduce\n\n```python\nimport trio\n\nasync def waiter(condition, name):\n    async with condition:\n        print(f\""{name} waiting\"")\n        await condition.wait()\n        print(f\""{name} woken up\"")\n\nasync def main():\n    condition = trio.Condition(trio.Lock())\n    \n    # Start 5 waiting tasks\n    async with trio.open_nursery() as nursery:\n        for i in range(5):\n            nursery.start_soon(waiter, condition, f\""Task-{i}\"")\n        \n        # Give tasks time to start waiting\n        await trio.sleep(0.1)\n        \n        # Notify only 2 tasks - but 3 will wake up\n        async with condition:\n            condition.notify(2)\n        \n        await trio.sleep(0.1)\n\nif __name__ == \""__main__\"":\n    trio.run(main)\n```\n\nExpected: Only 2 tasks should wake up\nActual: 3 tasks wake up\n\nThe issue affects any code that relies on precise control over how many tasks are notified by a condition variable.\n\nThe repository is checked out in your current working directory, at the state before this issue was fixed. Use your available tools to explore the codebase, understand the issue, and make the necessary changes directly using your edit/write tools — actually modify the files; do not just describe or show the fix in your response. Your final message does not need to include any code or diff — the changes you make to the files are the submission. Keep your ...[7906 more chars]",1876,0,0,0.0,0
python-trio__trio.cfbbe2c1.func_pm_ctrl_shuffle__s290y7ki,swe-smith,18,calibration,google/gemma-4-31b-it,openrouter,error_harness,"402: {""message"":""This request would exceed your available credits given your current in-flight requests. Retry after in-flight requests settle, or add credits."",""code"":402,""metadata"":{""reason"":""in_flight_budget_exhausted"",""limit_source"":""openrouter_in_flight_budget"",""remedy_hint"":""Retry after your in-flight requests settle (see the Retry-After header). Adding credits at https://openrouter.ai/settings/credits raises your in-flight budget, up to a capped ceiling."",""headers"":{""Retry-After"":""120""},""provider_name"":null}}","{""type"":""session"",""version"":3,""id"":""01a0b5fd-d8f1-7453-a8e8-bce371a6da3a"",""timestamp"":""2026-09-18T19:28:27.377Z"",""cwd"":""/private/var/folders/nw/6_9204g535s835kn__nfthxh0000gn/T/router-repo-context-0pdl8r3k""}
{""type"":""agent_start""}
{""type"":""turn_start""}
{""type"":""message_start"",""message"":{""role"":""user"",""content"":[{""type"":""text"",""text"":""CancelStatus.recalculate() method broken due to undefined variable\n\n#### Description\n\nThe `CancelStatus.recalculate()` method in `trio/_core/_run.py` is broken and causes a `NameError` when called. The method references an undefined variable `todo` in its while loop.\n\n#### Steps/Code to Reproduce\n\n```python\nimport trio\n\nasync def main():\n    # Any code that triggers cancel status recalculation\n    with trio.CancelledError():\n        await trio.sleep(0)\n\ntrio.run(main)\n```\n\nThis will result in:\n```\nNameError: name 'todo' is not defined\n```\n\nThe issue occurs because the `todo` variable is referenced in the while loop before it's defined. The variable initialization was moved after the while loop that uses it.\n\nThe repository is checked out in your current working directory, at the state before this issue was fixed. Use your available tools to explore the codebase, understand the issue, and make the necessary changes directly using your edit/write tools — actually modify the files; do not just describe or show the fix in your response. Your final message does not need to include any code or diff — the changes you make to the files are the submission. Keep your change as small and targeted as possible — modify only what's strictly necessary to fix the described issue; do not update changelogs, CI configuration, documentation, test files, or unrelated code as part of this fix.""}],""timestamp"":1789759707428}}
{""type"":""message_end"",""message"":{""role"":""user"",""content"":[{""type"":""text"",""text"":""CancelStatus.recalculate() method broken due to undefined variable\n\n#### Description\n\nThe `CancelStatus.recalculate()` method i ...[6517 more chars]",1940,0,0,0.0,0
pyupio__safety.7654596b.func_pm_remove_cond__rkw8df0h,swe-smith,5,calibration,google/gemma-4-31b-it,openrouter,error_harness,"402: {""message"":""This request would exceed your available credits given your current in-flight requests. Retry after in-flight requests settle, or add credits."",""code"":402,""metadata"":{""reason"":""in_flight_budget_exhausted"",""limit_source"":""openrouter_in_flight_budget"",""remedy_hint"":""Retry after your in-flight requests settle (see the Retry-After header). Adding credits at https://openrouter.ai/settings/credits raises your in-flight budget, up to a capped ceiling."",""headers"":{""Retry-After"":""120""},""provider_name"":null}}","{""type"":""session"",""version"":3,""id"":""01a0b5fd-e089-782c-9dc2-66365d227f69"",""timestamp"":""2026-09-18T19:28:29.321Z"",""cwd"":""/private/var/folders/nw/6_9204g535s835kn__nfthxh0000gn/T/router-repo-context-p850hu2t""}
{""type"":""agent_start""}
{""type"":""turn_start""}
{""type"":""message_start"",""message"":{""role"":""user"",""content"":[{""type"":""text"",""text"":""# Pluralization function broken for words ending in 'y'\n\n## Bug report\n\n**Bug summary**\n\nThe `pluralize` function in `safety/util.py` is not correctly handling words that end with 'y'. This affects output messages throughout the application, particularly in summary reports where counts of dependencies, vulnerabilities, etc. are displayed.\n\n**Code for reproduction**\n\n```python\nfrom safety.util import pluralize\n\n# These should pluralize correctly\nprint(pluralize(\""dependency\"", 2))  # Should be \""dependencies\""\nprint(pluralize(\""vulnerability\"", 5))  # Should be \""vulnerabilities\""\n\n# But they don't work correctly anymore\n```\n\n**Actual outcome**\n\nWords ending in 'y' are not properly pluralized. For example:\n- \""dependency\"" becomes \""dependencys\"" instead of \""dependencies\""\n- \""vulnerability\"" becomes \""vulnerabilitys\"" instead of \""vulnerabilities\""\n\nThis affects various parts of the application where pluralized words are used in output messages, particularly in summary reports.\n\n**Expected outcome**\n\nWords ending in 'y' should be properly pluralized according to English grammar rules:\n- If the 'y' is preceded by a consonant, it should be replaced with 'ies' (e.g., \""dependency\"" → \""dependencies\"")\n- If the 'y' is preceded by a vowel, it should just add 's' (e.g., \""day\"" → \""days\"")\n\n**Environment**\n- Python version: 3.10\n- Safety version: latest\n\n**Additional context**\n\nThis issue affects the readability of output messages in the application, particularly in summary reports where counts of dependencies, vulnerabilities, etc. are displayed. The incorrect pluralization makes the output look unpro ...[9391 more chars]",1836,0,0,0.0,0
pyupio__safety.7654596b.func_pm_remove_wrapper__ny596eby,swe-smith,21,calibration,google/gemma-4-31b-it,openrouter,error_harness,"402: {""message"":""This request would exceed your available credits given your current in-flight requests. Retry after in-flight requests settle, or add credits."",""code"":402,""metadata"":{""reason"":""in_flight_budget_exhausted"",""limit_source"":""openrouter_in_flight_budget"",""remedy_hint"":""Retry after your in-flight requests settle (see the Retry-After header). Adding credits at https://openrouter.ai/settings/credits raises your in-flight budget, up to a capped ceiling."",""headers"":{""Retry-After"":""120""},""provider_name"":null}}","{""type"":""session"",""version"":3,""id"":""01a0b5fd-e7d0-768b-bc1e-ca46792ee1c1"",""timestamp"":""2026-09-18T19:28:31.184Z"",""cwd"":""/private/var/folders/nw/6_9204g535s835kn__nfthxh0000gn/T/router-repo-context-qqx_a2u1""}
{""type"":""agent_start""}
{""type"":""turn_start""}
{""type"":""message_start"",""message"":{""role"":""user"",""content"":[{""type"":""text"",""text"":""Report processing status message not displayed during scan\n\n#### Description\n\nWhen running a scan with the debug flag, the status message \""Processing report\"" is no longer displayed. The status spinner that shows processing progress has been removed, causing the scan to appear to hang without any visual feedback to the user.\n\n#### Steps/Code to Reproduce\n\n```python\nfrom safety.cli import cli\nfrom click.testing import CliRunner\n\nrunner = CliRunner()\nresult = runner.invoke(cli, ['--debug', 'scan'])\nprint(result.output)\n```\n\nThe output should contain processing status information but the \""Processing report\"" message and spinner are missing from the scan output.\n\n#### Expected Behavior\n\nThe scan should display a status message with spinner indicating \""Processing report\"" while the report is being processed, providing visual feedback to users that the operation is in progress.\n\n#### Actual Behavior\n\nNo status message or spinner is shown during report processing, making it appear as if the scan has stalled or frozen.\n\nThe repository is checked out in your current working directory, at the state before this issue was fixed. Use your available tools to explore the codebase, understand the issue, and make the necessary changes directly using your edit/write tools — actually modify the files; do not just describe or show the fix in your response. Your final message does not need to include any code or diff — the changes you make to the files are the submission. Keep your change as small and targeted as possible — modify only what's strictly necessary to fix the described issue; do not update changelogs, CI configurat ...[7459 more chars]",1777,0,0,0.0,0
pyupio__safety.7654596b.func_pm_ctrl_shuffle__tri1vjka,swe-smith,22,calibration,google/gemma-4-31b-it,openrouter,error_harness,"402: {""message"":""This request would exceed your available credits given your current in-flight requests. Retry after in-flight requests settle, or add credits."",""code"":402,""metadata"":{""reason"":""in_flight_budget_exhausted"",""limit_source"":""openrouter_in_flight_budget"",""remedy_hint"":""Retry after your in-flight requests settle (see the Retry-After header). Adding credits at https://openrouter.ai/settings/credits raises your in-flight budget, up to a capped ceiling."",""headers"":{""Retry-After"":""120""},""provider_name"":null}}","{""type"":""session"",""version"":3,""id"":""01a0b5fd-ee84-764c-a459-c1190d67cd51"",""timestamp"":""2026-09-18T19:28:32.900Z"",""cwd"":""/private/var/folders/nw/6_9204g535s835kn__nfthxh0000gn/T/router-repo-context-azhk6i_4""}
{""type"":""agent_start""}
{""type"":""turn_start""}
{""type"":""message_start"",""message"":{""role"":""user"",""content"":[{""type"":""text"",""text"":""License lookup always returns None instead of actual license name\n\n#### Description\n\nWhen trying to get license information for packages, the `get_license_name_by_id` function always returns `None` instead of the actual license name, even when the license ID exists in the database.\n\n#### Steps/Code to Reproduce\n\n```python\nfrom safety.util import get_license_name_by_id\n\n# Sample database structure with licenses\ndb = {\n    'licenses': {\n        'MIT': 1,\n        'BSD-3-Clause': 2,\n        'Apache-2.0': 3\n    }\n}\n\n# Try to get license name by ID\nlicense_name = get_license_name_by_id(2, db)\nprint(f\""Expected: BSD-3-Clause, Got: {license_name}\"")\n```\n\nThis should return `'BSD-3-Clause'` but instead returns `None`.\n\nThe issue affects license reporting functionality where packages that should show their actual license names (like Django with BSD-3-Clause) are showing up as having no license information.\n\nThe repository is checked out in your current working directory, at the state before this issue was fixed. Use your available tools to explore the codebase, understand the issue, and make the necessary changes directly using your edit/write tools — actually modify the files; do not just describe or show the fix in your response. Your final message does not need to include any code or diff — the changes you make to the files are the submission. Keep your change as small and targeted as possible — modify only what's strictly necessary to fix the described issue; do not update changelogs, CI configuration, documentation, test files, or unrelated code as part of this fix.""}],""timestamp"":1789759712951}}
{""type"":""message ...[7105 more chars]",1648,0,0,0.0,0
pyutils__line_profiler.a646bf0f.func_basic__l1dooa9d,swe-smith,1,calibration,google/gemma-4-31b-it,openrouter,error_harness,"402: {""message"":""This request would exceed your available credits given your current in-flight requests. Retry after in-flight requests settle, or add credits."",""code"":402,""metadata"":{""reason"":""in_flight_budget_exhausted"",""limit_source"":""openrouter_in_flight_budget"",""remedy_hint"":""Retry after your in-flight requests settle (see the Retry-After header). Adding credits at https://openrouter.ai/settings/credits raises your in-flight budget, up to a capped ceiling."",""headers"":{""Retry-After"":""120""},""provider_name"":null}}","{""type"":""session"",""version"":3,""id"":""01a0b5fd-f4f9-7124-880e-b6b72d5f888a"",""timestamp"":""2026-09-18T19:28:34.553Z"",""cwd"":""/private/var/folders/nw/6_9204g535s835kn__nfthxh0000gn/T/router-repo-context-k9mqe7fu""}
{""type"":""agent_start""}
{""type"":""turn_start""}
{""type"":""message_start"",""message"":{""role"":""user"",""content"":[{""type"":""text"",""text"":""AST parsing fails when script_file is empty string or None\n\n#### Description\n\nWhen using the autoprofile functionality, if an empty string or None is passed as the script_file parameter, the AST tree profiler crashes with a TypeError when trying to parse the script content.\n\n#### Steps/Code to Reproduce\n\n```python\nfrom line_profiler.autoprofile.ast_tree_profiler import AstTreeProfiler\n\nprofiler = AstTreeProfiler()\n\n# This will crash\ntree = profiler._get_ast_tree(\""\"")\n```\n\nThe error occurs because the code tries to read from an empty filename and then passes a list of lines to `ast.parse()` instead of a string, which expects string input when using `mode='exec'`.\n\n#### Expected Behavior\n\nThe function should handle empty or None script_file parameters gracefully, either by returning None or raising a more descriptive error message.\n\n#### Actual Behavior\n\nThe code crashes with a TypeError during AST parsing because it's passing a list of strings instead of a single string to `ast.parse()`.\n\nThe repository is checked out in your current working directory, at the state before this issue was fixed. Use your available tools to explore the codebase, understand the issue, and make the necessary changes directly using your edit/write tools — actually modify the files; do not just describe or show the fix in your response. Your final message does not need to include any code or diff — the changes you make to the files are the submission. Keep your change as small and targeted as possible — modify only what's strictly necessary to fix the described issue; do not update changelogs, CI configuration, documentation, test fi ...[7378 more chars]",1681,0,0,0.0,0
pyutils__line_profiler.a646bf0f.lm_rewrite__tey5jgmv,swe-smith,7,calibration,google/gemma-4-31b-it,openrouter,error_harness,"402: {""message"":""This request would exceed your available credits given your current in-flight requests. Retry after in-flight requests settle, or add credits."",""code"":402,""metadata"":{""reason"":""in_flight_budget_exhausted"",""limit_source"":""openrouter_in_flight_budget"",""remedy_hint"":""Retry after your in-flight requests settle (see the Retry-After header). Adding credits at https://openrouter.ai/settings/credits raises your in-flight budget, up to a capped ceiling."",""headers"":{""Retry-After"":""120""},""provider_name"":null}}","{""type"":""session"",""version"":3,""id"":""01a0b5fd-fb7a-7142-ac27-0db870b5ee4d"",""timestamp"":""2026-09-18T19:28:36.218Z"",""cwd"":""/private/var/folders/nw/6_9204g535s835kn__nfthxh0000gn/T/router-repo-context-z7fann5h""}
{""type"":""agent_start""}
{""type"":""turn_start""}
{""type"":""message_start"",""message"":{""role"":""user"",""content"":[{""type"":""text"",""text"":""### Issue: Unexpected Behavior in `show_text` Function\n\n#### Description\n\nAfter the recent changes to the `show_text` function in `line_profiler.py`, there seems to be an issue with how the function handles the `summarize` and `sort` options. The function is not displaying the expected output when these options are used together, leading to incorrect profiling summaries.\n\n#### Steps to Reproduce\n\n1. Use the `line_profiler` to profile a Python script with multiple functions.\n2. Call the `show_text` function with `summarize=True` and `sort=True`.\n3. Observe the output.\n\n#### Expected Behavior\n\nThe output should display a sorted summary of the total time spent in each function, with the correct percentage of total execution time.\n\n#### Actual Behavior\n\nThe output does not correctly sort the functions by execution time, and the percentage calculations appear to be incorrect. This results in misleading profiling information.\n\n#### Additional Information\n\n- The issue is observed when both `summarize` and `sort` options are enabled.\n- The problem might be related to the recent changes in the calculation and sorting logic within the `show_text` function.\n\nThis issue affects the usability of the profiler for performance analysis, as the summary information is crucial for identifying bottlenecks in the code.\n\nThe repository is checked out in your current working directory, at the state before this issue was fixed. Use your available tools to explore the codebase, understand the issue, and make the necessary changes directly using your edit/write tools — actually modify the files; do not just describe or show the fix in  ...[8329 more chars]",1713,0,0,0.0,0
rsalmei__alive-progress.35853799.func_basic__ewcwr9lf,swe-smith,12,calibration,google/gemma-4-31b-it,openrouter,error_harness,"402: {""message"":""This request would exceed your available credits given your current in-flight requests. Retry after in-flight requests settle, or add credits."",""code"":402,""metadata"":{""reason"":""in_flight_budget_exhausted"",""limit_source"":""openrouter_in_flight_budget"",""remedy_hint"":""Retry after your in-flight requests settle (see the Retry-After header). Adding credits at https://openrouter.ai/settings/credits raises your in-flight budget, up to a capped ceiling."",""headers"":{""Retry-After"":""120""},""provider_name"":null}}","{""type"":""session"",""version"":3,""id"":""01a0b5fe-0418-7961-872e-55aa13a149c0"",""timestamp"":""2026-09-18T19:28:38.424Z"",""cwd"":""/private/var/folders/nw/6_9204g535s835kn__nfthxh0000gn/T/router-repo-context-58r_c2y1""}
{""type"":""agent_start""}
{""type"":""turn_start""}
{""type"":""message_start"",""message"":{""role"":""user"",""content"":[{""type"":""text"",""text"":""# Time display formatting issue with hours in alive_progress\n\nI've noticed a bug in the time display formatting when dealing with times that exceed one hour. The time display is not correctly formatting hours, minutes, and seconds.\n\n## Reproduction\n\nHere's a simple script to reproduce the issue:\n\n```python\nfrom alive_progress.utils.timing import time_display\nfrom alive_progress.styles.display import TimeDisplay\n\n# Create a TimeDisplay configuration\nconf = TimeDisplay(prefix='', sec_prec=0, min_prec=0, hour_prec=0, clear_sec_on_hour=True, round_sec_on_min=True)\n\n# Test with a time value of 4000 seconds (1 hour, 6 minutes, 40 seconds)\nresult = time_display(4000, conf)\nprint(f\""Expected: 1:06:40\"")\nprint(f\""Actual: {result}\"")\n```\n\n## Expected behavior\n\nWhen formatting a time of 4000 seconds (which is 1 hour, 6 minutes, and 40 seconds), the output should be:\n```\n1:06:40\n```\n\n## Actual behavior\n\nThe output is incorrect. The seconds are not being properly handled when displaying times over an hour.\n\nThis issue appears to be related to the logic for handling seconds when displaying hours and minutes. The rounding behavior for seconds also seems to be affected.\n\nThe repository is checked out in your current working directory, at the state before this issue was fixed. Use your available tools to explore the codebase, understand the issue, and make the necessary changes directly using your edit/write tools — actually modify the files; do not just describe or show the fix in your response. Your final message does not need to include any code or diff — the changes you make to the files are the submission. Keep you ...[7909 more chars]",2178,0,0,0.0,0
rubik__radon.54b88e58.func_pm_ctrl_shuffle__iwjn9q9y,swe-smith,7,calibration,google/gemma-4-31b-it,openrouter,error_harness,"402: {""message"":""This request would exceed your available credits given your current in-flight requests. Retry after in-flight requests settle, or add credits."",""code"":402,""metadata"":{""reason"":""in_flight_budget_exhausted"",""limit_source"":""openrouter_in_flight_budget"",""remedy_hint"":""Retry after your in-flight requests settle (see the Retry-After header). Adding credits at https://openrouter.ai/settings/credits raises your in-flight budget, up to a capped ceiling."",""headers"":{""Retry-After"":""120""},""provider_name"":null}}","{""type"":""session"",""version"":3,""id"":""01a0b5fe-0d3e-7c85-bd3c-f118f4664f35"",""timestamp"":""2026-09-18T19:28:40.766Z"",""cwd"":""/private/var/folders/nw/6_9204g535s835kn__nfthxh0000gn/T/router-repo-context-78qqcf9y""}
{""type"":""agent_start""}
{""type"":""turn_start""}
{""type"":""message_start"",""message"":{""role"":""user"",""content"":[{""type"":""text"",""text"":""cc_to_terminal function returns empty list when filtering complexity results\n\n#### Description\n\nThe `cc_to_terminal` function in `radon/cli/tools.py` returns an empty list for the first element of the tuple when processing cyclomatic complexity results, regardless of the filtering criteria.\n\n#### Steps/Code to Reproduce\n\n```python\nfrom radon.cli import tools\nfrom radon.complexity import cc_visit\n\n# Sample code to analyze\ncode = '''\ndef simple_function():\n    if True:\n        return 1\n    else:\n        return 0\n\ndef complex_function(x):\n    if x > 10:\n        if x > 20:\n            return \""high\""\n        else:\n            return \""medium\""\n    else:\n        return \""low\""\n'''\n\n# Get complexity results\nresults = cc_visit(code)\nprint(\""Results:\"", results)\n\n# Process with cc_to_terminal\nres, total_cc, counted = tools.cc_to_terminal(results, True, 'A', 'F', False)\nprint(\""Formatted results:\"", res)\nprint(\""Total CC:\"", total_cc)\nprint(\""Counted:\"", counted)\n```\n\nExpected: The `res` list should contain formatted strings for each function that meets the complexity criteria.\nActual: The `res` list is empty `[]` even when there are functions that should be included.\n\nThe function correctly calculates `total_cc` and `counted` but fails to populate the results list.\n\nThe repository is checked out in your current working directory, at the state before this issue was fixed. Use your available tools to explore the codebase, understand the issue, and make the necessary changes directly using your edit/write tools — actually modify the files; do not just describe or show the fix in your response. Your fin ...[8260 more chars]",2294,0,0,0.0,0
rubik__radon.54b88e58.func_basic__ildfzz2r,swe-smith,16,calibration,google/gemma-4-31b-it,openrouter,error_harness,"402: {""message"":""This request would exceed your available credits given your current in-flight requests. Retry after in-flight requests settle, or add credits."",""code"":402,""metadata"":{""reason"":""in_flight_budget_exhausted"",""limit_source"":""openrouter_in_flight_budget"",""remedy_hint"":""Retry after your in-flight requests settle (see the Retry-After header). Adding credits at https://openrouter.ai/settings/credits raises your in-flight budget, up to a capped ceiling."",""headers"":{""Retry-After"":""120""},""provider_name"":null}}","{""type"":""session"",""version"":3,""id"":""01a0b5fe-14b9-74eb-ae27-160a0cdfb82b"",""timestamp"":""2026-09-18T19:28:42.681Z"",""cwd"":""/private/var/folders/nw/6_9204g535s835kn__nfthxh0000gn/T/router-repo-context-gpwrzqqw""}
{""type"":""agent_start""}
{""type"":""turn_start""}
{""type"":""message_start"",""message"":{""role"":""user"",""content"":[{""type"":""text"",""text"":""Flake8Checker crashes with AttributeError when analyzing code\n\n#### Description\n\nThe Flake8Checker is failing to analyze code and crashes with an AttributeError. When trying to use the checker on any Python code, it throws an error related to the AST tree not being properly initialized.\n\n#### Steps/Code to Reproduce\n\n```python\nimport ast\nfrom radon.contrib.flake8 import Flake8Checker\n\ncode = '''\ndef f(a, b, c, d):\n    if a:\n        if b:\n            if c:\n                if d:\n                    return a + b + c + d\n    return 0\n'''\n\nchecker = Flake8Checker(ast.parse(code), 'test.py')\nlist(checker.run())  # This should work but crashes\n```\n\nThe above code should return complexity analysis results but instead raises an AttributeError.\n\n#### Expected Behavior\n\nThe Flake8Checker should properly analyze the provided AST and return complexity metrics without crashing.\n\n#### Actual Behavior\n\nThe checker crashes when trying to run analysis on any code.\n\nThe repository is checked out in your current working directory, at the state before this issue was fixed. Use your available tools to explore the codebase, understand the issue, and make the necessary changes directly using your edit/write tools — actually modify the files; do not just describe or show the fix in your response. Your final message does not need to include any code or diff — the changes you make to the files are the submission. Keep your change as small and targeted as possible — modify only what's strictly necessary to fix the described issue; do not update changelogs, CI configuration, documentation, test files, or unrelated code as part of ...[7279 more chars]",2024,0,0,0.0,0
scanny__python-pptx.278b47b1.func_basic__mttvdlfy,swe-smith,3,calibration,google/gemma-4-31b-it,openrouter,error_harness,"402: {""message"":""This request would exceed your available credits given your current in-flight requests. Retry after in-flight requests settle, or add credits."",""code"":402,""metadata"":{""reason"":""in_flight_budget_exhausted"",""limit_source"":""openrouter_in_flight_budget"",""remedy_hint"":""Retry after your in-flight requests settle (see the Retry-After header). Adding credits at https://openrouter.ai/settings/credits raises your in-flight budget, up to a capped ceiling."",""headers"":{""Retry-After"":""120""},""provider_name"":null}}","{""type"":""session"",""version"":3,""id"":""01a0b5fe-1e6d-71cc-b46a-adfc4b4e5ed4"",""timestamp"":""2026-09-18T19:28:45.165Z"",""cwd"":""/private/var/folders/nw/6_9204g535s835kn__nfthxh0000gn/T/router-repo-context-w8zptets""}
{""type"":""agent_start""}
{""type"":""turn_start""}
{""type"":""message_start"",""message"":{""role"":""user"",""content"":[{""type"":""text"",""text"":""NotesSlide.clone_master_placeholders clones wrong placeholders\n\n#### Description\n\nWhen cloning placeholders from notes master to notes slide, the method is cloning the wrong placeholders. It appears to be cloning placeholders that should not be cloned instead of the ones that should be.\n\n#### Steps/Code to Reproduce\n\n```python\nfrom pptx import Presentation\nfrom pptx.slide import NotesSlide\n\n# Create a presentation and get a notes slide\nprs = Presentation()\nslide = prs.slides.add_slide(prs.slide_layouts[0])\nnotes_slide = slide.notes_slide\n\n# Try to clone master placeholders\nnotes_master = prs.notes_master\nnotes_slide.clone_master_placeholders(notes_master)\n\n# The wrong placeholders are being cloned\n```\n\nThe issue occurs in the `clone_master_placeholders` method where placeholders that should be excluded from cloning are being included, and vice versa.\n\nThe repository is checked out in your current working directory, at the state before this issue was fixed. Use your available tools to explore the codebase, understand the issue, and make the necessary changes directly using your edit/write tools — actually modify the files; do not just describe or show the fix in your response. Your final message does not need to include any code or diff — the changes you make to the files are the submission. Keep your change as small and targeted as possible — modify only what's strictly necessary to fix the described issue; do not update changelogs, CI configuration, documentation, test files, or unrelated code as part of this fix.""}],""timestamp"":1789759725213}}
{""type"":""message_end"",""message"":{""role"":""user"",""content"":[{""type"": ...[6955 more chars]",2409,0,0,0.0,0
scanny__python-pptx.278b47b1.lm_rewrite__rala1oem,swe-smith,3,calibration,google/gemma-4-31b-it,openrouter,error_harness,"402: {""message"":""This request would exceed your available credits given your current in-flight requests. Retry after in-flight requests settle, or add credits."",""code"":402,""metadata"":{""reason"":""in_flight_budget_exhausted"",""limit_source"":""openrouter_in_flight_budget"",""remedy_hint"":""Retry after your in-flight requests settle (see the Retry-After header). Adding credits at https://openrouter.ai/settings/credits raises your in-flight budget, up to a capped ceiling."",""headers"":{""Retry-After"":""120""},""provider_name"":null}}","{""type"":""session"",""version"":3,""id"":""01a0b5fe-28d1-7718-afec-24ee54b35fbe"",""timestamp"":""2026-09-18T19:28:47.825Z"",""cwd"":""/private/var/folders/nw/6_9204g535s835kn__nfthxh0000gn/T/router-repo-context-834okay2""}
{""type"":""agent_start""}
{""type"":""turn_start""}
{""type"":""message_start"",""message"":{""role"":""user"",""content"":[{""type"":""text"",""text"":""### Bug description\n\nThe XML generation for XY charts seems to be producing incorrect output for certain chart types. This issue appears to affect the scatter style attribute, which is not being set as expected for some chart configurations.\n\n### Steps to reproduce\n\n1. Create an XY chart using the `pptx` library.\n2. Set the chart type to one of the following: `XY_SCATTER`, `XY_SCATTER_LINES`, or `XY_SCATTER_LINES_NO_MARKERS`.\n3. Generate the XML for the chart.\n\n### Example code\n\n```python\nfrom pptx.chart.xmlwriter import _XyChartXmlWriter\nfrom pptx.enum.chart import XL_CHART_TYPE\n\n# Example setup\nchart_type = XL_CHART_TYPE.XY_SCATTER\nxml_writer = _XyChartXmlWriter(chart_type)\n\n# Generate XML\ngenerated_xml = xml_writer.xml\nprint(generated_xml)\n```\n\n### Expected behavior\n\nThe `c:scatterStyle/@val` attribute in the generated XML should match the expected value for the given chart type. For example, for `XY_SCATTER`, it should be `\""marker\""`.\n\n### Actual behavior\n\nThe `c:scatterStyle/@val` attribute does not match the expected value, leading to incorrect XML output for the specified chart types.\n\n### Environment info\n\n- OS: Linux\n- Python version: 3.10.15\n- `pptx` library version: [version number]\n\n### Additional context\n\nThis issue may affect the rendering of charts in presentations, as the incorrect XML could lead to unexpected visual results.\n\nThe repository is checked out in your current working directory, at the state before this issue was fixed. Use your available tools to explore the codebase, understand the issue, and make the necessary changes directly using your edit/write tools — actual ...[8512 more chars]",2821,0,0,0.0,0
scanny__python-pptx.278b47b1.func_pm_ctrl_shuffle__8zbwp3x2,swe-smith,3,calibration,google/gemma-4-31b-it,openrouter,error_harness,"402: {""message"":""This request would exceed your available credits given your current in-flight requests. Retry after in-flight requests settle, or add credits."",""code"":402,""metadata"":{""reason"":""in_flight_budget_exhausted"",""limit_source"":""openrouter_in_flight_budget"",""remedy_hint"":""Retry after your in-flight requests settle (see the Retry-After header). Adding credits at https://openrouter.ai/settings/credits raises your in-flight budget, up to a capped ceiling."",""headers"":{""Retry-After"":""120""},""provider_name"":null}}","{""type"":""session"",""version"":3,""id"":""01a0b5fe-33d2-776c-a0ff-4651457c9d94"",""timestamp"":""2026-09-18T19:28:50.642Z"",""cwd"":""/private/var/folders/nw/6_9204g535s835kn__nfthxh0000gn/T/router-repo-context-rhaea21w""}
{""type"":""agent_start""}
{""type"":""turn_start""}
{""type"":""message_start"",""message"":{""role"":""user"",""content"":[{""type"":""text"",""text"":""UnboundLocalError when trimming chart series with empty xCharts\n\n#### Description\n\nWhen calling methods that trim chart series, an `UnboundLocalError` occurs if there are empty xChart elements that need to be removed. The error happens because a variable is referenced before it's defined.\n\n#### Steps/Code to Reproduce\n\n```python\nfrom pptx import Presentation\nfrom pptx.chart.data import CategoryChartData\n\n# Create a presentation with a chart\nprs = Presentation()\nslide = prs.slides.add_slide(prs.slide_layouts[5])\n\n# Add chart data\nchart_data = CategoryChartData()\nchart_data.categories = ['East', 'West', 'Midwest']\nchart_data.add_series('Series 1', (19.2, 21.4, 16.7))\nchart_data.add_series('Series 2', (22.3, 28.6, 15.2))\nchart_data.add_series('Series 3', (20.4, 26.3, 14.2))\n\n# Create chart\nchart = slide.shapes.add_chart(\n    XL_CHART_TYPE.COLUMN_CLUSTERED, \n    Inches(2), Inches(2), Inches(6), Inches(4.5), \n    chart_data\n).chart\n\n# This will trigger the error when trying to trim series\nchart.replace_data(chart_data)  # or similar operations that trim series\n```\n\nThe error occurs in the chart XML writing logic when there are empty xChart elements that need to be cleaned up during series trimming operations.\n\nThe repository is checked out in your current working directory, at the state before this issue was fixed. Use your available tools to explore the codebase, understand the issue, and make the necessary changes directly using your edit/write tools — actually modify the files; do not just describe or show the fix in your response. Your final message does not need to include any code or diff — the chang ...[8068 more chars]",2670,0,0,0.0,0
seperman__deepdiff.ed252022.func_pm_remove_cond__j4x2jj9t,swe-smith,19,calibration,google/gemma-4-31b-it,openrouter,error_harness,"402: {""message"":""This request would exceed your available credits given your current in-flight requests. Retry after in-flight requests settle, or add credits."",""code"":402,""metadata"":{""reason"":""in_flight_budget_exhausted"",""limit_source"":""openrouter_in_flight_budget"",""remedy_hint"":""Retry after your in-flight requests settle (see the Retry-After header). Adding credits at https://openrouter.ai/settings/credits raises your in-flight budget, up to a capped ceiling."",""headers"":{""Retry-After"":""120""},""provider_name"":null}}","{""type"":""session"",""version"":3,""id"":""01a0b5fe-3a60-7c9e-a77b-e619d5a8b573"",""timestamp"":""2026-09-18T19:28:52.320Z"",""cwd"":""/private/var/folders/nw/6_9204g535s835kn__nfthxh0000gn/T/router-repo-context-5i357z7u""}
{""type"":""agent_start""}
{""type"":""turn_start""}
{""type"":""message_start"",""message"":{""role"":""user"",""content"":[{""type"":""text"",""text"":""Datetime truncation not working for minute, hour, and day levels\n\n#### Description\n\nWhen using `truncate_datetime` parameter with values 'minute', 'hour', or 'day', the datetime truncation functionality is not working as expected. The datetime objects are not being properly truncated to the specified precision level.\n\n#### Steps/Code to Reproduce\n\n```python\nfrom deepdiff import DeepDiff\nimport datetime\n\n# Test minute truncation\nd1 = {'a': datetime.datetime(2020, 5, 17, 22, 15, 34, 913070)}\nd2 = {'a': datetime.datetime(2020, 5, 17, 22, 15, 39, 296583)}\nres = DeepDiff(d1, d2, truncate_datetime='minute')\nprint(\""Minute truncation result:\"", res)\n# Expected: {} (no differences since both are in the same minute when truncated)\n\n# Test hour truncation  \nd3 = {'a': datetime.datetime(2020, 5, 30, 7, 28, 51, 698308)}\nd4 = {'a': datetime.datetime(2020, 5, 30, 7, 45, 12, 123456)}\nres2 = DeepDiff(d3, d4, truncate_datetime='hour')\nprint(\""Hour truncation result:\"", res2)\n# Expected: {} (no differences since both are in the same hour when truncated)\n\n# Test day truncation\nd5 = {'a': datetime.datetime(2020, 5, 30, 7, 28, 51, 698308)}\nd6 = {'a': datetime.datetime(2020, 5, 30, 15, 45, 12, 123456)}\nres3 = DeepDiff(d5, d6, truncate_datetime='day')\nprint(\""Day truncation result:\"", res3)\n# Expected: {} (no differences since both are on the same day when truncated)\n```\n\nThe truncation only works for 'second' level but fails for 'minute', 'hour', and 'day' levels, showing differences when there should be none after proper truncation.\n\nThe repository is checked out in your current working directory, at the state before this ...[9010 more chars]",1603,0,0,0.0,0
seperman__deepdiff.ed252022.func_basic__6dep599l,swe-smith,19,calibration,google/gemma-4-31b-it,openrouter,error_harness,"402: {""message"":""This request would exceed your available credits given your current in-flight requests. Retry after in-flight requests settle, or add credits."",""code"":402,""metadata"":{""reason"":""in_flight_budget_exhausted"",""limit_source"":""openrouter_in_flight_budget"",""remedy_hint"":""Retry after your in-flight requests settle (see the Retry-After header). Adding credits at https://openrouter.ai/settings/credits raises your in-flight budget, up to a capped ceiling."",""headers"":{""Retry-After"":""120""},""provider_name"":null}}","{""type"":""session"",""version"":3,""id"":""01a0b5fe-40e1-7f10-a604-7c41cf40a1be"",""timestamp"":""2026-09-18T19:28:53.985Z"",""cwd"":""/private/var/folders/nw/6_9204g535s835kn__nfthxh0000gn/T/router-repo-context-68_zsp7d""}
{""type"":""agent_start""}
{""type"":""turn_start""}
{""type"":""message_start"",""message"":{""role"":""user"",""content"":[{""type"":""text"",""text"":""Distance calculation produces incorrect results when comparing arrays\n\n#### Description\n\nWhen using DeepDiff with `ignore_order=True` and distance calculations, the results are incorrect. The distance values and comparisons seem to be swapped or calculated incorrectly.\n\n#### Steps/Code to Reproduce\n\n```python\nfrom deepdiff import DeepDiff\n\n# Simple case with sets\nt1 = [{1, 2, 3}, {4, 5}, {1}]\nt2 = [{4, 5, 6}, {1, 2, 3}, {1, 4}]\nddiff = DeepDiff(t1, t2, ignore_order=True, get_deep_distance=True)\nprint(\""Deep distance:\"", ddiff.get('deep_distance'))\n# Expected distance around 0.09090909, but getting different value\n\n# Another case with lists\nt1 = [[1, 2, 3, 9], [9, 8, 5, 9]]\nt2 = [[1, 2, 3, 10], [8, 2, 5]]\ndiff = DeepDiff(t1, t2, ignore_order=True)\nprint(\""Diff result:\"", diff)\n# Getting KeyError instead of expected comparison results\n```\n\nThe distance calculations appear to be using wrong array indices or swapped parameters internally, leading to KeyError exceptions or incorrect distance values.\n\nThe repository is checked out in your current working directory, at the state before this issue was fixed. Use your available tools to explore the codebase, understand the issue, and make the necessary changes directly using your edit/write tools — actually modify the files; do not just describe or show the fix in your response. Your final message does not need to include any code or diff — the changes you make to the files are the submission. Keep your change as small and targeted as possible — modify only what's strictly necessary to fix the described issue; do not update changelogs, CI configuration, documentation, ...[7402 more chars]",1655,0,0,0.0,0
seperman__deepdiff.ed252022.func_pm_ctrl_invert_if__irf92r4c,swe-smith,19,calibration,google/gemma-4-31b-it,openrouter,error_harness,"402: {""message"":""This request would exceed your available credits given your current in-flight requests. Retry after in-flight requests settle, or add credits."",""code"":402,""metadata"":{""reason"":""in_flight_budget_exhausted"",""limit_source"":""openrouter_in_flight_budget"",""remedy_hint"":""Retry after your in-flight requests settle (see the Retry-After header). Adding credits at https://openrouter.ai/settings/credits raises your in-flight budget, up to a capped ceiling."",""headers"":{""Retry-After"":""120""},""provider_name"":null}}","{""type"":""session"",""version"":3,""id"":""01a0b5fe-476c-77d0-8bd8-e6d34ebf7271"",""timestamp"":""2026-09-18T19:28:55.660Z"",""cwd"":""/private/var/folders/nw/6_9204g535s835kn__nfthxh0000gn/T/router-repo-context-tt6ntza0""}
{""type"":""agent_start""}
{""type"":""turn_start""}
{""type"":""message_start"",""message"":{""role"":""user"",""content"":[{""type"":""text"",""text"":""json_dumps returns wrong JSON library output when orjson is available\n\n#### Description\n\nWhen orjson is installed, the `json_dumps` function incorrectly uses the standard library `json.dumps` instead of orjson, causing inconsistent behavior and breaking functionality that depends on orjson-specific features.\n\n#### Steps/Code to Reproduce\n\n```python\nfrom deepdiff.serialization import json_dumps\n\n# This should use orjson when available, but uses standard json instead\nresult = json_dumps({'test': 'data'}, indent=2)\nprint(result)\n```\n\nThe issue becomes apparent when trying to use orjson-specific parameters or when expecting orjson's performance characteristics. The function logic is inverted - it uses standard json when orjson is available and should use orjson instead.\n\n#### Expected Behavior\n\nWhen orjson is installed and `force_use_builtin_json=False` (default), the function should use orjson for serialization.\n\n#### Actual Behavior\n\nThe function uses standard library json.dumps even when orjson is available, only falling back to orjson when it should be using standard json.\n\nThe repository is checked out in your current working directory, at the state before this issue was fixed. Use your available tools to explore the codebase, understand the issue, and make the necessary changes directly using your edit/write tools — actually modify the files; do not just describe or show the fix in your response. Your final message does not need to include any code or diff — the changes you make to the files are the submission. Keep your change as small and targeted as possible — modify only what's strictly necessary to fix t ...[7636 more chars]",1838,0,0,0.0,0
seperman__deepdiff.ed252022.func_pm_remove_cond__kjryrlcx,swe-smith,19,calibration,google/gemma-4-31b-it,openrouter,error_harness,"402: {""message"":""This request would exceed your available credits given your current in-flight requests. Retry after in-flight requests settle, or add credits."",""code"":402,""metadata"":{""reason"":""in_flight_budget_exhausted"",""limit_source"":""openrouter_in_flight_budget"",""remedy_hint"":""Retry after your in-flight requests settle (see the Retry-After header). Adding credits at https://openrouter.ai/settings/credits raises your in-flight budget, up to a capped ceiling."",""headers"":{""Retry-After"":""120""},""provider_name"":null}}","{""type"":""session"",""version"":3,""id"":""01a0b5fe-4e96-7de8-981e-33854d5de8ca"",""timestamp"":""2026-09-18T19:28:57.494Z"",""cwd"":""/private/var/folders/nw/6_9204g535s835kn__nfthxh0000gn/T/router-repo-context-lnr43j0f""}
{""type"":""agent_start""}
{""type"":""turn_start""}
{""type"":""message_start"",""message"":{""role"":""user"",""content"":[{""type"":""text"",""text"":""DeepHash exclude_paths and exclude_obj_callback not working properly\n\n#### Description\n\nThe `exclude_paths` and `exclude_obj_callback` parameters in DeepHash are not functioning correctly. Objects that should be excluded based on these parameters are still being included in the hash calculation.\n\n#### Steps/Code to Reproduce\n\n```python\nfrom deepdiff import DeepHash\n\n# Test exclude_paths\ndic1 = {1: 'a'}\nt1 = [dic1, 2]\ndic2 = {}\nt2 = [dic2, 2]\n\nt1_hash = DeepHash(t1, exclude_paths=['root[0]'])\nt2_hash = DeepHash(t2, exclude_paths='root[0]')\n\nprint(\""Key 1 in t1_hash:\"", 1 in t1_hash)  # Should be False but returns True\nprint(\""Hashes equal:\"", t1_hash[t1] == t2_hash[t2])  # Should be True but returns False\n\n# Test exclude_obj_callback\ndef exclude_obj_callback(obj, parent):\n    return True if parent == \""root[0]['x']\"" or obj == 2 else False\n\ndic1 = {'x': 1, 'y': 2, 'z': 3}\nt1 = [dic1]\nt1_hash = DeepHash(t1, exclude_obj_callback=exclude_obj_callback)\n\n# The callback should exclude 'x' key and value 2, but they're still included\nprint(\""Hash keys:\"", list(t1_hash.keys()))\n```\n\nThe exclude functionality appears to be broken - paths and objects that should be excluded are still being processed and included in the hash calculation.\n\nThe repository is checked out in your current working directory, at the state before this issue was fixed. Use your available tools to explore the codebase, understand the issue, and make the necessary changes directly using your edit/write tools — actually modify the files; do not just describe or show the fix in your response. Your final message does not need to include any co ...[8134 more chars]",1722,0,0,0.0,0
sqlfluff__sqlfluff.50a1c4b6.func_basic__pq8ely13,swe-smith,1,calibration,google/gemma-4-31b-it,openrouter,error_harness,"402: {""message"":""This request would exceed your available credits given your current in-flight requests. Retry after in-flight requests settle, or add credits."",""code"":402,""metadata"":{""reason"":""in_flight_budget_exhausted"",""limit_source"":""openrouter_in_flight_budget"",""remedy_hint"":""Retry after your in-flight requests settle (see the Retry-After header). Adding credits at https://openrouter.ai/settings/credits raises your in-flight budget, up to a capped ceiling."",""headers"":{""Retry-After"":""120""},""provider_name"":null}}","{""type"":""session"",""version"":3,""id"":""01a0b5fe-58ec-7229-8f0d-2c68d80ab3ba"",""timestamp"":""2026-09-18T19:29:00.140Z"",""cwd"":""/private/var/folders/nw/6_9204g535s835kn__nfthxh0000gn/T/router-repo-context-tubhnaqv""}
{""type"":""agent_start""}
{""type"":""turn_start""}
{""type"":""message_start"",""message"":{""role"":""user"",""content"":[{""type"":""text"",""text"":""StringLexer subdivision returns empty list when no subdivider present\n\n#### Description\n\nWhen using StringLexer without a subdivider, the lexer now returns an empty list instead of the matched element. This breaks basic lexing functionality for simple string matches.\n\n#### Steps/Code to Reproduce\n\n```python\nfrom sqlfluff.core.parser.lexer import StringLexer\nfrom sqlfluff.core.parser.segments import CodeSegment\n\n# Create a simple string lexer without subdivider\nlexer = StringLexer('test', 'hello', CodeSegment)\n\n# Try to match a string\nresult = lexer.match('hello world')\nprint(f\""Match result: {result}\"")\nprint(f\""Elements: {result.elements}\"")\n# Expected: elements should contain the matched 'hello'\n# Actual: elements is empty\n```\n\nThe issue also affects the main Lexer class when processing SQL:\n\n```python\nfrom sqlfluff.core.parser.lexer import Lexer\nfrom sqlfluff.config import FluffConfig\n\nlexer = Lexer(config=FluffConfig(overrides={'dialect': 'ansi'}))\nsegments, violations = lexer.lex('SELECT * FROM table')\nprint(f\""Segments: {[seg.raw for seg in segments]}\"")\n# Expected: ['SELECT', ' ', '*', ' ', 'FROM', ' ', 'table', '']\n# Actual: segments missing or malformed\n```\n\nThis appears to affect basic SQL parsing where simple string tokens are not being lexed properly.\n\nThe repository is checked out in your current working directory, at the state before this issue was fixed. Use your available tools to explore the codebase, understand the issue, and make the necessary changes directly using your edit/write tools — actually modify the files; do not just describe or show the fix in your response. Your final ...[8254 more chars]",3061,0,0,0.0,0
sqlfluff__sqlfluff.50a1c4b6.func_basic__bmj7n318,swe-smith,13,calibration,google/gemma-4-31b-it,openrouter,error_harness,"402: {""message"":""This request would exceed your available credits given your current in-flight requests. Retry after in-flight requests settle, or add credits."",""code"":402,""metadata"":{""reason"":""in_flight_budget_exhausted"",""limit_source"":""openrouter_in_flight_budget"",""remedy_hint"":""Retry after your in-flight requests settle (see the Retry-After header). Adding credits at https://openrouter.ai/settings/credits raises your in-flight budget, up to a capped ceiling."",""headers"":{""Retry-After"":""120""},""provider_name"":null}}","{""type"":""session"",""version"":3,""id"":""01a0b5fe-6401-74f3-86b2-4de917741fcb"",""timestamp"":""2026-09-18T19:29:02.977Z"",""cwd"":""/private/var/folders/nw/6_9204g535s835kn__nfthxh0000gn/T/router-repo-context-14vm5x3y""}
{""type"":""agent_start""}
{""type"":""turn_start""}
{""type"":""message_start"",""message"":{""role"":""user"",""content"":[{""type"":""text"",""text"":""Parser bracket matching algorithm broken after recent changes\n\n#### Description\n\nThe bracket matching logic in the parser appears to be broken. When parsing SQL with nested brackets or parentheses, the parser is not correctly identifying and matching bracket pairs, leading to incorrect parsing results.\n\n#### Steps/Code to Reproduce\n\n```python\nfrom sqlfluff import parse\nfrom sqlfluff.core.parser.context import ParseContext\nfrom sqlfluff.core.parser.match_algorithms import next_ex_bracket_match\nfrom sqlfluff.core.parser.segments import RawSegment\n\n# Simple case with parentheses\nsql = \""SELECT foo FROM (SELECT bar FROM table1) AS subquery\""\nparsed = parse(sql)\n\n# The parser should correctly handle the nested parentheses\n# but currently fails to match brackets properly\n```\n\nThe issue seems to affect various bracket matching scenarios including:\n- Simple parentheses matching\n- Nested bracket structures  \n- Mixed bracket types in complex SQL statements\n\nWhen running the parser on SQL with brackets, the matching algorithm returns incorrect results or fails to properly identify bracket pairs, causing downstream parsing issues.\n\nThe repository is checked out in your current working directory, at the state before this issue was fixed. Use your available tools to explore the codebase, understand the issue, and make the necessary changes directly using your edit/write tools — actually modify the files; do not just describe or show the fix in your response. Your final message does not need to include any code or diff — the changes you make to the files are the submission. Keep your change as small and targeted as possibl ...[7786 more chars]",2755,0,0,0.0,0
sqlfluff__sqlfluff.50a1c4b6.combine_module__8fg5m80l,swe-smith,13,calibration,google/gemma-4-31b-it,openrouter,error_harness,"402: {""message"":""This request would exceed your available credits given your current in-flight requests. Retry after in-flight requests settle, or add credits."",""code"":402,""metadata"":{""reason"":""in_flight_budget_exhausted"",""limit_source"":""openrouter_in_flight_budget"",""remedy_hint"":""Retry after your in-flight requests settle (see the Retry-After header). Adding credits at https://openrouter.ai/settings/credits raises your in-flight budget, up to a capped ceiling."",""headers"":{""Retry-After"":""120""},""provider_name"":null}}","{""type"":""session"",""version"":3,""id"":""01a0b5fe-710b-77fb-b016-eef787ab648c"",""timestamp"":""2026-09-18T19:29:06.315Z"",""cwd"":""/private/var/folders/nw/6_9204g535s835kn__nfthxh0000gn/T/router-repo-context-dxk_4nsw""}
{""type"":""agent_start""}
{""type"":""turn_start""}
{""type"":""message_start"",""message"":{""role"":""user"",""content"":[{""type"":""text"",""text"":""#### Description\n\nSeveral helper functions are returning unexpected results after recent changes. The `split_comma_separated_string` function is adding extra spaces to strings and reversing list order, `get_encoding` is not properly handling autodetect mode, and `iter_intermediate_paths` is producing incorrect path sequences.\n\n#### Steps/Code to Reproduce\n\n```python\nfrom sqlfluff.core.helpers.string import split_comma_separated_string\nfrom sqlfluff.core.helpers.file import get_encoding, iter_intermediate_paths\nfrom pathlib import Path\n\n# String splitting issue\nresult = split_comma_separated_string(\""AL01,LT08,AL07\"")\nprint(f\""Expected: ['AL01', 'LT08', 'AL07']\"")\nprint(f\""Got: {result}\"")\n\n# List reversal issue  \nresult = split_comma_separated_string(['AL01', 'LT08', 'AL07'])\nprint(f\""Expected: ['AL01', 'LT08', 'AL07']\"")\nprint(f\""Got: {result}\"")\n\n# Encoding detection issue\nresult = get_encoding('test/fixtures/linter/encoding-utf-8.sql', 'autodetect')\nprint(f\""Expected: 'ascii'\"")\nprint(f\""Got: {result}\"")\n\n# Path iteration issue\npaths = list(iter_intermediate_paths(Path('/abc/def'), Path('/ghi/jlk')))\nprint(f\""Expected: [Path('/'), Path('/abc')]\"")\nprint(f\""Got: {paths}\"")\n```\n\nThe string function is appending spaces and reversing lists when it shouldn't, encoding detection always returns 'utf-8' instead of actually detecting, and path iteration logic seems inverted.\n\nThe repository is checked out in your current working directory, at the state before this issue was fixed. Use your available tools to explore the codebase, understand the issue, and make the necessary changes directly using your edit/wr ...[39182 more chars]",5403,0,0,0.0,0
sqlfluff__sqlfluff.50a1c4b6.func_basic__51qqhx0d,swe-smith,16,calibration,google/gemma-4-31b-it,openrouter,error_harness,"This request would exceed your available credits given your current in-flight requests. Retry after in-flight requests settle, or add credits.","{""type"":""session"",""version"":3,""id"":""01a0b5fe-84f9-78ae-958a-1e9dab4b9993"",""timestamp"":""2026-09-18T19:29:11.417Z"",""cwd"":""/private/var/folders/nw/6_9204g535s835kn__nfthxh0000gn/T/router-repo-context-v9_c70a3""}
{""type"":""agent_start""}
{""type"":""turn_start""}
{""type"":""message_start"",""message"":{""role"":""user"",""content"":[{""type"":""text"",""text"":""File discovery broken for directories and files with uppercase extensions\n\n#### Description\n\nWhen using sqlfluff to lint directories or files, the file discovery mechanism is not working correctly. Files with uppercase extensions (like `.SQL`) are not being found, and directory traversal appears to be broken.\n\n#### Steps/Code to Reproduce\n\n```python\nfrom sqlfluff.core.linter.discovery import paths_from_path\n\n# This should find .sql and .SQL files but doesn't work\npaths = paths_from_path('test/fixtures/linter')\nprint(paths)  # Returns empty or incorrect results\n\n# Files with uppercase extensions not detected\npaths = paths_from_path('test/fixtures/linter/passing_cap_extension.SQL')\nprint(paths)  # Should find the file but doesn't\n```\n\nThe issue affects both directory scanning and individual file processing. When pointing to a directory, no files are discovered. When pointing to files with uppercase extensions like `.SQL`, they are not properly matched against the expected file extensions.\n\nThe repository is checked out in your current working directory, at the state before this issue was fixed. Use your available tools to explore the codebase, understand the issue, and make the necessary changes directly using your edit/write tools — actually modify the files; do not just describe or show the fix in your response. Your final message does not need to include any code or diff — the changes you make to the files are the submission. Keep your change as small and targeted as possible — modify only what's strictly necessary to fix the described issue; do not update changelogs, CI configuration, documentation, test files, o ...[408064 more chars]",181724,0,0,0.0,0
sqlfluff__sqlfluff.50a1c4b6.func_pm_remove_cond__fbeh0mzx,swe-smith,16,calibration,google/gemma-4-31b-it,openrouter,error_harness,"402: {""message"":""This request would exceed your available credits given your current in-flight requests. Retry after in-flight requests settle, or add credits."",""code"":402,""metadata"":{""reason"":""in_flight_budget_exhausted"",""limit_source"":""openrouter_in_flight_budget"",""remedy_hint"":""Retry after your in-flight requests settle (see the Retry-After header). Adding credits at https://openrouter.ai/settings/credits raises your in-flight budget, up to a capped ceiling."",""headers"":{""Retry-After"":""120""},""provider_name"":null}}","{""type"":""session"",""version"":3,""id"":""01a0b601-48e3-73eb-9453-0b06ab16dc87"",""timestamp"":""2026-09-18T19:32:12.643Z"",""cwd"":""/private/var/folders/nw/6_9204g535s835kn__nfthxh0000gn/T/router-repo-context-6fws2yit""}
{""type"":""agent_start""}
{""type"":""turn_start""}
{""type"":""message_start"",""message"":{""role"":""user"",""content"":[{""type"":""text"",""text"":""CLI fix command no longer shows unfixable violations when using --show-lint-violations\n\n#### Description\n\nWhen running `sqlfluff fix` with the `--show-lint-violations` flag, the command no longer displays unfixable violations after attempting fixes. The section \""==== lint for unfixable violations ====\"" is missing from the output.\n\n#### Steps/Code to Reproduce\n\n```bash\n# Create a SQL file with some violations that cannot be auto-fixed\necho \""SELECT foo FROM bar WHERE baz\"" > test.sql\n\n# Run fix with show-lint-violations flag\nsqlfluff fix test.sql --show-lint-violations\n```\n\nExpected behavior: After attempting fixes, should show a section with unfixable violations like:\n```\n==== lint for unfixable violations ====\ntest.sql\n  L:1 P:8: [RF02] Unqualified reference 'foo' found...\n```\n\nActual behavior: The unfixable violations section is not displayed at all.\n\nThe repository is checked out in your current working directory, at the state before this issue was fixed. Use your available tools to explore the codebase, understand the issue, and make the necessary changes directly using your edit/write tools — actually modify the files; do not just describe or show the fix in your response. Your final message does not need to include any code or diff — the changes you make to the files are the submission. Keep your change as small and targeted as possible — modify only what's strictly necessary to fix the described issue; do not update changelogs, CI configuration, documentation, test files, or unrelated code as part of this fix.""}],""timestamp"":1789759932692}}
{""type"":""message_end"",""message"":{""role"":""user"",""content"":[{""typ ...[645018 more chars]",5657,0,0,0.0,0
sqlfluff__sqlfluff.50a1c4b6.func_basic__h7xx4j9z,swe-smith,20,calibration,google/gemma-4-31b-it,openrouter,error_harness,"402: {""message"":""This request would exceed your available credits given your current in-flight requests. Retry after in-flight requests settle, or add credits."",""code"":402,""metadata"":{""reason"":""in_flight_budget_exhausted"",""limit_source"":""openrouter_in_flight_budget"",""remedy_hint"":""Retry after your in-flight requests settle (see the Retry-After header). Adding credits at https://openrouter.ai/settings/credits raises your in-flight budget, up to a capped ceiling."",""headers"":{""Retry-After"":""120""},""provider_name"":null}}","{""type"":""session"",""version"":3,""id"":""01a0b601-6232-711c-9356-d77452d122be"",""timestamp"":""2026-09-18T19:32:19.122Z"",""cwd"":""/private/var/folders/nw/6_9204g535s835kn__nfthxh0000gn/T/router-repo-context-b4fesi1h""}
{""type"":""agent_start""}
{""type"":""turn_start""}
{""type"":""message_start"",""message"":{""role"":""user"",""content"":[{""type"":""text"",""text"":""Jinja templater converts all rendered output to uppercase\n\n#### Description\n\nThe Jinja templater is unexpectedly converting all rendered template output to uppercase. This affects SQL queries and other templated content, making them appear in all caps when they should preserve their original case.\n\n#### Steps/Code to Reproduce\n\n```python\nfrom sqlfluff.core.templaters.jinja import JinjaTemplater\nfrom sqlfluff import FluffConfig\n\n# Create a simple SQL template\nsql_template = \""select {{ column_name }} from {{ table_name }}\""\n\n# Set up templater with context\ntemplater = JinjaTemplater()\nconfig = FluffConfig()\n\n# Process the template\nresult = templater.process(\n    in_str=sql_template,\n    fname=\""test.sql\"", \n    config=config,\n    formatter=None\n)\n\nprint(\""Expected: select my_column from my_table\"")\nprint(f\""Actual: {result.templated_str}\"")\n```\n\nExpected output:\n```\nExpected: select my_column from my_table\nActual: select my_column from my_table\n```\n\nActual output:\n```\nExpected: select my_column from my_table  \nActual: SELECT MY_COLUMN FROM MY_TABLE\n```\n\nThe templated SQL is being converted to uppercase when it should maintain the original case formatting.\n\nThe repository is checked out in your current working directory, at the state before this issue was fixed. Use your available tools to explore the codebase, understand the issue, and make the necessary changes directly using your edit/write tools — actually modify the files; do not just describe or show the fix in your response. Your final message does not need to include any code or diff — the changes you make to the files are the submissio ...[75766 more chars]",11605,0,0,0.0,0
sqlfluff__sqlfluff.50a1c4b6.func_pm_remove_loop__irt2kbtb,swe-smith,20,calibration,google/gemma-4-31b-it,openrouter,error_harness,"402: {""message"":""This request would exceed your available credits given your current in-flight requests. Retry after in-flight requests settle, or add credits."",""code"":402,""metadata"":{""reason"":""in_flight_budget_exhausted"",""limit_source"":""openrouter_in_flight_budget"",""remedy_hint"":""Retry after your in-flight requests settle (see the Retry-After header). Adding credits at https://openrouter.ai/settings/credits raises your in-flight budget, up to a capped ceiling."",""headers"":{""Retry-After"":""120""},""provider_name"":null}}","{""type"":""session"",""version"":3,""id"":""01a0b601-8e39-7acc-a3c2-4ba4dd9b648a"",""timestamp"":""2026-09-18T19:32:30.393Z"",""cwd"":""/private/var/folders/nw/6_9204g535s835kn__nfthxh0000gn/T/router-repo-context-uwmmmzlc""}
{""type"":""agent_start""}
{""type"":""turn_start""}
{""type"":""message_start"",""message"":{""role"":""user"",""content"":[{""type"":""text"",""text"":""Jinja templater not generating variants for unreachable code detection\n\n#### Description\n\nThe Jinja templater is no longer generating template variants to detect unreachable code in conditional blocks. When processing templates with `if`/`elif`/`else` statements, the templater should create multiple variants by overriding conditional expressions to ensure all branches are covered during linting.\n\n#### Steps/Code to Reproduce\n\n```sql\n-- Simple conditional template\n{% if some_condition %}\nSELECT 1 as reachable_code;\n{% else %}\nSELECT 2 as potentially_unreachable_code;  \n{% endif %}\n```\n\nWhen linting this template, the templater should generate variants where `some_condition` is forced to both `True` and `False` to analyze both branches. Currently, only the default execution path is being analyzed.\n\n#### Expected Behavior\n\nThe templater should:\n1. Identify uncovered slices in conditional blocks\n2. Generate template variants by overriding `if`/`elif` conditions with hardcoded `True`/`False` values\n3. Analyze each variant to detect unreachable code paths\n4. Return multiple variants ranked by coverage score\n\n#### Current Behavior\n\nThe templater processes only the original template without generating any variants, meaning conditional branches that aren't executed in the default context remain unanalyzed for potential linting issues.\n\nThe repository is checked out in your current working directory, at the state before this issue was fixed. Use your available tools to explore the codebase, understand the issue, and make the necessary changes directly using your edit/write tools — actually modify the files; do not j ...[567824 more chars]",37110,0,0,0.0,0
sqlfluff__sqlfluff.50a1c4b6.combine_file__dcz1l1zf,swe-smith,21,calibration,google/gemma-4-31b-it,openrouter,error_harness,"402: {""message"":""This request would exceed your available credits given your current in-flight requests. Retry after in-flight requests settle, or add credits."",""code"":402,""metadata"":{""reason"":""in_flight_budget_exhausted"",""limit_source"":""openrouter_in_flight_budget"",""remedy_hint"":""Retry after your in-flight requests settle (see the Retry-After header). Adding credits at https://openrouter.ai/settings/credits raises your in-flight budget, up to a capped ceiling."",""headers"":{""Retry-After"":""120""},""provider_name"":null}}","{""type"":""session"",""version"":3,""id"":""01a0b602-1f36-7fd1-bfb3-bb3c37446724"",""timestamp"":""2026-09-18T19:33:07.510Z"",""cwd"":""/private/var/folders/nw/6_9204g535s835kn__nfthxh0000gn/T/router-repo-context-l32959wp""}
{""type"":""agent_start""}
{""type"":""turn_start""}
{""type"":""message_start"",""message"":{""role"":""user"",""content"":[{""type"":""text"",""text"":""CLI commands behaving incorrectly after recent changes\n\n#### Description\n\nThe CLI commands are not working as expected. Several issues observed:\n\n1. Dialect validation is inverted - when no dialect is specified, it tries to validate it anyway\n2. Output stream creation has incorrect parameter order\n3. Progress bar disable flag is inverted\n4. Lint violations display logic is reversed\n5. Exit codes are swapped between success and failure cases\n6. File output format detection is mixed up between JSON and YAML\n7. GitHub annotation levels are incorrectly mapped\n\n#### Steps/Code to Reproduce\n\n```bash\n# Basic linting should work but fails\nsqlfluff lint test.sql\n\n# Progress bar behavior is inverted\nsqlfluff lint --disable-progress-bar test.sql  # Shows progress bar\nsqlfluff lint test.sql  # Hides progress bar\n\n# Fix command exits with wrong codes\nsqlfluff fix test.sql  # Exits with failure code even on success\n\n# Output formats are swapped\nsqlfluff lint --format json test.sql  # Outputs YAML\nsqlfluff lint --format yaml test.sql  # Outputs JSON\n```\n\n#### Expected Behavior\n\n- CLI should work normally with proper dialect handling\n- Progress bar should be disabled when `--disable-progress-bar` is used\n- Exit codes should reflect actual success/failure status\n- Output formats should match the requested format\n- GitHub annotations should use correct severity levels\n\n#### Actual Behavior\n\nAll the above behaviors are inverted or incorrect, making the CLI essentially unusable.\n\nThe repository is checked out in your current working directory, at the state before this issue was fixed. Use your available tools to  ...[330488 more chars]",11527,0,0,0.0,0
stanfordnlp__string2string.c4a72f59.func_pm_remove_loop__oi3wodau,swe-smith,5,calibration,google/gemma-4-31b-it,openrouter,error_harness,"402: {""message"":""This request would exceed your available credits given your current in-flight requests. Retry after in-flight requests settle, or add credits."",""code"":402,""metadata"":{""reason"":""in_flight_budget_exhausted"",""limit_source"":""openrouter_in_flight_budget"",""remedy_hint"":""Retry after your in-flight requests settle (see the Retry-After header). Adding credits at https://openrouter.ai/settings/credits raises your in-flight budget, up to a capped ceiling."",""headers"":{""Retry-After"":""120""},""provider_name"":null}}","{""type"":""session"",""version"":3,""id"":""01a0b602-4855-7190-9445-86c3f97aad1e"",""timestamp"":""2026-09-18T19:33:18.037Z"",""cwd"":""/private/var/folders/nw/6_9204g535s835kn__nfthxh0000gn/T/router-repo-context-56yqgt5q""}
{""type"":""agent_start""}
{""type"":""turn_start""}
{""type"":""message_start"",""message"":{""role"":""user"",""content"":[{""type"":""text"",""text"":""Rabin-Karp Search Algorithm Fails to Locate Pattern\n\nDescription\n\nIt seems that the Rabin-Karp search algorithm is not functioning as expected. When attempting to locate a pattern within a given text, the algorithm fails to return the correct index, unlike other search algorithms such as Knuth-Morris-Pratt, Boyer-Moore, and Naive Search, which all return consistent results.\n\nHere's a simple example to illustrate the issue:\n\n```python\nrolling_hash = PolynomialRollingHash(base=10, modulus=65537)\nrabin_karp = RabinKarpSearch(hash_function=rolling_hash)\npattern = 'Jane Austen'\ntext = 'Sense and Sensibility, Pride and Prejudice, Emma, Mansfield Park, Northanger Abbey, Persuasion, and Lady Susan were written by Jane Austen and are important works of English literature.'\nindex = rabin_karp.search(pattern, text)\nprint(index)  # Expected: 123 (or the correct index), but got: -1\n```\n\nAs shown above, the Rabin-Karp algorithm returns -1, indicating that the pattern was not found, even though it is clearly present in the text. This discrepancy suggests that there might be an issue with the hash computation or the search logic within the Rabin-Karp implementation.\n\nThe repository is checked out in your current working directory, at the state before this issue was fixed. Use your available tools to explore the codebase, understand the issue, and make the necessary changes directly using your edit/write tools — actually modify the files; do not just describe or show the fix in your response. Your final message does not need to include any code or diff — the changes you make to the files are the submission. Keep your change as small a ...[7852 more chars]",1784,0,0,0.0,0
sunpy__sunpy.f8edfd5c.func_pm_remove_loop__70or164i,swe-smith,17,calibration,google/gemma-4-31b-it,openrouter,error_harness,"402: {""message"":""This request would exceed your available credits given your current in-flight requests. Retry after in-flight requests settle, or add credits."",""code"":402,""metadata"":{""reason"":""in_flight_budget_exhausted"",""limit_source"":""openrouter_in_flight_budget"",""remedy_hint"":""Retry after your in-flight requests settle (see the Retry-After header). Adding credits at https://openrouter.ai/settings/credits raises your in-flight budget, up to a capped ceiling."",""headers"":{""Retry-After"":""120""},""provider_name"":null}}","{""type"":""session"",""version"":3,""id"":""01a0b602-5093-76b1-8caf-17aaa9935d0b"",""timestamp"":""2026-09-18T19:33:20.147Z"",""cwd"":""/private/var/folders/nw/6_9204g535s835kn__nfthxh0000gn/T/router-repo-context-y9ww4zj_""}
{""type"":""agent_start""}
{""type"":""turn_start""}
{""type"":""message_start"",""message"":{""role"":""user"",""content"":[{""type"":""text"",""text"":""taverna_parser returns None instead of empty list when no Taverna links found\n\n#### Description\n\nThe `taverna_parser` function in `sunpy.net.helio.parser` is returning `None` instead of an empty list when no Taverna links are found, causing a `TypeError` when trying to get the length of the result.\n\n#### Steps/Code to Reproduce\n\n```python\nfrom sunpy.net.helio.parser import taverna_parser\n\n# This should return an empty list but returns None\nresult = taverna_parser('http://example.com')\nprint(f\""Result: {result}\"")\nprint(f\""Length: {len(result)}\"")  # This will raise TypeError\n```\n\nExpected behavior: Should return an empty list `[]` when no Taverna links are found, allowing `len()` to work properly.\n\nActual behavior: Returns `None`, causing `TypeError: object of type 'NoneType' has no len()` when trying to get the length.\n\nThe repository is checked out in your current working directory, at the state before this issue was fixed. Use your available tools to explore the codebase, understand the issue, and make the necessary changes directly using your edit/write tools — actually modify the files; do not just describe or show the fix in your response. Your final message does not need to include any code or diff — the changes you make to the files are the submission. Keep your change as small and targeted as possible — modify only what's strictly necessary to fix the described issue; do not update changelogs, CI configuration, documentation, test files, or unrelated code as part of this fix.""}],""timestamp"":1789760000198}}
{""type"":""message_end"",""message"":{""role"":""user"",""content"":[{""type"":""text"",""text"":""taverna_parser return ...[6847 more chars]",2142,0,0,0.0,0
Suor__funcy.207a7810.func_basic__z5d85s80,swe-smith,18,calibration,google/gemma-4-31b-it,openrouter,error_harness,"402: {""message"":""This request would exceed your available credits given your current in-flight requests. Retry after in-flight requests settle, or add credits."",""code"":402,""metadata"":{""reason"":""in_flight_budget_exhausted"",""limit_source"":""openrouter_in_flight_budget"",""remedy_hint"":""Retry after your in-flight requests settle (see the Retry-After header). Adding credits at https://openrouter.ai/settings/credits raises your in-flight budget, up to a capped ceiling."",""headers"":{""Retry-After"":""120""},""provider_name"":null}}","{""type"":""session"",""version"":3,""id"":""01a0b602-5725-7cd9-a56d-83171ca8a66d"",""timestamp"":""2026-09-18T19:33:21.829Z"",""cwd"":""/private/var/folders/nw/6_9204g535s835kn__nfthxh0000gn/T/router-repo-context-vgw2xsoq""}
{""type"":""agent_start""}
{""type"":""turn_start""}
{""type"":""message_start"",""message"":{""role"":""user"",""content"":[{""type"":""text"",""text"":""Memoization decorator returns incorrect cached values\n\n#### Description\n\nThe memoization functionality is returning unexpected values when retrieving cached results. Instead of returning the original cached value, it appears to be modifying the cached result before returning it.\n\n#### Steps/Code to Reproduce\n\n```python\nfrom funcy import memoize, cache\n\n# Test with memoize decorator\ncalls = []\n\n@memoize\ndef inc(x):\n    calls.append(x)\n    return x + 1\n\nprint(\""First call:\"", inc(0))  # Expected: 1\nprint(\""Second call:\"", inc(0))  # Expected: 1 (cached)\nprint(\""Calls made:\"", calls)    # Expected: [0] (only one call)\n\n# Test with cache decorator  \ncalls2 = []\n\n@cache(timeout=60)\ndef inc2(x):\n    calls2.append(x)\n    return x + 1\n\nprint(\""First call:\"", inc2(0))  # Expected: 1\nprint(\""Second call:\"", inc2(0)) # Expected: 1 (cached)\nprint(\""Calls made:\"", calls2)   # Expected: [0] (only one call)\n```\n\nThe cached values are being returned incorrectly, causing functions to behave as if they're being called multiple times even when the result should be cached.\n\n#### Additional Issues\n\nThe `invalidate_all()` method also doesn't seem to properly clear the cache, and there are problems with the `SkipMemory` exception handling that causes it to always return `None` instead of the expected fallback value.\n\nThe repository is checked out in your current working directory, at the state before this issue was fixed. Use your available tools to explore the codebase, understand the issue, and make the necessary changes directly using your edit/write tools — actually modify the files; do not just describe or show t ...[167244 more chars]",20898,0,0,0.0,0
tkrajina__gpxpy.09fc46b3.func_basic__qv1tc6x7,swe-smith,23,calibration,google/gemma-4-31b-it,openrouter,error_harness,"402: {""message"":""This request would exceed your available credits given your current in-flight requests. Retry after in-flight requests settle, or add credits."",""code"":402,""metadata"":{""reason"":""in_flight_budget_exhausted"",""limit_source"":""openrouter_in_flight_budget"",""remedy_hint"":""Retry after your in-flight requests settle (see the Retry-After header). Adding credits at https://openrouter.ai/settings/credits raises your in-flight budget, up to a capped ceiling."",""headers"":{""Retry-After"":""120""},""provider_name"":null}}","{""type"":""session"",""version"":3,""id"":""01a0b602-a948-7a6c-bcde-85c5569d83e2"",""timestamp"":""2026-09-18T19:33:42.856Z"",""cwd"":""/private/var/folders/nw/6_9204g535s835kn__nfthxh0000gn/T/router-repo-context-qhk0c38y""}
{""type"":""agent_start""}
{""type"":""turn_start""}
{""type"":""message_start"",""message"":{""role"":""user"",""content"":[{""type"":""text"",""text"":""GPX time bounds calculation returns incorrect start time when track points are not chronologically ordered\n\n#### Description\n\nWhen GPX track points have timestamps that are not in chronological order, the `get_time_bounds()` method returns incorrect start and end times. The method appears to be finding the minimum and maximum timestamps across all points, but when points are out of order, this can lead to unexpected results.\n\n#### Steps/Code to Reproduce\n\n```python\nimport gpxpy as mod_gpx\nimport datetime as mod_datetime\n\ngpx = mod_gpx.GPX()\ntrack = mod_gpx.GPXTrack()\n\n# First segment with timestamps: 2001, 2000 (out of order)\nsegment_1 = mod_gpx.GPXTrackSegment()\nsegment_1.points.append(mod_gpx.GPXTrackPoint(latitude=-12, longitude=13))\nsegment_1.points.append(mod_gpx.GPXTrackPoint(latitude=-100, longitude=-5, time=mod_datetime.datetime(2001, 1, 12)))\nsegment_1.points.append(mod_gpx.GPXTrackPoint(latitude=100, longitude=-13, time=mod_datetime.datetime(2000, 1, 12)))\ntrack.segments.append(segment_1)\n\n# Second segment with timestamps: 2010, 2012 (out of order)\nsegment_2 = mod_gpx.GPXTrackSegment()\nsegment_2.points.append(mod_gpx.GPXTrackPoint(latitude=-12, longitude=100, time=mod_datetime.datetime(2010, 1, 12)))\nsegment_2.points.append(mod_gpx.GPXTrackPoint(latitude=-10, longitude=-5, time=mod_datetime.datetime(2012, 1, 12)))\nsegment_2.points.append(mod_gpx.GPXTrackPoint(latitude=10, longitude=-100))\ntrack.segments.append(segment_2)\n\ngpx.tracks.append(track)\nbounds = gpx.get_time_bounds()\n\nprint(f\""Start time: {bounds.start_time}\"")\nprint(f\""End time: {bounds.end_time}\"")\n\n# Expected: start_time should b ...[10033 more chars]",1722,0,0,0.0,0
tkrajina__gpxpy.09fc46b3.func_basic__tgudqh6u,swe-smith,23,calibration,google/gemma-4-31b-it,openrouter,error_harness,"402: {""message"":""This request would exceed your available credits given your current in-flight requests. Retry after in-flight requests settle, or add credits."",""code"":402,""metadata"":{""reason"":""in_flight_budget_exhausted"",""limit_source"":""openrouter_in_flight_budget"",""remedy_hint"":""Retry after your in-flight requests settle (see the Retry-After header). Adding credits at https://openrouter.ai/settings/credits raises your in-flight budget, up to a capped ceiling."",""headers"":{""Retry-After"":""120""},""provider_name"":null}}","{""type"":""session"",""version"":3,""id"":""01a0b602-afe2-7d9e-b4e4-e8cdcff08a31"",""timestamp"":""2026-09-18T19:33:44.546Z"",""cwd"":""/private/var/folders/nw/6_9204g535s835kn__nfthxh0000gn/T/router-repo-context-w7ng84lv""}
{""type"":""agent_start""}
{""type"":""turn_start""}
{""type"":""message_start"",""message"":{""role"":""user"",""content"":[{""type"":""text"",""text"":""GPXRoute.remove_time() skips first point in route\n\n#### Description\n\nWhen calling `remove_time()` on a GPX route, the first point in the route retains its time data while subsequent points have their time data removed correctly.\n\n#### Steps/Code to Reproduce\n\n```python\nimport gpxpy\nimport datetime\n\n# Create a GPX route with time data\ngpx = gpxpy.GPX()\nroute = gpxpy.GPXRoute()\n\n# Add route points with time data\nt0 = datetime.datetime(2018, 7, 15, 12, 30, 0)\nt1 = datetime.datetime(2018, 7, 15, 12, 31, 0)\np0 = gpxpy.GPXRoutePoint(latitude=13.0, longitude=13.0, time=t0)\np1 = gpxpy.GPXRoutePoint(latitude=13.1, longitude=13.1, time=t1)\nroute.points.append(p0)\nroute.points.append(p1)\ngpx.routes.append(route)\n\n# Remove time data from route\nroute.remove_time()\n\n# Check if time data was removed from all points\nfor i, point in enumerate(route.points):\n    print(f\""Point {i} time: {point.time}\"")\n```\n\nExpected output:\n```\nPoint 0 time: None\nPoint 1 time: None\n```\n\nActual output:\n```\nPoint 0 time: 2018-07-15 12:30:00\nPoint 1 time: None\n```\n\nThe first point still has time data while the second point correctly has `None`.\n\nThe repository is checked out in your current working directory, at the state before this issue was fixed. Use your available tools to explore the codebase, understand the issue, and make the necessary changes directly using your edit/write tools — actually modify the files; do not just describe or show the fix in your response. Your final message does not need to include any code or diff — the changes you make to the files are the submission. Keep your change as small and targeted as p ...[20170 more chars]",4307,0,0,0.0,0
tkrajina__gpxpy.09fc46b3.func_pm_op_swap__f2gu0488,swe-smith,23,calibration,google/gemma-4-31b-it,openrouter,error_harness,"402: {""message"":""This request would exceed your available credits given your current in-flight requests. Retry after in-flight requests settle, or add credits."",""code"":402,""metadata"":{""reason"":""in_flight_budget_exhausted"",""limit_source"":""openrouter_in_flight_budget"",""remedy_hint"":""Retry after your in-flight requests settle (see the Retry-After header). Adding credits at https://openrouter.ai/settings/credits raises your in-flight budget, up to a capped ceiling."",""headers"":{""Retry-After"":""120""},""provider_name"":null}}","{""type"":""session"",""version"":3,""id"":""01a0b602-c0ab-7fdc-800e-204ceaececb0"",""timestamp"":""2026-09-18T19:33:48.843Z"",""cwd"":""/private/var/folders/nw/6_9204g535s835kn__nfthxh0000gn/T/router-repo-context-814knfbd""}
{""type"":""agent_start""}
{""type"":""turn_start""}
{""type"":""message_start"",""message"":{""role"":""user"",""content"":[{""type"":""text"",""text"":""GPX fill_time_data_with_regular_intervals produces incorrect time calculations\n\n#### Description\n\nWhen using `fill_time_data_with_regular_intervals` with start_time and end_time parameters, the method produces incorrect time calculations that result in negative time deltas and wrong timestamps for track points.\n\n#### Steps/Code to Reproduce\n\n```python\nimport gpxpy\nimport datetime\n\n# Load a GPX file\nwith open('sample.gpx', 'r') as gpx_file:\n    gpx = gpxpy.parse(gpx_file)\n\n# Try to fill time data with start and end times\nstart_time = datetime.datetime(2018, 7, 4, 0, 0, 0)\nend_time = datetime.datetime(2018, 7, 4, 1, 0, 0)\n\ngpx.fill_time_data_with_regular_intervals(start_time=start_time, end_time=end_time)\n\n# Check the resulting time bounds\ntime_bounds = gpx.get_time_bounds()\nprint(f\""Expected start: {start_time}\"")\nprint(f\""Actual start: {time_bounds.start_time}\"")\nprint(f\""Expected end: {end_time}\"")\nprint(f\""Actual end: {time_bounds.end_time}\"")\n```\n\nThe resulting timestamps are completely wrong - the start and end times don't match what was provided, and the time progression between points is incorrect.\n\nThis also affects the case where all three parameters (start_time, end_time, and time_delta) are provided together.\n\nThe repository is checked out in your current working directory, at the state before this issue was fixed. Use your available tools to explore the codebase, understand the issue, and make the necessary changes directly using your edit/write tools — actually modify the files; do not just describe or show the fix in your response. Your final message does not need to include any code or dif ...[8107 more chars]",1788,0,0,0.0,0
tkrajina__gpxpy.09fc46b3.func_pm_ctrl_invert_if__oufcabhl,swe-smith,23,calibration,google/gemma-4-31b-it,openrouter,error_harness,"402: {""message"":""This request would exceed your available credits given your current in-flight requests. Retry after in-flight requests settle, or add credits."",""code"":402,""metadata"":{""reason"":""in_flight_budget_exhausted"",""limit_source"":""openrouter_in_flight_budget"",""remedy_hint"":""Retry after your in-flight requests settle (see the Retry-After header). Adding credits at https://openrouter.ai/settings/credits raises your in-flight budget, up to a capped ceiling."",""headers"":{""Retry-After"":""120""},""provider_name"":null}}","{""type"":""session"",""version"":3,""id"":""01a0b602-c7b2-7e38-b5f2-0e32c7f6cca5"",""timestamp"":""2026-09-18T19:33:50.642Z"",""cwd"":""/private/var/folders/nw/6_9204g535s835kn__nfthxh0000gn/T/router-repo-context-nmf_8gf0""}
{""type"":""agent_start""}
{""type"":""turn_start""}
{""type"":""message_start"",""message"":{""role"":""user"",""content"":[{""type"":""text"",""text"":""Time parsing fails when fractional seconds are present\n\nWhen parsing GPX files with timestamps that include fractional seconds, the time parsing function returns None instead of a proper datetime object.\n\n#### Steps/Code to Reproduce\n\n```python\nimport gpxpy.gpxfield as gpxfield\n\n# This should work but returns None\ntime_str = \""2014-02-02T10:23:18.123456\""\nparsed_time = gpxfield.parse_time(time_str)\nprint(f\""Parsed time: {parsed_time}\"")  # Expected: datetime object, Actual: None\n\n# Also fails with timezone info\ntime_str_tz = \""2014-02-02T10:23:18.123456+01:00\""\nparsed_time_tz = gpxfield.parse_time(time_str_tz)\nprint(f\""Parsed time with tz: {parsed_time_tz}\"")  # Expected: datetime object, Actual: None\n```\n\nThe issue affects GPX files that contain precise timestamps with microseconds, causing the entire parsing to fail or return incorrect time values.\n\nThe repository is checked out in your current working directory, at the state before this issue was fixed. Use your available tools to explore the codebase, understand the issue, and make the necessary changes directly using your edit/write tools — actually modify the files; do not just describe or show the fix in your response. Your final message does not need to include any code or diff — the changes you make to the files are the submission. Keep your change as small and targeted as possible — modify only what's strictly necessary to fix the described issue; do not update changelogs, CI configuration, documentation, test files, or unrelated code as part of this fix.""}],""timestamp"":1789760030693}}
{""type"":""message_end"",""message"":{""role"":""user"",""content"":[{""type"":""tex ...[18218 more chars]",5104,0,0,0.0,0
tkrajina__gpxpy.09fc46b3.func_basic__o3xnjxka,swe-smith,23,calibration,google/gemma-4-31b-it,openrouter,error_harness,"402: {""message"":""This request would exceed your available credits given your current in-flight requests. Retry after in-flight requests settle, or add credits."",""code"":402,""metadata"":{""reason"":""in_flight_budget_exhausted"",""limit_source"":""openrouter_in_flight_budget"",""remedy_hint"":""Retry after your in-flight requests settle (see the Retry-After header). Adding credits at https://openrouter.ai/settings/credits raises your in-flight budget, up to a capped ceiling."",""headers"":{""Retry-After"":""120""},""provider_name"":null}}","{""type"":""session"",""version"":3,""id"":""01a0b602-dbae-78b9-9c61-d2500edf448b"",""timestamp"":""2026-09-18T19:33:55.758Z"",""cwd"":""/private/var/folders/nw/6_9204g535s835kn__nfthxh0000gn/T/router-repo-context-37hl9f6z""}
{""type"":""agent_start""}
{""type"":""turn_start""}
{""type"":""message_start"",""message"":{""role"":""user"",""content"":[{""type"":""text"",""text"":""GPX smooth method not removing extreme points when expected\n\n#### Description\n\nWhen calling `gpx.smooth()` with `remove_extremes=True`, the method doesn't remove extreme points as expected in certain configurations.\n\n#### Steps/Code to Reproduce\n\n```python\nimport gpxpy.parser as mod_parser\n\nwith open('test_files/track-with-extremes.gpx') as f:\n    parser = mod_parser.GPXParser(f)\ngpx = parser.parse()\n\npoints_before = gpx.get_track_points_no()\ngpx.smooth(vertical=True, horizontal=False, remove_extremes=False)\npoints_after = gpx.get_track_points_no()\n\nprint(f\""Points before: {points_before}\"")\nprint(f\""Points after: {points_after}\"")\n# Expected: points_before - 2 == points_after when remove_extremes=True\n# Actual: points remain the same when remove_extremes=False\n```\n\nThe issue occurs when using specific parameter combinations for the smooth method. The number of points should be reduced when `remove_extremes=True` is set, but this doesn't happen consistently across different smoothing configurations.\n\nThe repository is checked out in your current working directory, at the state before this issue was fixed. Use your available tools to explore the codebase, understand the issue, and make the necessary changes directly using your edit/write tools — actually modify the files; do not just describe or show the fix in your response. Your final message does not need to include any code or diff — the changes you make to the files are the submission. Keep your change as small and targeted as possible — modify only what's strictly necessary to fix the described issue; do not update changelogs, CI configuration, documentat ...[7414 more chars]",1807,0,0,0.0,0
tobymao__sqlglot.036601ba.combine_module__qxsd17ky,swe-smith,13,calibration,google/gemma-4-31b-it,openrouter,error_harness,"402: {""message"":""This request would exceed your available credits given your current in-flight requests. Retry after in-flight requests settle, or add credits."",""code"":402,""metadata"":{""reason"":""in_flight_budget_exhausted"",""limit_source"":""openrouter_in_flight_budget"",""remedy_hint"":""Retry after your in-flight requests settle (see the Retry-After header). Adding credits at https://openrouter.ai/settings/credits raises your in-flight budget, up to a capped ceiling."",""headers"":{""Retry-After"":""120""},""provider_name"":null}}","{""type"":""session"",""version"":3,""id"":""01a0b602-e4bf-7783-b46b-dcb3c83220e5"",""timestamp"":""2026-09-18T19:33:58.079Z"",""cwd"":""/private/var/folders/nw/6_9204g535s835kn__nfthxh0000gn/T/router-repo-context-2tfiwis7""}
{""type"":""agent_start""}
{""type"":""turn_start""}
{""type"":""message_start"",""message"":{""role"":""user"",""content"":[{""type"":""text"",""text"":""Hive schema SQL generation broken after recent changes\n\n#### Description\n\nThe Hive dialect's `schema_sql` method is generating incorrect SQL output. When creating tables with column definitions, the schema is not being properly formatted.\n\n#### Steps/Code to Reproduce\n\n```python\nimport sqlglot\nfrom sqlglot import exp\n\n# Create a simple table schema\nsql = \""CREATE TABLE test (id INT, name STRING)\""\nparsed = sqlglot.parse_one(sql, dialect=\""hive\"")\ngenerated = parsed.sql(dialect=\""hive\"")\nprint(f\""Generated: {generated}\"")\n```\n\nExpected output should include proper table schema formatting, but the current implementation produces malformed SQL.\n\nThe issue appears to affect table creation statements where column definitions need to be properly enclosed and formatted according to Hive syntax requirements.\n\nThe repository is checked out in your current working directory, at the state before this issue was fixed. Use your available tools to explore the codebase, understand the issue, and make the necessary changes directly using your edit/write tools — actually modify the files; do not just describe or show the fix in your response. Your final message does not need to include any code or diff — the changes you make to the files are the submission. Keep your change as small and targeted as possible — modify only what's strictly necessary to fix the described issue; do not update changelogs, CI configuration, documentation, test files, or unrelated code as part of this fix.""}],""timestamp"":1789760038131}}
{""type"":""message_end"",""message"":{""role"":""user"",""content"":[{""type"":""text"",""text"":""Hive schema SQL generation broken after ...[6793 more chars]",2441,0,0,0.0,0
tobymao__sqlglot.036601ba.func_pm_remove_assign__75uwuq84,swe-smith,13,calibration,google/gemma-4-31b-it,openrouter,error_harness,"402: {""message"":""This request would exceed your available credits given your current in-flight requests. Retry after in-flight requests settle, or add credits."",""code"":402,""metadata"":{""reason"":""in_flight_budget_exhausted"",""limit_source"":""openrouter_in_flight_budget"",""remedy_hint"":""Retry after your in-flight requests settle (see the Retry-After header). Adding credits at https://openrouter.ai/settings/credits raises your in-flight budget, up to a capped ceiling."",""headers"":{""Retry-After"":""120""},""provider_name"":null}}","{""type"":""session"",""version"":3,""id"":""01a0b602-eee7-7048-9e90-83f5eb0cecd7"",""timestamp"":""2026-09-18T19:34:00.679Z"",""cwd"":""/private/var/folders/nw/6_9204g535s835kn__nfthxh0000gn/T/router-repo-context-983i545v""}
{""type"":""agent_start""}
{""type"":""turn_start""}
{""type"":""message_start"",""message"":{""role"":""user"",""content"":[{""type"":""text"",""text"":""NameError in simplify optimizer when processing integer casts\n\n#### Description\n\nThe simplify optimizer is throwing a `NameError: name 'num' is not defined` when processing certain SQL expressions that contain integer casts.\n\n#### Steps/Code to Reproduce\n\n```python\nimport sqlglot\nfrom sqlglot.optimizer import simplify\n\n# This will raise NameError: name 'num' is not defined\nsql = \""SELECT CAST(123 AS INT) FROM table1\""\nparsed = sqlglot.parse_one(sql)\nsimplified = simplify.simplify(parsed)\n```\n\nThe error occurs when the simplify optimizer tries to process cast expressions with integer literals. The issue appears to be in the `_simplify_integer_cast` function where a variable `num` is referenced but not defined in the current scope.\n\nThe repository is checked out in your current working directory, at the state before this issue was fixed. Use your available tools to explore the codebase, understand the issue, and make the necessary changes directly using your edit/write tools — actually modify the files; do not just describe or show the fix in your response. Your final message does not need to include any code or diff — the changes you make to the files are the submission. Keep your change as small and targeted as possible — modify only what's strictly necessary to fix the described issue; do not update changelogs, CI configuration, documentation, test files, or unrelated code as part of this fix.""}],""timestamp"":1789760040727}}
{""type"":""message_end"",""message"":{""role"":""user"",""content"":[{""type"":""text"",""text"":""NameError in simplify optimizer when processing integer casts\n\n#### Description\n\nThe simplify optimizer is thr ...[97666 more chars]",12008,0,0,0.0,0
tox-dev__pipdeptree.c31b6418.func_basic__e9pokoro,swe-smith,11,calibration,google/gemma-4-31b-it,openrouter,error_harness,"402: {""message"":""This request would exceed your available credits given your current in-flight requests. Retry after in-flight requests settle, or add credits."",""code"":402,""metadata"":{""reason"":""in_flight_budget_exhausted"",""limit_source"":""openrouter_in_flight_budget"",""remedy_hint"":""Retry after your in-flight requests settle (see the Retry-After header). Adding credits at https://openrouter.ai/settings/credits raises your in-flight budget, up to a capped ceiling."",""headers"":{""Retry-After"":""120""},""provider_name"":null}}","{""type"":""session"",""version"":3,""id"":""01a0b603-1b18-7212-923b-1ca5ef95b2bb"",""timestamp"":""2026-09-18T19:34:11.992Z"",""cwd"":""/private/var/folders/nw/6_9204g535s835kn__nfthxh0000gn/T/router-repo-context-7paehxdi""}
{""type"":""agent_start""}
{""type"":""turn_start""}
{""type"":""message_start"",""message"":{""role"":""user"",""content"":[{""type"":""text"",""text"":""ReqPackage render_as_root returns wrong output when frozen=True\n\nDescription\n\nWhen using the frozen flag with ReqPackage.render_as_root(), the method returns incorrect output. The logic appears to be inverted - when frozen=True it should return the frozen representation but instead returns the version format, and vice versa.\n\nSteps/Code to Reproduce\n\n```python\nfrom unittest.mock import Mock, MagicMock\nfrom pipdeptree._models.package import ReqPackage\n\n# Create a mock distribution and requirement\nbar = Mock(metadata={'Name': 'bar'}, version='4.1.0')\nbar_req = MagicMock(specifier=['>=4.0'])\nbar_req.name = 'bar'\n\n# Create ReqPackage instance\nrp = ReqPackage(bar_req, dist=bar)\n\n# Test frozen=True (should return frozen representation)\nprint(\""frozen=True:\"", rp.render_as_root(frozen=True))\n# Expected: frozen representation from as_frozen_repr()\n# Actual: bar==4.1.0\n\n# Test frozen=False (should return version format)  \nprint(\""frozen=False:\"", rp.render_as_root(frozen=False))\n# Expected: bar==4.1.0\n# Actual: frozen representation or installed_version\n```\n\nThe behavior is backwards from what's expected based on the frozen parameter.\n\nThe repository is checked out in your current working directory, at the state before this issue was fixed. Use your available tools to explore the codebase, understand the issue, and make the necessary changes directly using your edit/write tools — actually modify the files; do not just describe or show the fix in your response. Your final message does not need to include any code or diff — the changes you make to the files are the submission. Keep your change as small and targeted ...[7819 more chars]",1624,0,0,0.0,0
tox-dev__pipdeptree.c31b6418.func_basic__ytrdin4t,swe-smith,11,calibration,google/gemma-4-31b-it,openrouter,error_harness,"402: {""message"":""This request would exceed your available credits given your current in-flight requests. Retry after in-flight requests settle, or add credits."",""code"":402,""metadata"":{""reason"":""in_flight_budget_exhausted"",""limit_source"":""openrouter_in_flight_budget"",""remedy_hint"":""Retry after your in-flight requests settle (see the Retry-After header). Adding credits at https://openrouter.ai/settings/credits raises your in-flight budget, up to a capped ceiling."",""headers"":{""Retry-After"":""120""},""provider_name"":null}}","{""type"":""session"",""version"":3,""id"":""01a0b603-217d-7be2-b1b0-c2857c3dddf6"",""timestamp"":""2026-09-18T19:34:13.629Z"",""cwd"":""/private/var/folders/nw/6_9204g535s835kn__nfthxh0000gn/T/router-repo-context-eayz0aua""}
{""type"":""agent_start""}
{""type"":""turn_start""}
{""type"":""message_start"",""message"":{""role"":""user"",""content"":[{""type"":""text"",""text"":""Package lookup fails with case-sensitive package names\n\nDescription\n\nWhen using pipdeptree with packages that have mixed case names, the package lookup functionality breaks. The internal index uses uppercase keys but the original package keys remain in their original case, causing lookups to fail.\n\nSteps/Code to Reproduce\n\n```python\nfrom pipdeptree._models.dag import PackageDAG\nfrom pipdeptree._models.package import DistPackage\n\n# Create a mock package with mixed case name\nclass MockDistPackage:\n    def __init__(self, name):\n        self.key = name.lower().replace('_', '-')  # PEP 503 normalized\n        self.project_name = name\n\n# This will fail to find the package\ndag_dict = {}\npkg = MockDistPackage(\""MyPackage\"")\ndag_dict[pkg] = []\n\ndag = PackageDAG(dag_dict)\nresult = dag.get_node_as_parent(\""mypackage\"")  # Should find the package but returns None\n```\n\nThe issue occurs because the internal `_index` dictionary uses `p.key.upper()` for keys, but when looking up packages, the search uses the original case-sensitive key format. This breaks package filtering, dependency resolution, and other core functionality that relies on finding packages by name.\n\nThe repository is checked out in your current working directory, at the state before this issue was fixed. Use your available tools to explore the codebase, understand the issue, and make the necessary changes directly using your edit/write tools — actually modify the files; do not just describe or show the fix in your response. Your final message does not need to include any code or diff — the changes you make to the files are the submission. Keep your change as ...[7876 more chars]",1732,0,0,0.0,0
tweepy__tweepy.91a41c6e.func_basic__9wf6wv30,swe-smith,10,calibration,google/gemma-4-31b-it,openrouter,error_harness,"402: {""message"":""This request would exceed your available credits given your current in-flight requests. Retry after in-flight requests settle, or add credits."",""code"":402,""metadata"":{""reason"":""in_flight_budget_exhausted"",""limit_source"":""openrouter_in_flight_budget"",""remedy_hint"":""Retry after your in-flight requests settle (see the Retry-After header). Adding credits at https://openrouter.ai/settings/credits raises your in-flight budget, up to a capped ceiling."",""headers"":{""Retry-After"":""120""},""provider_name"":null}}","{""type"":""session"",""version"":3,""id"":""01a0b603-290e-7cef-89f0-66a8c22d3540"",""timestamp"":""2026-09-18T19:34:15.566Z"",""cwd"":""/private/var/folders/nw/6_9204g535s835kn__nfthxh0000gn/T/router-repo-context-wfxwsms0""}
{""type"":""agent_start""}
{""type"":""turn_start""}
{""type"":""message_start"",""message"":{""role"":""user"",""content"":[{""type"":""text"",""text"":""### Issue: `get_lists` API Method Fails\n\n#### Description\n\nAfter a recent change, calling the `get_lists` method on the API is resulting in an error. This seems to be related to the HTTP method being used for the request.\n\n#### Steps/Code to Reproduce\n\n```python\nimport tweepy\n\n# Assuming authentication is already handled\napi = tweepy.API(auth)\n\ntry:\n    api.get_lists()\nexcept Exception as e:\n    print(\""Error:\"", e)\n```\n\n#### Expected Behavior\n\nThe `get_lists` method should return a list of Twitter lists associated with the authenticated user.\n\n#### Actual Behavior\n\nAn error is raised when attempting to call `get_lists`.\n\n#### Environment\n\n- Python version: 3.10.16\n- Tweepy version: [insert version]\n- Operating System: [insert OS]\n\nPlease let me know if you need more information to reproduce the issue.\n\nThe repository is checked out in your current working directory, at the state before this issue was fixed. Use your available tools to explore the codebase, understand the issue, and make the necessary changes directly using your edit/write tools — actually modify the files; do not just describe or show the fix in your response. Your final message does not need to include any code or diff — the changes you make to the files are the submission. Keep your change as small and targeted as possible — modify only what's strictly necessary to fix the described issue; do not update changelogs, CI configuration, documentation, test files, or unrelated code as part of this fix.""}],""timestamp"":1789760055617}}
{""type"":""message_end"",""message"":{""role"":""user"",""content"":[{""type"":""text"",""text"":""### Issue: `get_lists` A ...[6838 more chars]",1824,0,0,0.0,0
vi3k6i5__flashtext.b316c7e9.lm_rewrite__tsg6ubtt,swe-smith,5,calibration,google/gemma-4-31b-it,openrouter,error_harness,"402: {""message"":""This request would exceed your available credits given your current in-flight requests. Retry after in-flight requests settle, or add credits."",""code"":402,""metadata"":{""reason"":""in_flight_budget_exhausted"",""limit_source"":""openrouter_in_flight_budget"",""remedy_hint"":""Retry after your in-flight requests settle (see the Retry-After header). Adding credits at https://openrouter.ai/settings/credits raises your in-flight budget, up to a capped ceiling."",""headers"":{""Retry-After"":""120""},""provider_name"":null}}","{""type"":""session"",""version"":3,""id"":""01a0b603-2f46-75cc-8138-31de82c9488e"",""timestamp"":""2026-09-18T19:34:17.158Z"",""cwd"":""/private/var/folders/nw/6_9204g535s835kn__nfthxh0000gn/T/router-repo-context-cbqx07wi""}
{""type"":""agent_start""}
{""type"":""turn_start""}
{""type"":""message_start"",""message"":{""role"":""user"",""content"":[{""type"":""text"",""text"":""KeyError when checking if a term is in KeywordProcessor\n\n#### Description\nWhen checking if a term is in the `KeywordProcessor` using the `in` operator, a `KeyError` is raised instead of returning `False` for terms that don't exist.\n\n#### Steps to Reproduce\n\n```python\nfrom flashtext import KeywordProcessor\n\n# Create a keyword processor and add some keywords\nkeyword_processor = KeywordProcessor()\nkeyword_processor.add_keyword('j2ee', 'Java')\nkeyword_processor.add_keyword('colour', 'color')\n\n# This works fine\nprint('colour' in keyword_processor)  # True\n\n# This raises KeyError instead of returning False\nprint('nonexistent' in keyword_processor)\n```\n\n#### Expected Results\nWhen checking if a term that doesn't exist is in the `KeywordProcessor` using the `in` operator, it should return `False`.\n\n#### Actual Results\nA `KeyError` is raised:\n\n```\nKeyError: 'nonexistent'\n```\n\nThis breaks the expected dictionary-like behavior where the `in` operator should return a boolean value, not raise an exception.\n\nThe same issue occurs with case-sensitive keyword processors:\n\n```python\nkeyword_processor = KeywordProcessor(case_sensitive=True)\nkeyword_processor.add_keyword('j2ee', 'Java')\n\n# This raises KeyError instead of returning False\nprint('J2ee' in keyword_processor)\n```\n\nThe repository is checked out in your current working directory, at the state before this issue was fixed. Use your available tools to explore the codebase, understand the issue, and make the necessary changes directly using your edit/write tools — actually modify the files; do not just describe or show the fix in your response. Your final m ...[26810 more chars]",5473,0,0,0.0,0
weaveworks__grafanalib.5c3b17ed.func_basic__65xyna4g,swe-smith,21,calibration,google/gemma-4-31b-it,openrouter,error_harness,"402: {""message"":""This request would exceed your available credits given your current in-flight requests. Retry after in-flight requests settle, or add credits."",""code"":402,""metadata"":{""reason"":""in_flight_budget_exhausted"",""limit_source"":""openrouter_in_flight_budget"",""remedy_hint"":""Retry after your in-flight requests settle (see the Retry-After header). Adding credits at https://openrouter.ai/settings/credits raises your in-flight budget, up to a capped ceiling."",""headers"":{""Retry-After"":""120""},""provider_name"":null}}","{""type"":""session"",""version"":3,""id"":""01a0b603-4501-71d5-9602-0a0cd4013445"",""timestamp"":""2026-09-18T19:34:22.721Z"",""cwd"":""/private/var/folders/nw/6_9204g535s835kn__nfthxh0000gn/T/router-repo-context-lnqf2sb0""}
{""type"":""agent_start""}
{""type"":""turn_start""}
{""type"":""message_start"",""message"":{""role"":""user"",""content"":[{""type"":""text"",""text"":""# Alert groups not showing in console output\n\nGrafanalib version: latest from main branch\n\n## Description\n\nWhen generating alert groups using the `print_alertgroup` function, the output is not being displayed in the console as expected. This affects the functionality of the `generate_alertgroup` command.\n\n## Steps to reproduce\n\n1. Create an alert group definition file (e.g., `my_alert.alertgroup.py`)\n2. Run the command to generate the alert group:\n   ```\n   generate-alertgroups my_alert.alertgroup.py\n   ```\n\n## Expected behavior\n\nThe alert group JSON should be printed to the console (stdout), allowing it to be captured or viewed.\n\n## Actual behavior\n\nNo output is visible in the console. The command appears to run successfully, but the alert group definition is not displayed.\n\n## Additional information\n\nThis issue affects all alert group generation. I've verified this with multiple alert group definition files.\n\nA simple reproduction script:\n```python\nfrom grafanalib import _gen\nfrom grafanalib.core import Dashboard, AlertGroup\n\n# Create a simple dashboard with an alert group\ndashboard = Dashboard(title=\""Test Dashboard\"")\nalert_group = AlertGroup(name=\""Test Alert Group\"")\n\n# This should print the alert group to stdout\n_gen.print_alertgroup(dashboard)\n\n# No output is visible\n```\n\nThe repository is checked out in your current working directory, at the state before this issue was fixed. Use your available tools to explore the codebase, understand the issue, and make the necessary changes directly using your edit/write tools — actually modify the files; do not just describe or show the fix in your ...[8317 more chars]",1662,0,0,0.0,0
